project_id,project_name,sector,ministry,state,district,implementing_agency,sanctioned_cost,revised_cost,actual_expenditure,sanctioned_duration,actual_duration,start_date,expected_end_date,revised_end_date,physical_progress,financial_progress,contractor_name,revision_count,funding_source,land_acquisition_status,environment_clearance,forest_clearance,utility_shifting_status,tender_type,no_of_extensions,last_inspection_date,inspection_score,disputes_count,cost_overrun_flag,time_overrun_flag,cost_overrun_pct,time_overrun_pct,risk_score,risk_category
PROJ-706718,C/o NITB Imphal Airport,Aviation & Aviation Infrastructure,Ministry of Civil Aviation,Manipur,Imphal,Airport Authority of India [AAI],499.0,499.0,212.17,32,62,2021-11-01,2024-07-13,2026-12-31,53.0,42.52,Megha Engineering (MEIL),4,Externally Aided,Complete,Obtained,Pending,Partial,Limited,2,2026-04-09,6.0,0,0,1,0.0,93.75,37.9,Medium
PROJ-701121,Construction of New Domestic Terminal Building at Rajahmundry Airport.,Aviation & Aviation Infrastructure,Ministry of Civil Aviation,Andhra Pradesh,Rajahmundry,Airport Authority of India [AAI],347.0,347.0,189.48,31,44,2022-12-30,2025-08-13,2026-08-25,96.0,54.61,Larsen & Toubro Ltd,1,PPP,Complete,Pending,Pending,Complete,Open,5,2026-04-12,3.9,0,0,1,0.0,41.94,27.1,Low
PROJ-701101,"Construction of New Domestic Terminal Building [Phase-I and II] and other allied structures at JPNI Airport, Patna",Aviation & Aviation Infrastructure,Ministry of Civil Aviation,Bihar,Patna,Airport Authority of India [AAI],1217.0,1216.9,1203.48,92,95,2018-10-04,2026-05-31,2026-08-31,99.0,98.89,Ashoka Buildcon Ltd,1,Central,Complete,Obtained,Not Required,Complete,Single,0,2026-05-06,8.6,0,0,0,0.0,3.26,8.0,Low
PROJ-612788,Construction of New Domestic Terminal Building and Miscellaneous Works at Belagavi Airport.,Aviation & Aviation Infrastructure,Ministry of Civil Aviation,Karnataka,Belagavi,Airport Authority of India [AAI],322.0,322.0,240.99,32,39,2023-06-02,2026-02-01,2026-08-31,97.0,74.84,IRB Infrastructure Developers,4,Externally Aided,Complete,Pending,Pending,Not Started,Open,3,2026-03-01,6.7,1,0,1,0.0,21.88,22.5,Low
PROJ-612787,Construction of New Domestic Terminal Building and Miscellaneous works at Hubli Airport,Aviation & Aviation Infrastructure,Ministry of Civil Aviation,Sikkim,Gangtok,Airport Authority of India [AAI],320.0,320.0,169.11,32,40,2023-06-02,2026-01-21,2026-09-30,88.0,52.85,Patel Engineering,3,Central,Complete,Pending,Obtained,Not Started,Open,3,2026-01-07,4.6,3,0,1,0.0,25.0,23.2,Low
PROJ-612786,"Construction of New Domestic Terminal Building Building and miscellaneous works including maintenance, operations and AICMC at Kadapa Airport",Aviation & Aviation Infrastructure,Ministry of Civil Aviation,Andhra Pradesh,Kadapa,Airport Authority of India [AAI],266.0,266.0,176.38,35,43,2023-03-10,2026-01-27,2026-09-30,80.0,66.31,IRCON International,3,Central,Not Started,Pending,Pending,Partial,Limited,2,2026-05-08,5.1,0,0,1,0.0,22.86,22.2,Low
PROJ-701128,Construction of New Integrated Passenger Terminal Building at Udaipur Airport,Aviation & Aviation Infrastructure,Ministry of Civil Aviation,Rajasthan,Udaipur,Airport Authority of India [AAI],887.0,887.0,587.22,33,39,2023-06-21,2026-03-10,2026-09-26,79.0,66.2,IRB Infrastructure Developers,3,Externally Aided,Not Started,Pending,Pending,Partial,Open,1,2026-01-25,5.4,1,0,1,0.0,18.18,20.3,Low
PROJ-701107,Construction of New Integrated Terminal Building and associated works including apron to park 3 code E type of aircraft or 6 code C type of aircraft at Vijayawada Airport.,Aviation & Aviation Infrastructure,Ministry of Civil Aviation,Andhra Pradesh,Vijayawada,Airport Authority of India [AAI],612.0,824.28,572.99,27,77,2020-06-17,2022-09-04,2026-11-10,90.0,69.51,KNR Constructions Ltd,2,State,Partial,Pending,Not Required,Partial,Limited,3,2026-04-23,6.0,1,1,1,34.69,185.19,54.7,Medium
PROJ-701127,Construction of New Passenger Terminal Building for Domestic Operations at Jodhpur Airport.,Aviation & Aviation Infrastructure,Ministry of Civil Aviation,Rajasthan,Jodhpur,Airport Authority of India [AAI],480.0,480.0,348.2,46,48,2022-06-01,2026-03-31,2026-06-15,100.0,72.54,Ashoka Buildcon Ltd,0,Central,Complete,Obtained,Not Required,Complete,Open,0,2026-03-26,9.0,0,0,0,0.0,4.35,8.0,Low
PROJ-611047,"Construction of NTB complex including apron, taxi track and other associated civil works and electrical & mechanical installations towards Tawi River side at CA Jammu.",Aviation & Aviation Infrastructure,Ministry of Civil Aviation,Jammu and Kashmir,Jammu,Airport Authority of India [AAI],861.0,861.37,370.44,32,38,2023-10-10,2026-06-21,2026-11-30,58.0,43.01,Shapoorji Pallonji Co,4,State,Complete,Obtained,Not Required,Complete,Open,3,2026-05-08,4.0,2,0,1,0.04,18.75,17.7,Low
PROJ-400010,"Construction of Terminal Building & Associated works at Leh Airport, Ladakh",Aviation & Aviation Infrastructure,Ministry of Civil Aviation,Ladakh,Leh,Airport Authority of India [AAI],480.0,640.0,512.55,38,96,2018-07-27,2021-09-14,2026-07-31,88.0,80.09,Shapoorji Pallonji Co,2,Central,Not Started,Pending,Pending,Not Started,Open,5,2026-02-11,6.1,2,1,1,33.33,152.63,61.6,Medium
PROJ-612789,"Development of additional RESA on either end on Runway 10-28 at Calicut Airport. Construction of embankment with slope protection, drainage system and associated works for additional RESA on either end on Runway 10-28",Aviation & Aviation Infrastructure,Ministry of Civil Aviation,Kerala,Calicut,Airport Authority of India [AAI],485.0,485.0,242.51,28,43,2023-06-07,2025-09-28,2026-12-31,66.0,50.0,KNR Constructions Ltd,3,State,Partial,Pending,Pending,Not Started,Open,4,2026-05-08,4.1,2,0,1,0.0,53.57,39.2,Medium
PROJ-701126,"Development of Dholera International Greenfield Airport , Gujarat",Aviation & Aviation Infrastructure,Ministry of Civil Aviation,Gujarat,Dholera,Airport Authority of India [AAI],1305.0,1551.0,966.36,49,52,2022-06-14,2026-06-30,2026-09-30,88.0,62.31,Megha Engineering (MEIL),4,Externally Aided,Not Started,Obtained,Not Required,Complete,Limited,2,2026-06-14,5.1,2,1,0,18.85,6.12,23.4,Low
PROJ-619054,Development of Keshod Airport.,Aviation & Aviation Infrastructure,Ministry of Civil Aviation,Gujarat,Keshod,Airport Authority of India [AAI],363.0,363.0,108.64,37,37,2024-01-12,2027-01-31,2027-01-31,47.0,29.93,Adani Infra Ltd,0,State,Partial,Obtained,Obtained,Complete,Open,0,2026-06-05,7.7,1,0,0,0.0,0.0,8.0,Low
PROJ-701113,"Development of Lal Bahadur Shastri International airport, Varanasi including C/o New Terminal Building, Apron Extension, Runway Extension, PTT and allied works.",Aviation & Aviation Infrastructure,Ministry of Civil Aviation,Uttar Pradesh,Varanasi,Airport Authority of India [AAI],2870.0,2870.0,746.93,37,37,2024-07-04,2027-07-20,2027-07-20,33.0,26.03,NCC Limited,0,PPP,Partial,Obtained,Obtained,Complete,Open,1,2026-04-11,7.1,1,0,0,0.0,0.0,8.0,Low
PROJ-612194,Development of New Civil Enclave and associated works at Darbhanga Airport,Aviation & Aviation Infrastructure,Ministry of Civil Aviation,Bihar,Darbhanga,Airport Authority of India [AAI],912.0,912.0,426.22,24,29,2024-07-03,2026-07-11,2026-11-30,71.0,46.73,PNC Infratech Ltd,4,State,Partial,Pending,Not Required,Complete,Open,5,2026-06-26,5.8,2,0,1,0.0,20.83,22.7,Low
PROJ-611495,Development of New Civil Enclave at Bagdogra Airport,Aviation & Aviation Infrastructure,Ministry of Civil Aviation,West Bengal,Bagdogra,Airport Authority of India [AAI],1549.0,1549.0,548.3,30,30,2024-08-29,2027-03-07,2027-03-06,28.0,35.4,Afcons Infrastructure,0,Externally Aided,Complete,Obtained,Obtained,Complete,Open,0,2026-08-09,7.2,0,0,0,0.0,0.0,8.0,Low
PROJ-612183,Development of New Civil Enclave at Bihta,Aviation & Aviation Infrastructure,Ministry of Civil Aviation,Bihar,Bihta,Airport Authority of India [AAI],1413.0,1413.0,15.53,31,31,2024-08-28,2027-03-31,2027-03-31,4.0,1.1,Patel Engineering,1,PPP,Complete,Not Required,Obtained,Complete,Single,0,2026-04-01,8.6,1,0,0,0.0,0.0,8.0,Low
PROJ-618977,"Development of New Greenfield Airport at Bundi, Kota Rajasthan.",Aviation & Aviation Infrastructure,Ministry of Civil Aviation,Rajasthan,Kota,Airport Authority of India [AAI],1507.0,1507.0,81.41,26,26,2025-08-29,2027-10-19,2027-11-13,14.0,5.4,Megha Engineering (MEIL),0,State,Complete,Obtained,Obtained,Complete,Single,1,2026-04-22,7.6,0,0,0,0.0,0.0,8.0,Low
PROJ-701122,Development of New Integrated Civil Enclave at Agra Airport,Aviation & Aviation Infrastructure,Ministry of Civil Aviation,Uttar Pradesh,Agra,Airport Authority of India [AAI],579.0,579.0,224.58,25,29,2024-06-18,2026-07-04,2026-11-30,45.0,38.79,IRCON International,1,Externally Aided,Complete,Pending,Obtained,Not Started,Open,3,2026-08-03,3.9,0,0,1,0.0,16.0,13.8,Low
PROJ-706724,Guwahati Airport New Integrated Terminal Building Construction Project,Aviation & Aviation Infrastructure,Ministry of Civil Aviation,Assam,Guwahati,Adani Airport Holdings Limited,1712.0,2520.0,2670.23,100,115,2016-12-01,2025-03-31,2026-06-30,100.0,100.0,Shapoorji Pallonji Co,4,State,Not Started,Pending,Not Required,Complete,Limited,4,2026-04-15,7.1,0,1,1,47.2,15.0,41.2,Medium
PROJ-611602,"Modernization of Chennai Airport, Phase II, Part 2",Aviation & Aviation Infrastructure,Ministry of Civil Aviation,Tamil Nadu,Chennai,Airport Authority of India [AAI],1207.0,1207.0,331.85,87,104,2018-05-14,2025-07-31,2026-12-31,46.0,27.49,Larsen & Toubro Ltd,4,PPP,Not Started,Obtained,Not Required,Partial,Single,2,2026-06-04,6.7,0,0,1,0.0,19.54,18.9,Low
PROJ-612791,"Re-Construction of Rigid portions of Secondary Runway, K and A Taxiway and Strengthening of C Taxiway at NSCBI Airport Kolkata.",Aviation & Aviation Infrastructure,Ministry of Civil Aviation,West Bengal,Kolkata,Airport Authority of India [AAI],328.0,328.0,153.52,31,42,2023-03-04,2025-10-02,2026-08-31,74.0,46.8,IRB Infrastructure Developers,4,Central,Not Started,Obtained,Obtained,Complete,Open,5,2026-03-15,7.0,0,0,1,0.0,35.48,28.5,Low
PROJ-611570,"SITC of ATM Automation System and ASMGCS [Including SMR & MLAT] for Mumbai, Navi Mumbai, Jewar [earlier MOPA, without ASMGCS], HIAL & BIAL",Aviation & Aviation Infrastructure,Ministry of Civil Aviation,Maharashtra,Mumbai,Airport Authority of India [AAI],500.0,500.0,399.77,57,68,2020-12-18,2025-09-11,2026-08-31,80.0,79.95,Tata Projects Ltd,3,Central,Complete,Pending,Obtained,Partial,Limited,2,2026-08-08,5.4,0,0,1,0.0,19.3,15.4,Low
PROJ-612793,"Widening of basic strip at Western Side of Runway Chainage 80m to 920m i/c slope stabilization Measures [Balance work] of uphill and Improvement of Storm Water Drainage System at Pakyong Airport, Sikkim on design & build basis [EPC] with integrated 10 years maintenance.",Aviation & Aviation Infrastructure,Ministry of Civil Aviation,Sikkim,Gangtok,Airport Authority of India [AAI],323.0,323.0,87.61,30,43,2023-11-21,2026-06-02,2027-06-30,36.0,27.12,Afcons Infrastructure,4,State,Partial,Pending,Obtained,Complete,Single,2,2026-03-16,5.1,0,0,1,0.0,43.33,29.2,Low
PROJ-613800,JAGANNATHPUR OC RCE PROJECT,Coal,Ministry of Coal,Madhya Pradesh,Ujjain,SECL - CIL,459.0,459.0,290.4,104,128,2016-07-25,2025-03-31,2027-03-31,96.0,63.27,Afcons Infrastructure,1,PPP,Not Started,Pending,Obtained,Complete,Single,1,2026-02-23,4.5,3,0,1,0.0,23.08,20.6,Low
PROJ-400142,Pachwara South Coal Block,Coal,Ministry of Coal,Meghalaya,Tura,NLC India Limited,2243.0,2243.0,1432.45,151,151,2016-03-10,2028-09-30,2028-09-30,87.0,63.86,GMR Infrastructure,0,State,Complete,Obtained,Obtained,Complete,Single,1,2026-05-14,7.5,1,0,0,0.0,0.0,8.0,Low
PROJ-616223,ADASA UG TO OC MINE,Coal,Ministry of Coal,Uttar Pradesh,Ayodhya,WCL - CIL,316.0,316.0,209.29,64,100,2018-11-16,2024-03-31,2027-03-31,86.0,66.23,Adani Infra Ltd,4,Externally Aided,Complete,Pending,Pending,Partial,Limited,3,2026-06-28,5.8,0,0,1,0.0,56.25,35.5,Medium
PROJ-400148,AMADAND OCP[4.0MTY],Coal,Ministry of Coal,Sikkim,Gangtok,SECL - CIL,869.0,869.0,325.09,61,133,2016-03-05,2021-03-31,2027-03-31,75.0,37.41,Adani Infra Ltd,2,Central,Partial,Obtained,Not Required,Complete,Open,4,2026-03-24,4.1,1,0,1,0.0,118.03,38.4,Medium
PROJ-616229,AMAL GONDEGAON GHATROHANA EXPN,Coal,Ministry of Coal,Tamil Nadu,Tirunelveli,WCL - CIL,669.0,669.0,2.95,55,55,2024-09-10,2029-03-31,2029-03-31,3.0,0.44,Larsen & Toubro Ltd,0,Central,Complete,Obtained,Obtained,Complete,Open,0,2026-04-13,7.9,0,0,0,0.0,0.0,8.0,Low
PROJ-611864,AMALAGAMATED NTST KUJAMA OCP 8.5MTY,Coal,Ministry of Coal,Jharkhand,Bokaro,Bharat Coking Coal Limited (BCCL),4012.0,4012.0,414.97,87,87,2023-01-04,2030-03-31,2030-03-31,31.0,10.34,Patel Engineering,0,State,Partial,Obtained,Obtained,Complete,Open,0,2026-07-26,7.9,0,0,0,0.0,0.0,8.0,Low
PROJ-615185,AMALGAMATED DHANKASA & JAMUNIA,Coal,Ministry of Coal,Nagaland,Dimapur,WCL - CIL,399.0,399.0,117.2,54,54,2022-09-19,2027-03-31,2027-03-31,67.0,29.37,Adani Infra Ltd,0,PPP,Partial,Obtained,Not Required,Complete,Open,0,2026-05-24,8.5,0,0,0,0.0,0.0,8.0,Low
PROJ-616050,AMALGAMATED INDER-KAMPTEE DEEP,Coal,Ministry of Coal,Sikkim,Gangtok,WCL - CIL,236.0,236.0,128.49,66,102,2018-09-22,2024-03-31,2027-03-31,99.0,54.44,Adani Infra Ltd,4,PPP,Partial,Obtained,Obtained,Complete,Open,1,2026-02-03,6.9,1,0,1,0.0,54.55,32.9,Low
PROJ-400177,AMALGAMATED YEKONA I & YEKONA,Coal,Ministry of Coal,Tamil Nadu,Salem,WCL - CIL,727.0,727.0,564.25,116,140,2015-08-12,2025-03-31,2027-03-31,81.0,77.61,IRCON International,4,Externally Aided,Complete,Pending,Not Required,Partial,Limited,3,2026-01-31,4.9,3,0,1,0.0,20.69,20.8,Low
PROJ-613798,AMERA OC RCE [1.0 MTY],Coal,Ministry of Coal,Delhi,North Delhi,SECL - CIL,336.0,336.0,91.91,134,134,2015-02-04,2026-03-31,2026-03-31,42.0,27.35,Megha Engineering (MEIL),0,Central,Complete,Obtained,Obtained,Partial,Limited,0,2026-06-28,9.3,0,0,0,0.0,0.0,8.0,Low
PROJ-613799,AMGAON OC RCE [1.0 MTY],Coal,Ministry of Coal,Ladakh,Leh,SECL - CIL,316.0,316.0,193.0,128,128,2015-07-25,2026-03-31,2026-03-31,79.0,61.08,IRB Infrastructure Developers,1,Central,Partial,Obtained,Obtained,Partial,Open,1,2026-06-29,8.0,1,0,0,0.0,0.0,8.0,Low
PROJ-615916,AMLG GAURI PAUNI EXPANSION OC,Coal,Ministry of Coal,Telangana,Hyderabad,WCL - CIL,1225.0,1225.0,92.02,71,71,2024-04-26,2030-03-31,2030-03-31,4.0,7.51,Megha Engineering (MEIL),0,Central,Complete,Obtained,Obtained,Complete,Open,0,2026-07-22,9.0,0,0,0,0.0,0.0,8.0,Low
PROJ-616233,BALABHADRA OCP,Coal,Ministry of Coal,Odisha,Balasore,MCL - CIL,978.0,978.0,461.54,83,83,2023-04-19,2030-03-31,2030-03-31,19.0,47.19,KNR Constructions Ltd,0,PPP,Complete,Obtained,Obtained,Complete,Open,0,2026-01-24,8.5,1,0,0,0.0,0.0,9.5,Low
PROJ-400183,BALARAM EXPANSION OCP,Coal,Ministry of Coal,Assam,Silchar,Mahanadi Coalfields Limited [MCL],3504.0,3504.0,963.81,104,104,2020-08-04,2029-03-31,2029-03-31,62.0,27.51,NCC Limited,0,Central,Complete,Obtained,Obtained,Partial,Single,0,2026-01-20,7.2,0,0,0,0.0,0.0,8.0,Low
PROJ-615330,BALLARPUR NORTH WEST OC MINE,Coal,Ministry of Coal,Kerala,Kollam,WCL - CIL,361.0,361.0,26.97,75,75,2022-12-16,2029-03-31,2029-03-31,5.0,7.47,GMR Infrastructure,0,Central,Complete,Not Required,Obtained,Partial,Single,1,2026-04-05,7.7,0,0,0,0.0,0.0,8.0,Low
PROJ-400149,BAROUD OC EXPANSION [3.0-10.0M,Coal,Ministry of Coal,Jharkhand,Deoghar,SECL - CIL,2310.0,2310.0,1039.65,104,104,2020-08-04,2029-03-31,2029-03-31,56.0,45.01,Larsen & Toubro Ltd,0,PPP,Complete,Obtained,Obtained,Partial,Single,0,2026-03-02,9.6,0,0,0,0.0,0.0,8.0,Low
PROJ-400392,BHARATPUR RE-ORGANIZATION OCP,Coal,Ministry of Coal,Tamil Nadu,Chennai,MCL - CIL,2839.0,2839.0,1716.58,125,125,2018-11-12,2029-03-31,2029-03-31,54.0,60.46,Ashoka Buildcon Ltd,0,Central,Complete,Obtained,Obtained,Partial,Open,0,2026-05-23,8.6,1,0,0,0.0,0.0,8.0,Low
PROJ-400033,BHATADI EXPANSION OC,Coal,Ministry of Coal,Tripura,Agartala,WCL - CIL,581.0,581.0,112.17,98,98,2020-02-11,2028-03-31,2028-03-31,34.0,19.31,KNR Constructions Ltd,0,Externally Aided,Complete,Obtained,Obtained,Complete,Open,1,2026-06-27,9.1,0,0,0,0.0,0.0,8.0,Low
PROJ-616231,BHUBANESWARI EXPN OCP 50 MTY,Coal,Ministry of Coal,Kerala,Kollam,MCL - CIL,5366.0,5366.0,477.73,108,108,2024-03-26,2033-03-31,2033-03-31,34.0,8.9,IRCON International,1,Central,Partial,Obtained,Obtained,Complete,Open,0,2026-05-04,8.2,0,0,0,0.0,0.0,8.0,Low
PROJ-400369,BINA KAKRI AMALGAMATION EXPANS,Coal,Ministry of Coal,Uttarakhand,Roorkee,NCL - CIL,836.0,836.0,917.1,43,79,2020-08-25,2024-03-31,2027-03-31,92.0,100.0,PNC Infratech Ltd,1,Central,Partial,Obtained,Pending,Complete,Open,4,2026-07-23,4.2,0,0,1,0.0,83.72,40.1,Medium
PROJ-400162,BLOCK B EXPANSION [3.5 TO 8.0,Coal,Ministry of Coal,Punjab,Amritsar,NCL - CIL,999.0,999.0,545.34,44,92,2019-07-22,2023-03-31,2027-03-31,51.0,54.59,Megha Engineering (MEIL),1,Externally Aided,Partial,Obtained,Pending,Partial,Single,4,2026-05-18,6.4,3,0,1,0.0,109.09,41.8,Medium
PROJ-616253,BLOCK E OCP,Coal,Ministry of Coal,Jharkhand,Dhanbad,BCCL - CIL,5851.0,5851.0,20.32,60,60,2024-03-26,2029-03-31,2029-03-31,4.0,0.35,Dilip Buildcon Ltd,0,Central,Partial,Obtained,Obtained,Complete,Limited,1,2026-04-05,7.4,0,0,0,0.0,0.0,8.0,Low
PROJ-400180,BONJEMEHARI EXPANSION OCP,Coal,Ministry of Coal,Kerala,Thiruvananthapuram,Eastern Coal Fields Limited [ECL],570.0,570.11,98.58,56,104,2021-08-10,2026-03-31,2030-03-31,17.0,17.29,NCC Limited,3,Central,Complete,Pending,Not Required,Partial,Limited,1,2026-07-12,6.3,1,0,1,0.02,85.71,37.0,Medium
PROJ-400138,CHANDRAGUPT OCP,Coal,Ministry of Coal,Jharkhand,Deoghar,CCL - CIL,974.0,974.0,772.12,140,140,2020-08-04,2032-03-31,2032-03-31,25.0,79.27,KNR Constructions Ltd,1,Central,Complete,Obtained,Obtained,Complete,Limited,0,2026-04-18,8.9,1,0,0,0.0,0.0,17.2,Low
PROJ-400172,CHITRA EAST OC,Coal,Ministry of Coal,Haryana,Yamunanagar,ECL - CIL,514.0,514.0,276.0,92,116,2018-08-11,2026-03-31,2028-03-31,53.0,53.7,Shapoorji Pallonji Co,1,PPP,Not Started,Obtained,Pending,Complete,Single,3,2026-02-28,5.9,0,0,1,0.0,26.09,20.8,Low
PROJ-616225,CHUPERBHITA SIMLONG OCP MDO 6,Coal,Ministry of Coal,Andhra Pradesh,Kadapa,ECL - CIL,979.0,979.0,0.0,159,159,2023-12-29,2037-03-31,2037-03-31,0.0,0.0,Adani Infra Ltd,0,Central,Complete,Obtained,Obtained,Complete,Open,0,2026-06-21,7.8,0,0,0,0.0,0.0,8.0,Low
PROJ-400353,DHUPTALA OC [SASTI UG TO OC ],Coal,Ministry of Coal,Manipur,Churachandpur,WCL - CIL,711.0,711.0,174.66,110,110,2019-02-12,2028-03-31,2028-03-31,19.0,24.57,Hindustan Construction Company (HCC),0,State,Complete,Not Required,Obtained,Complete,Single,0,2026-08-14,8.4,1,0,0,0.0,0.0,8.0,Low
PROJ-400178,DINESH[MAKARDHOKRA-III] OC,Coal,Ministry of Coal,Andhra Pradesh,Vijayawada,WCL - CIL,823.0,823.0,792.0,86,86,2020-02-11,2027-03-31,2027-03-31,41.0,96.23,Dilip Buildcon Ltd,0,State,Complete,Obtained,Not Required,Partial,Open,0,2026-06-09,8.6,0,0,0,0.0,0.0,15.0,Low
PROJ-400354,DIPKA EXPANSION OCP [40 MTY],Coal,Ministry of Coal,Gujarat,Bhavnagar,SECL - CIL,5241.0,5241.0,2941.23,99,99,2020-12-24,2029-03-31,2029-03-31,39.0,56.12,Shapoorji Pallonji Co,0,PPP,Complete,Obtained,Obtained,Partial,Open,0,2026-08-01,8.1,1,0,0,0.0,0.0,8.0,Low
PROJ-400156,EPR AMRAPALI OCP,Coal,Ministry of Coal,Odisha,Bhubaneswar,CCL - CIL,4984.0,4984.0,1838.82,98,98,2020-02-11,2028-03-31,2028-03-31,44.0,36.89,PNC Infratech Ltd,0,Central,Complete,Obtained,Obtained,Partial,Single,0,2026-07-03,8.7,0,0,0,0.0,0.0,8.0,Low
PROJ-400155,EPR ASHOK OC,Coal,Ministry of Coal,Karnataka,Bengaluru,Ministry of Coal,2821.0,2821.0,186.02,119,119,2021-05-10,2031-03-31,2031-03-31,28.0,6.59,Dilip Buildcon Ltd,0,Externally Aided,Complete,Obtained,Obtained,Complete,Single,1,2026-08-02,7.7,0,0,0,0.0,0.0,8.0,Low
PROJ-400154,EPR PUNDI OCP,Coal,Ministry of Coal,Mizoram,Aizawl,Ministry of Coal,640.0,640.0,14.78,77,77,2020-11-11,2027-03-31,2027-03-31,11.0,2.31,IRB Infrastructure Developers,0,State,Complete,Obtained,Obtained,Complete,Open,1,2026-02-08,7.0,1,0,0,0.0,0.0,8.0,Low
PROJ-400153,EPR ROHINI - KARKETTA OCP,Coal,Ministry of Coal,Himachal Pradesh,Kullu,Ministry of Coal,996.0,996.0,85.34,86,86,2021-01-18,2028-03-31,2028-03-31,24.0,8.57,Hindustan Construction Company (HCC),0,Central,Complete,Obtained,Obtained,Complete,Open,1,2026-02-13,8.7,0,0,0,0.0,0.0,8.0,Low
PROJ-615331,GADEGAON OC 3 MTY,Coal,Ministry of Coal,Jammu and Kashmir,Udhampur,WCL - CIL,497.0,497.0,95.69,77,77,2023-10-28,2030-03-31,2030-03-31,2.0,19.25,Hindustan Construction Company (HCC),1,Central,Complete,Obtained,Obtained,Complete,Limited,0,2026-04-20,8.2,0,0,0,0.0,0.0,8.0,Low
PROJ-615206,GANDHIGRAM UG MINE,Coal,Ministry of Coal,Rajasthan,Jodhpur,WCL - CIL,414.0,414.0,28.54,79,91,2019-08-31,2026-03-31,2027-03-31,57.0,6.89,NCC Limited,1,Central,Not Started,Pending,Pending,Complete,Single,1,2026-04-30,4.4,3,0,1,0.0,15.19,18.6,Low
PROJ-615917,GAURIDEEP/GAURI CENTRAL OCP 7.,Coal,Ministry of Coal,Maharashtra,Nashik,WCL - CIL,973.0,973.0,1.55,80,80,2023-08-08,2030-03-31,2030-03-31,2.0,0.16,Adani Infra Ltd,0,Central,Complete,Obtained,Obtained,Complete,Open,0,2026-01-11,9.5,0,0,0,0.0,0.0,8.0,Low
PROJ-400424,GEVRA OC [70 MTY],Coal,Ministry of Coal,Arunachal Pradesh,Itanagar,SECL - CIL,11816.0,11816.0,7825.46,85,133,2016-03-05,2023-03-31,2027-03-31,78.0,66.23,Patel Engineering,2,Central,Complete,Pending,Obtained,Complete,Single,1,2026-04-02,5.3,1,0,1,0.0,56.47,31.1,Low
PROJ-615914,GHONSA EXPANSION DEEP OC MINE,Coal,Ministry of Coal,Jharkhand,Hazaribagh,WCL - CIL,185.0,185.0,15.72,96,96,2021-03-23,2029-03-31,2029-03-31,13.0,8.5,Megha Engineering (MEIL),0,Externally Aided,Complete,Obtained,Obtained,Complete,Open,0,2026-01-30,8.4,0,0,0,0.0,0.0,8.0,Low
PROJ-615860,Godavarikhani Coal Mine - 5,Coal,Ministry of Coal,Jharkhand,Deoghar,Singareni Collieries Company Limited [SCCL],607.0,607.0,201.0,69,81,2019-07-01,2025-03-31,2026-03-31,71.0,33.11,IRCON International,4,PPP,Partial,Obtained,Obtained,Complete,Single,3,2026-01-30,3.7,0,0,1,0.0,17.39,16.8,Low
PROJ-615192,GOKUL EXTENSION OC MINE,Coal,Ministry of Coal,Haryana,Yamunanagar,WCL - CIL,310.0,310.0,62.31,59,71,2021-04-23,2026-03-31,2027-03-31,8.0,20.1,Adani Infra Ltd,4,Central,Not Started,Pending,Obtained,Complete,Single,3,2026-03-19,5.4,1,0,1,0.0,20.34,26.2,Low
PROJ-615862,Goleti Opencast Mine,Coal,Ministry of Coal,Jharkhand,Dhanbad,Singareni Collieries Company Limited [SCCL],346.0,346.0,111.94,57,57,2021-07-01,2026-03-31,2026-03-31,33.0,32.35,IRCON International,0,Central,Complete,Obtained,Obtained,Complete,Open,0,2026-05-24,7.5,0,0,0,0.0,0.0,8.0,Low
PROJ-400185,GOPALJI KANIHA OCP [10 TO 30 M,Coal,Ministry of Coal,Madhya Pradesh,Sagar,MCL - CIL,8416.0,6107.87,1777.54,95,95,2022-04-25,2030-03-31,2030-03-31,36.0,21.12,Tata Projects Ltd,1,PPP,Complete,Obtained,Obtained,Complete,Open,1,2026-03-09,7.2,1,0,0,0.0,0.0,8.0,Low
PROJ-616232,HINGULA II OC EXPN PH III 15 M,Coal,Ministry of Coal,Himachal Pradesh,Shimla,MCL - CIL,1562.0,1562.0,284.22,77,77,2022-11-07,2029-03-31,2029-03-31,34.0,18.2,Tata Projects Ltd,0,Central,Complete,Obtained,Obtained,Complete,Limited,0,2026-06-14,7.2,0,0,0,0.0,0.0,8.0,Low
PROJ-400018,HURA C OCP,Coal,Ministry of Coal,Telangana,Nizamabad,Eastern Coal Fields Limited [ECL],859.0,859.0,455.95,80,80,2022-08-10,2029-03-31,2029-03-31,63.0,53.08,GMR Infrastructure,0,Central,Complete,Obtained,Obtained,Partial,Single,1,2026-02-05,7.8,0,0,0,0.0,0.0,8.0,Low
PROJ-615861,Indaram Opencast Project,Coal,Ministry of Coal,Andhra Pradesh,Vijayawada,Singareni Collieries Company Limited [SCCL],425.0,425.0,408.69,92,104,2017-08-01,2025-03-31,2026-03-31,81.0,96.16,IRCON International,0,Central,Complete,Obtained,Obtained,Complete,Open,0,2026-05-06,8.9,0,0,0,0.0,13.04,10.4,Low
PROJ-616226,INTEGRATED KULDA GARJANBAHAL O,Coal,Ministry of Coal,Sikkim,Namchi,MCL - CIL,3564.0,3564.0,692.76,119,119,2023-04-19,2033-03-31,2033-03-31,10.0,19.44,Adani Infra Ltd,1,Central,Complete,Obtained,Obtained,Complete,Open,0,2026-04-03,7.7,0,0,0,0.0,0.0,8.0,Low
PROJ-400187,INTEGRATED LAKHANPUR-BELPAHAR-,Coal,Ministry of Coal,Bihar,Patna,MCL - CIL,2435.0,2435.0,2133.7,106,106,2018-05-22,2027-03-31,2027-03-31,83.0,87.63,Shapoorji Pallonji Co,0,PPP,Partial,Obtained,Obtained,Complete,Open,0,2026-03-23,7.1,1,0,0,0.0,0.0,8.0,Low
PROJ-612816,ITAPARA OCP,Coal,Ministry of Coal,Jharkhand,Deoghar,Eastern Coal Fields Limited [ECL],929.0,929.0,132.43,75,75,2023-12-29,2030-03-31,2030-03-31,8.0,14.26,GMR Infrastructure,0,PPP,Complete,Obtained,Obtained,Complete,Open,0,2026-05-17,7.9,0,0,0,0.0,0.0,8.0,Low
PROJ-616236,JARANGDIH EXPN. OCP 1.5 MTY,Coal,Ministry of Coal,Manipur,Imphal,CCL - CIL,372.0,372.0,85.6,110,110,2020-02-03,2029-03-31,2029-03-31,33.0,23.01,Hindustan Construction Company (HCC),1,Central,Complete,Obtained,Obtained,Complete,Single,1,2026-06-27,9.1,0,0,0,0.0,0.0,8.0,Low
PROJ-615818,Jawahar Khani Open Cast Mine,Coal,Ministry of Coal,Meghalaya,Tura,Singareni Collieries Company Limited [SCCL],298.0,298.0,50.39,40,64,2021-12-01,2025-03-31,2027-03-31,20.0,16.91,Tata Projects Ltd,1,Externally Aided,Partial,Obtained,Not Required,Partial,Single,4,2026-06-20,5.5,0,0,1,0.0,60.0,33.2,Low
PROJ-619032,JAYANT EXPN. [20 TO 38 MTPA],Coal,Ministry of Coal,Assam,Nagaon,NCL - CIL,25560.0,25560.0,333.3,85,85,2025-02-27,2032-03-31,2032-03-31,2.0,1.3,Dilip Buildcon Ltd,0,Externally Aided,Complete,Obtained,Obtained,Complete,Single,0,2026-04-04,8.3,0,0,0,0.0,0.0,8.0,Low
PROJ-400312,JHANJRA EXPANSION UG,Coal,Ministry of Coal,Jammu and Kashmir,Udhampur,Eastern Coal Fields Limited [ECL],1210.0,1210.0,633.57,107,107,2020-04-16,2029-03-31,2029-03-31,52.0,52.36,GMR Infrastructure,1,Central,Complete,Not Required,Obtained,Complete,Open,1,2026-03-21,9.8,0,0,0,0.0,0.0,8.0,Low
PROJ-400352,JHARKHAND-LAIYO OCP,Coal,Ministry of Coal,Jharkhand,Ranchi,Ministry of Coal,655.0,655.0,1.97,127,127,2020-08-25,2031-03-31,2031-03-31,32.0,0.3,KNR Constructions Ltd,0,Central,Complete,Obtained,Not Required,Complete,Open,0,2026-01-16,7.5,0,0,0,0.0,0.0,8.0,Low
PROJ-613803,JHIRIA WEST OCP [1.5 MTY],Coal,Ministry of Coal,Maharashtra,Thane,SECL - CIL,367.0,367.0,37.19,62,62,2024-01-30,2029-03-31,2029-03-31,41.0,10.13,PNC Infratech Ltd,0,Central,Partial,Obtained,Obtained,Complete,Limited,0,2026-04-29,8.8,0,0,0,0.0,0.0,8.0,Low
PROJ-615865,Kakatiyakhani OC - 2 Project,Coal,Ministry of Coal,Uttar Pradesh,Ayodhya,Singareni Collieries Company Limited [SCCL],442.0,442.0,253.41,91,103,2017-08-19,2025-03-31,2026-03-31,64.0,57.33,Dilip Buildcon Ltd,1,PPP,Complete,Obtained,Not Required,Partial,Open,0,2026-06-15,7.1,0,0,0,0.0,13.19,8.0,Low
PROJ-615858,Kalyanikhani Opencast Project,Coal,Ministry of Coal,Karnataka,Belagavi,Singareni Collieries Company Limited [SCCL],384.0,384.0,304.39,121,121,2016-03-01,2026-03-31,2026-03-31,77.0,79.27,Megha Engineering (MEIL),0,PPP,Complete,Obtained,Obtained,Complete,Open,0,2026-01-16,9.7,0,0,0,0.0,0.0,8.0,Low
PROJ-613802,KANCHAN OC EXP,Coal,Ministry of Coal,Manipur,Churachandpur,SECL - CIL,371.0,371.0,157.9,135,159,2014-12-17,2026-03-31,2028-03-31,58.0,42.56,Dilip Buildcon Ltd,4,Externally Aided,Partial,Obtained,Not Required,Not Started,Open,5,2026-01-05,5.8,2,0,1,0.0,17.78,21.3,Low
PROJ-400074,KARO EXPANSION OCP,Coal,Ministry of Coal,West Bengal,Bagdogra,CCL - CIL,849.0,849.0,237.61,86,86,2022-01-24,2029-03-31,2029-03-31,23.0,27.99,IRCON International,0,Externally Aided,Complete,Obtained,Obtained,Complete,Open,0,2026-02-11,8.6,1,0,0,0.0,0.0,8.0,Low
PROJ-615191,KATKONA RO UG MINE,Coal,Ministry of Coal,Telangana,Hyderabad,SECL - CIL,329.0,329.0,62.01,74,74,2023-01-29,2029-03-31,2029-03-31,2.0,18.85,Patel Engineering,0,PPP,Complete,Obtained,Obtained,Complete,Open,1,2026-04-05,9.2,0,0,0,0.0,0.0,8.0,Low
PROJ-615183,KHADIA EXPANSION [10 TO 16 MTP,Coal,Ministry of Coal,Jharkhand,Ranchi,NCL - CIL,492.0,492.0,379.69,45,69,2021-06-25,2025-03-31,2027-03-31,57.0,77.17,Shapoorji Pallonji Co,3,Central,Complete,Pending,Not Required,Complete,Limited,4,2026-03-12,6.7,0,0,1,0.0,53.33,38.3,Medium
PROJ-617278,KOLARPIMPRI EXPANSION OC [2.5,Coal,Ministry of Coal,Uttarakhand,Rishikesh,WCL - CIL,630.0,630.0,0.61,70,70,2024-06-05,2030-03-31,2030-03-31,0.0,0.1,GMR Infrastructure,0,State,Partial,Obtained,Obtained,Complete,Limited,0,2026-04-26,7.6,0,0,0,0.0,0.0,8.0,Low
PROJ-615199,KOLGAON EXPANSION DEEP OC MINE,Coal,Ministry of Coal,Tripura,Dharmanagar,WCL - CIL,199.0,199.0,25.08,50,50,2023-01-28,2027-03-31,2027-03-31,4.0,12.6,NCC Limited,0,Central,Complete,Obtained,Obtained,Partial,Single,0,2026-03-24,8.8,0,0,0,0.0,0.0,8.0,Low
PROJ-400073,KONAR EXPANSION OCP,Coal,Ministry of Coal,Manipur,Imphal,CCL - CIL,675.0,675.0,175.59,122,122,2022-01-24,2032-03-31,2032-03-31,51.0,26.01,Megha Engineering (MEIL),0,Central,Partial,Obtained,Obtained,Complete,Limited,0,2026-07-11,9.1,0,0,0,0.0,0.0,8.0,Low
PROJ-400139,KOTRE BASANTPUR PACHMO OCP,Coal,Ministry of Coal,Arunachal Pradesh,Naharlagun,Ministry of Coal,625.0,625.4,456.48,140,140,2020-08-04,2032-03-31,2032-03-31,46.0,72.99,Dilip Buildcon Ltd,0,Externally Aided,Partial,Obtained,Obtained,Complete,Limited,0,2026-02-22,8.4,0,0,0,0.06,0.0,9.9,Low
PROJ-617287,KUSMUNDA OC EXPANSION PROJECT,Coal,Ministry of Coal,Jammu and Kashmir,Anantnag,SECL - CIL,4517.0,4517.0,847.19,64,64,2024-11-29,2030-03-31,2030-03-31,24.0,18.76,Hindustan Construction Company (HCC),1,PPP,Partial,Obtained,Not Required,Complete,Open,0,2026-01-17,9.0,0,0,0,0.0,0.0,8.0,Low
PROJ-619172,MADANNAGAR OCP 12 MTY - MDO,Coal,Ministry of Coal,Tamil Nadu,Tirunelveli,SECL - CIL,1859.0,1859.0,0.45,99,99,2024-12-20,2033-03-31,2033-03-31,0.0,0.02,Ashoka Buildcon Ltd,1,Central,Complete,Obtained,Obtained,Complete,Open,0,2026-04-16,8.3,0,0,0,0.0,0.0,8.0,Low
PROJ-613801,MAHAMAYA OCP [1.50 MTY],Coal,Ministry of Coal,Manipur,Churachandpur,SECL - CIL,410.0,410.0,188.72,94,118,2018-05-24,2026-03-31,2028-03-31,55.0,46.03,Ashoka Buildcon Ltd,1,Central,Partial,Obtained,Not Required,Not Started,Single,2,2026-05-07,3.6,1,0,1,0.0,25.53,18.6,Low
PROJ-615189,MAKARDHOKRA EXPN OC 4.9 MTY,Coal,Ministry of Coal,Gujarat,Jamnagar,WCL - CIL,362.0,362.0,104.17,46,58,2022-06-14,2026-03-31,2027-03-31,12.0,28.78,Hindustan Construction Company (HCC),4,Externally Aided,Complete,Obtained,Obtained,Partial,Limited,4,2026-03-24,4.3,1,0,1,0.0,26.09,25.8,Low
PROJ-617288,MANIKPUR OC EXPANSION PROJECT,Coal,Ministry of Coal,Delhi,New Delhi,SECL - CIL,383.0,383.0,138.87,51,51,2025-01-13,2029-03-31,2029-03-31,21.0,36.26,Larsen & Toubro Ltd,1,PPP,Complete,Obtained,Obtained,Complete,Limited,0,2026-07-18,7.7,0,0,0,0.0,0.0,8.0,Low
PROJ-400173,MOHANPUR EXPANSION OC -PHASE I,Coal,Ministry of Coal,Punjab,Bathinda,Eastern Coal Fields Limited [ECL],889.0,889.0,153.96,65,113,2020-11-11,2026-03-31,2030-03-31,32.0,17.32,IRB Infrastructure Developers,3,PPP,Partial,Obtained,Obtained,Complete,Open,5,2026-08-03,6.8,2,0,1,0.0,73.85,41.4,Medium
PROJ-400425,MOONIDIH XV SEAM UG,Coal,Ministry of Coal,Punjab,Jalandhar,BCCL - CIL,1230.0,1230.0,800.25,92,181,2011-08-12,2019-03-31,2026-09-16,84.0,65.06,Larsen & Toubro Ltd,2,Central,Partial,Pending,Pending,Partial,Open,1,2026-01-18,4.9,0,0,1,0.0,96.74,38.0,Medium
PROJ-613808,MURAIDIH UG PROJECT,Coal,Ministry of Coal,West Bengal,Bagdogra,BCCL - CIL,340.0,340.0,191.14,38,191,2011-02-14,2014-04-30,2026-12-31,70.0,56.22,Megha Engineering (MEIL),1,Externally Aided,Partial,Pending,Pending,Complete,Single,5,2026-04-12,5.5,2,0,1,0.0,402.63,42.0,Medium
PROJ-615919,N. EXTN. MUNGOLI NIRGUDA D OCP,Coal,Ministry of Coal,Mizoram,Aizawl,WCL - CIL,1025.0,1025.0,218.26,58,58,2024-06-05,2029-03-31,2029-03-31,28.0,21.29,IRCON International,0,Central,Complete,Obtained,Obtained,Partial,Open,0,2026-06-25,9.5,1,0,0,0.0,0.0,8.0,Low
PROJ-615857,Naini Coal Mine,Coal,Ministry of Coal,Mizoram,Aizawl,Singareni Collieries Company Limited [SCCL],494.0,494.0,491.33,73,73,2020-03-01,2026-03-31,2026-03-31,80.0,99.46,IRB Infrastructure Developers,1,State,Complete,Obtained,Obtained,Complete,Limited,0,2026-01-20,8.5,0,0,0,0.0,0.0,8.0,Low
PROJ-400181,NAKRAKONDA KUMARDIH- B OCP,Coal,Ministry of Coal,Ladakh,Leh,ECL - CIL,503.0,502.67,88.9,128,128,2018-08-11,2029-03-31,2029-03-31,29.0,17.67,Shapoorji Pallonji Co,1,Central,Complete,Obtained,Not Required,Complete,Limited,1,2026-08-13,7.3,0,0,0,0.0,0.0,8.0,Low
PROJ-615188,NEW MAJRI UG TO OC 3 MTY COST,Coal,Ministry of Coal,Uttar Pradesh,Gorakhpur,WCL - CIL,402.0,402.0,67.81,94,94,2019-05-25,2027-03-31,2027-03-31,24.0,16.87,Afcons Infrastructure,0,Central,Complete,Obtained,Obtained,Complete,Open,0,2026-01-26,8.7,0,0,0,0.0,0.0,8.0,Low
PROJ-400321,NIGAHI EXPANSION [15 TO 25 MTP,Coal,Ministry of Coal,Odisha,Balasore,NCL - CIL,1730.0,1730.0,985.35,53,89,2020-11-11,2025-03-31,2028-03-31,54.0,56.96,Adani Infra Ltd,3,State,Partial,Obtained,Obtained,Partial,Limited,2,2026-08-15,4.1,1,0,1,0.0,67.92,38.9,Medium
PROJ-615982,NILJAI EXPANSION DEEP OCP,Coal,Ministry of Coal,Telangana,Ramagundam,WCL - CIL,320.0,320.0,196.82,67,127,2016-08-27,2022-03-31,2027-03-31,80.0,61.51,Patel Engineering,1,Externally Aided,Complete,Obtained,Pending,Partial,Limited,3,2026-04-02,6.9,0,0,1,0.0,89.55,35.1,Medium
PROJ-617764,North Dhadu Western Part OCP,Coal,Ministry of Coal,Punjab,Amritsar,NLC India Limited [NLCIL],1354.0,1354.0,233.77,66,66,2023-10-06,2029-03-31,2029-03-31,40.0,17.27,NCC Limited,0,State,Complete,Obtained,Obtained,Complete,Open,0,2026-01-23,8.5,0,0,0,0.0,0.0,8.0,Low
PROJ-400151,NORTH URIMARI EXPANSION OCP,Coal,Ministry of Coal,Mizoram,Aizawl,Ministry of Coal,634.0,634.0,598.34,93,93,2021-07-12,2029-03-31,2029-03-31,69.0,94.38,Dilip Buildcon Ltd,1,PPP,Partial,Obtained,Obtained,Partial,Single,0,2026-03-23,8.9,0,0,0,0.0,0.0,10.6,Low
PROJ-616230,PARASCOLE JAMBAD OCP,Coal,Ministry of Coal,Sikkim,Namchi,ECL - CIL,1194.0,1194.0,11.81,148,148,2024-11-29,2037-03-31,2037-03-31,0.0,0.99,Patel Engineering,0,State,Complete,Obtained,Obtained,Complete,Open,0,2026-04-27,7.5,0,0,0,0.0,0.0,8.0,Low
PROJ-613794,PARASEA-BELBAID UG PROJECT,Coal,Ministry of Coal,Arunachal Pradesh,Naharlagun,ECL - CIL,389.0,389.0,132.48,62,62,2023-01-31,2028-03-31,2028-03-31,22.0,34.06,Ashoka Buildcon Ltd,0,State,Complete,Obtained,Obtained,Complete,Open,0,2026-02-25,7.4,0,0,0,0.0,0.0,8.0,Low
PROJ-616234,PELMA OC MDO,Coal,Ministry of Coal,Tripura,Agartala,SECL - CIL,1725.0,1725.0,16.71,126,126,2022-10-14,2033-03-31,2033-03-31,24.0,0.97,KNR Constructions Ltd,0,State,Complete,Obtained,Obtained,Complete,Limited,0,2026-02-07,7.2,0,0,0,0.0,0.0,8.0,Low
PROJ-400144,PORDA CHIMTAPANI OCP [10 MTY],Coal,Ministry of Coal,Karnataka,Belagavi,SECL - CIL,2310.0,2310.0,118.97,99,99,2020-12-24,2029-03-31,2029-03-31,12.0,5.15,Afcons Infrastructure,0,PPP,Complete,Not Required,Obtained,Complete,Open,0,2026-02-03,7.8,0,0,0,0.0,0.0,8.0,Low
PROJ-400160,RAJRAPPA RCE OCP,Coal,Ministry of Coal,Haryana,Yamunanagar,CCL - CIL,511.0,511.0,488.71,75,207,2009-12-23,2016-03-31,2027-03-31,76.0,95.64,PNC Infratech Ltd,3,PPP,Partial,Obtained,Not Required,Not Started,Single,5,2026-03-11,5.6,0,0,1,0.0,176.0,46.8,Medium
PROJ-617416,"Revised Jharia Master Plan for Dealing with Fire, Subsidence & Rehabilitation of affected families in Jharia Coalfield- Reg.",Coal,Ministry of Coal,Manipur,Imphal,Bharat Coking Coal Limited [BCCL],5940.0,5940.0,520.75,42,42,2025-06-25,2028-12-31,2028-12-31,34.0,8.77,Ashoka Buildcon Ltd,1,Central,Complete,Obtained,Obtained,Complete,Limited,0,2026-05-15,8.2,1,0,0,0.0,0.0,8.0,Low
PROJ-619171,RPR FOR DURGAPUR OCP 10 MTY,Coal,Ministry of Coal,West Bengal,Durgapur,SECL - CIL,2416.0,2416.0,2.99,79,79,2025-09-01,2032-03-31,2032-03-31,0.0,0.12,GMR Infrastructure,1,State,Partial,Obtained,Obtained,Partial,Single,0,2026-03-26,8.4,0,0,0,0.0,0.0,8.0,Low
PROJ-619053,RPR FOR RAMPUR BATURA OCP,Coal,Ministry of Coal,Jharkhand,Deoghar,SECL - CIL,1605.0,1605.0,75.28,58,58,2025-05-30,2030-03-31,2030-03-31,0.0,4.69,Shapoorji Pallonji Co,1,State,Complete,Obtained,Obtained,Complete,Open,0,2026-07-17,9.7,0,0,0,0.0,0.0,8.0,Low
PROJ-400150,RPR MAGADH EXP OCP,Coal,Ministry of Coal,Tamil Nadu,Madurai,Ministry of Coal,6964.0,6964.0,2299.77,92,92,2020-08-04,2028-03-31,2028-03-31,39.0,33.02,KNR Constructions Ltd,0,Central,Partial,Obtained,Obtained,Partial,Open,0,2026-01-15,9.4,0,0,0,0.0,0.0,8.0,Low
PROJ-615918,RPR OF BHANEGAON OC,Coal,Ministry of Coal,West Bengal,Kharagpur,WCL - CIL,405.0,405.0,43.16,134,134,2017-02-02,2028-03-31,2028-03-31,16.0,10.66,IRB Infrastructure Developers,0,Externally Aided,Complete,Obtained,Obtained,Complete,Open,0,2026-01-17,7.3,0,0,0,0.0,0.0,8.0,Low
PROJ-615187,RPR OF VISHNUPURI UG TO OC,Coal,Ministry of Coal,Maharashtra,Amravati,WCL - CIL,221.0,221.0,0.0,77,77,2022-11-04,2029-03-31,2029-03-31,11.0,0.0,Tata Projects Ltd,0,PPP,Complete,Obtained,Obtained,Complete,Open,1,2026-01-03,7.7,0,0,0,0.0,0.0,8.0,Low
PROJ-613804,RPR TAWA-III UG 0.84 MTY,Coal,Ministry of Coal,Assam,Guwahati,WCL - CIL,314.0,314.0,17.9,63,63,2021-12-28,2027-03-31,2027-03-31,18.0,5.7,Tata Projects Ltd,0,PPP,Partial,Obtained,Obtained,Partial,Single,0,2026-07-02,9.7,0,0,0,0.0,0.0,8.0,Low
PROJ-400136,SANGHMITRA OC,Coal,Ministry of Coal,Nagaland,Kohima,CCL - CIL,2660.0,2660.0,17.03,96,96,2024-03-26,2032-03-31,2032-03-31,17.0,0.64,IRCON International,0,Central,Complete,Obtained,Obtained,Complete,Single,1,2026-06-25,9.3,0,0,0,0.0,0.0,8.0,Low
PROJ-615184,SAONER UG MINE -1 EXPANSION 1.,Coal,Ministry of Coal,Karnataka,Ballari,WCL - CIL,229.0,229.0,157.01,74,74,2022-01-31,2028-03-31,2028-03-31,69.0,68.56,PNC Infratech Ltd,0,Externally Aided,Complete,Obtained,Obtained,Complete,Single,0,2026-07-27,7.1,1,0,0,0.0,0.0,8.0,Low
PROJ-619055,SAONER-III EXPN UG MINE 1.54,Coal,Ministry of Coal,Sikkim,Gangtok,WCL - CIL,444.0,444.0,0.0,79,79,2025-08-25,2032-03-31,2032-03-31,0.0,0.0,Adani Infra Ltd,1,Central,Complete,Obtained,Obtained,Partial,Single,0,2026-05-10,8.2,0,0,0,0.0,0.0,8.0,Low
PROJ-615186,SASTI EXPANSION OPENCAST,Coal,Ministry of Coal,Rajasthan,Bundi,WCL - CIL,319.0,319.0,155.37,68,80,2020-08-04,2026-03-31,2027-03-31,32.0,48.71,Megha Engineering (MEIL),2,Central,Not Started,Obtained,Not Required,Partial,Open,5,2026-06-19,4.0,0,0,1,0.0,17.65,23.1,Low
PROJ-615195,SHARDA UG MINE,Coal,Ministry of Coal,Mizoram,Aizawl,WCL - CIL,166.0,166.0,5.93,68,68,2022-07-29,2028-03-31,2028-03-31,9.0,3.57,NCC Limited,1,Central,Complete,Obtained,Obtained,Complete,Single,0,2026-06-24,8.3,1,0,0,0.0,0.0,8.0,Low
PROJ-613793,SHYAMSUNDARPUR UG INCLUDING SA,Coal,Ministry of Coal,Ladakh,Kargil,ECL - CIL,484.0,484.0,96.8,71,95,2020-04-16,2026-03-31,2028-03-31,17.0,20.0,Larsen & Toubro Ltd,3,PPP,Partial,Obtained,Obtained,Not Started,Limited,3,2026-07-07,4.1,3,0,1,0.0,33.8,28.4,Low
PROJ-400166,SIARMAL OCP,Coal,Ministry of Coal,Ladakh,Leh,Mahanadi Coalfields Limited [MCL],5195.0,5195.0,3543.45,98,98,2021-02-02,2029-03-31,2029-03-31,61.0,68.21,Tata Projects Ltd,1,State,Complete,Obtained,Obtained,Partial,Open,0,2026-06-07,7.7,1,0,0,0.0,0.0,8.0,Low
PROJ-615190,SINGHORI DEEP OC MIN 2.0 MTY,Coal,Ministry of Coal,Kerala,Kozhikode,WCL - CIL,336.0,336.0,53.94,83,83,2022-05-05,2029-03-31,2029-03-31,10.0,16.05,Patel Engineering,0,Externally Aided,Complete,Obtained,Obtained,Complete,Open,0,2026-07-26,8.6,0,0,0,0.0,0.0,8.0,Low
PROJ-615822,SIRKA OC,Coal,Ministry of Coal,Uttar Pradesh,Lucknow,CCL - CIL,183.0,183.0,89.92,95,95,2020-05-04,2028-03-31,2028-03-31,56.0,49.14,GMR Infrastructure,0,Central,Complete,Obtained,Obtained,Partial,Open,0,2026-01-24,8.3,0,0,0,0.0,0.0,8.0,Low
PROJ-400315,SONEPUR BAZARI EXPANSION OCP [,Coal,Ministry of Coal,Assam,Silchar,Eastern Coal Fields Limited [ECL],5366.0,5366.0,697.64,92,92,2021-07-28,2029-03-31,2029-03-31,18.0,13.0,GMR Infrastructure,1,Central,Complete,Obtained,Obtained,Complete,Single,0,2026-01-11,8.8,0,0,0,0.0,0.0,8.0,Low
PROJ-400165,SUBHADRA OCP,Coal,Ministry of Coal,Odisha,Balasore,MCL - CIL,1694.0,1694.0,1332.87,131,131,2021-05-29,2032-04-23,2032-04-23,47.0,78.68,GMR Infrastructure,0,Central,Complete,Obtained,Obtained,Complete,Open,0,2026-05-14,7.8,1,0,0,0.0,0.0,10.5,Low
PROJ-618982,Talabira II & III OCP - FMC,Coal,Ministry of Coal,Tripura,Dharmanagar,NLC India Limited [NLCIL],522.0,522.0,334.44,43,50,2022-10-31,2026-06-10,2026-12-31,75.0,64.07,IRCON International,1,Central,Partial,Obtained,Pending,Complete,Single,3,2026-03-12,6.3,2,0,1,0.0,16.28,16.2,Low
PROJ-615349,TAPIN SOUTH EXPN,Coal,Ministry of Coal,Delhi,Dwarka,CCL - CIL,230.0,230.0,22.02,89,89,2020-11-04,2028-03-31,2028-03-31,24.0,9.57,Afcons Infrastructure,1,Central,Complete,Obtained,Obtained,Partial,Single,0,2026-03-18,7.7,0,0,0,0.0,0.0,8.0,Low
PROJ-615843,TETARIAKHAR OC,Coal,Ministry of Coal,Delhi,South Delhi,CCL - CIL,233.0,233.0,50.82,65,89,2019-11-04,2025-03-31,2027-03-31,30.0,21.81,Megha Engineering (MEIL),1,Externally Aided,Partial,Pending,Not Required,Complete,Open,1,2026-01-26,6.3,2,0,1,0.0,36.92,23.9,Low
PROJ-615820,TIKAK EXTENSION OCP,Coal,Ministry of Coal,Nagaland,Kohima,INVALID CO.,160.0,160.0,112.69,108,108,2022-07-05,2031-07-04,2031-07-04,90.0,70.43,Adani Infra Ltd,1,Externally Aided,Complete,Not Required,Obtained,Complete,Open,0,2026-02-26,7.3,0,0,0,0.0,0.0,8.0,Low
PROJ-400186,TILABONI UG,Coal,Ministry of Coal,Andhra Pradesh,Tirupati,ECL - CIL,749.0,749.07,53.97,74,74,2023-01-31,2029-03-31,2029-03-31,12.0,7.2,KNR Constructions Ltd,0,State,Complete,Obtained,Obtained,Complete,Limited,1,2026-06-26,9.0,0,0,0,0.01,0.0,8.0,Low
PROJ-615821,TIRAP OCP,Coal,Ministry of Coal,Telangana,Nizamabad,INVALID CO.,289.0,289.0,105.66,96,96,2022-11-28,2030-11-27,2030-11-27,5.0,36.56,Hindustan Construction Company (HCC),0,Central,Partial,Obtained,Obtained,Partial,Single,1,2026-06-14,7.7,0,0,0,0.0,0.0,12.1,Low
PROJ-616044,UKNI DEEP OC MINE -COST PLUS,Coal,Ministry of Coal,Maharashtra,Pune,WCL - CIL,237.0,237.0,168.91,28,100,2018-11-16,2021-03-31,2027-03-31,95.0,71.27,Larsen & Toubro Ltd,4,Externally Aided,Complete,Obtained,Not Required,Not Started,Limited,3,2026-03-04,4.0,2,0,1,0.0,257.14,40.7,Medium
PROJ-615194,URDHAN EXPANSION OC COST PLUS,Coal,Ministry of Coal,Madhya Pradesh,Jabalpur,WCL - CIL,207.0,207.0,50.69,104,104,2022-07-29,2031-03-31,2031-03-31,2.0,24.49,GMR Infrastructure,1,Central,Complete,Obtained,Obtained,Complete,Open,0,2026-06-28,9.4,1,0,0,0.0,0.0,8.9,Low
PROJ-615863,Venkatesh Khani Coal Mine,Coal,Ministry of Coal,Meghalaya,Jowai,Singareni Collieries Company Limited [SCCL],484.0,484.0,477.14,66,66,2020-10-01,2026-03-31,2026-03-31,97.0,98.58,Afcons Infrastructure,0,State,Complete,Not Required,Obtained,Complete,Single,0,2026-05-01,9.4,1,0,0,0.0,0.0,8.0,Low
PROJ-617233,WAGHODA UG MINE [1.02 MTY],Coal,Ministry of Coal,Tripura,Dharmanagar,WCL - CIL,379.0,379.0,0.0,74,74,2024-01-29,2030-03-31,2030-03-31,0.0,0.0,PNC Infratech Ltd,1,Central,Complete,Obtained,Obtained,Complete,Single,0,2026-03-19,8.2,0,0,0,0.0,0.0,8.0,Low
PROJ-603293,Badam Coal Mining project of NTPC,Coal,Ministry of Power,Uttar Pradesh,Gorakhpur,National Thermal Power Corporation [NTPC],502.0,784.0,438.57,455,455,2019-02-01,2056-12-31,2027-04-01,68.0,55.94,Adani Infra Ltd,3,Central,Complete,Pending,Not Required,Partial,Open,1,2026-01-08,6.1,1,1,0,56.18,0.0,32.2,Low
PROJ-400192,Tubed Coal Mine,Coal,Ministry of Power,Jammu and Kashmir,Udhampur,Damodar Valley Corporation,1581.0,1581.0,624.86,119,126,2016-07-10,2026-05-31,2026-12-30,37.0,39.52,KNR Constructions Ltd,0,State,Complete,Obtained,Obtained,Complete,Open,0,2026-02-11,7.1,0,0,0,0.0,5.88,8.0,Low
PROJ-617412,"Construction of One Tower of Office Complex and another Tower of Residential quarters i/c internal water supply, sanitary installation and all development and bulk services, Horticulture works on EPC Mode-I basis i/c comprehensive operation and maintenance of Civil, E&M services for 7 years after completion of original construction work for Ranga Reddy, Secunderabad, Medchal, AuditI, Audit-II Commissionerates of Central Tax at Khajaguda, Serilingampally, Hyderabad.",Construction,Ministry of Housing & Urban Affairs,Telangana,Hyderabad,Central Public Works Department - CPWD,644.0,644.0,188.69,42,42,2024-03-19,2027-09-27,2027-09-27,26.0,29.3,Ashoka Buildcon Ltd,0,Central,Complete,Obtained,Obtained,Complete,Open,1,2026-03-12,7.9,0,0,0,0.0,0.0,8.0,Low
PROJ-617280,"Construction of Basement + Ground Floor+ 10 Storeyed building for State of the Art Director General, GSI Building at plot No.GN-40, Sector-V, Salt Lake, Kolkata",Construction,Ministry of Mines,West Bengal,Kolkata,Central Public Works Department [CPWD],255.0,255.0,98.94,89,89,2019-04-16,2026-08-31,2026-08-31,64.0,38.8,GMR Infrastructure,0,Central,Partial,Obtained,Not Required,Complete,Limited,0,2026-06-16,9.7,0,0,0,0.0,0.0,8.0,Low
PROJ-619033,"1000 seater Boys hostel, 500 seater Girls hostel, 1.5 MLD Sewage Treatment Plant and Faculty Residence - 72 nos. Flats",Education,Department of Higher Education,Odisha,Rourkela,NIT Rourkela,199.0,199.0,53.01,34,48,2023-09-02,2026-06-30,2027-08-31,50.0,26.64,Larsen & Toubro Ltd,3,State,Complete,Pending,Pending,Complete,Open,1,2026-01-28,4.5,0,0,1,0.0,41.18,25.9,Low
PROJ-606013,Additional Campus of NITPatna,Education,Department of Higher Education,Bihar,Patna,NIT Patna,499.0,499.0,449.96,24,42,2022-07-22,2024-07-31,2026-01-31,99.0,90.17,Ashoka Buildcon Ltd,4,PPP,Partial,Obtained,Pending,Complete,Single,1,2026-04-23,5.3,2,0,1,0.0,75.0,40.9,Medium
PROJ-606479,Banaras Hindu University [ Kayakalp of Institute of Medical Sciences],Education,Department of Higher Education,Kerala,Thrissur,Banaras Hindu University,246.0,246.0,212.35,27,85,2020-06-22,2022-09-30,2027-07-31,99.0,86.32,Shapoorji Pallonji Co,1,Externally Aided,Not Started,Obtained,Not Required,Not Started,Open,1,2026-02-05,5.9,3,0,1,0.0,214.81,40.2,Medium
PROJ-611963,"Construction & Development of Infrastructural Facilities in the main campus of NIT Uttarakhand at Sumari, Pauri Garhwal",Education,Department of Higher Education,Uttarakhand,Dehradun,National Institute of Technology Uttarakhand,651.0,651.0,401.56,87,87,2020-06-30,2027-09-30,2027-09-30,63.0,61.68,Dilip Buildcon Ltd,0,Externally Aided,Complete,Obtained,Obtained,Partial,Single,0,2026-07-27,8.5,1,0,0,0.0,0.0,8.0,Low
PROJ-612885,Construction and Developement of National Institute of Technology Meghalaya Permanent Campus at Sohra,Education,Department of Higher Education,Meghalaya,Shillong,"National Institute of Technology, Meghalaya",495.0,429.7,377.82,150,205,2009-09-17,2022-03-31,2026-10-31,98.0,76.33,PNC Infratech Ltd,4,State,Partial,Obtained,Obtained,Not Started,Open,3,2026-03-29,6.5,2,0,1,0.0,36.67,29.0,Low
PROJ-617221,"Construction of Girls Hostel 400 seater, Boys Hostel 600 seater, Academic Block, International Hostel 100 seater, VC Residence and Purchase of Equipment",Education,Department of Higher Education,Punjab,Ludhiana,Central University of Punjab,211.0,211.0,99.02,38,38,2024-08-01,2027-10-03,2027-10-03,58.0,46.93,GMR Infrastructure,0,Externally Aided,Complete,Obtained,Obtained,Complete,Open,0,2026-04-05,9.0,0,0,0,0.0,0.0,8.0,Low
PROJ-611961,Construction of IIT Bhubaneswar -Phase III,Education,Department of Higher Education,Odisha,Bhubaneswar,"Indian Institute of Technology, Bhubaneshwar",454.0,454.0,102.15,34,34,2024-02-01,2026-11-20,2026-11-20,10.0,22.5,Megha Engineering (MEIL),0,Externally Aided,Complete,Obtained,Obtained,Complete,Limited,0,2026-03-08,7.1,1,0,0,0.0,0.0,8.0,Low
PROJ-602098,"Construction of Permanent Campus for IIM Jammu Phase-1 at Jagti, Nagrota, Jammu, J&K",Education,Department of Higher Education,Jammu and Kashmir,Jammu,"Indian Institute of Management, Jammu",425.0,500.91,484.52,52,81,2019-03-01,2023-06-30,2025-11-30,96.0,96.73,Hindustan Construction Company (HCC),2,Externally Aided,Partial,Pending,Not Required,Partial,Limited,2,2026-03-27,5.5,3,1,1,17.86,55.77,43.7,Medium
PROJ-606431,CONSTRUCTION OF PERMANENT CAMPUS FOR IIT PALAKKAD UNDER PHASE 1A,Education,Department of Higher Education,Kerala,Palakkad,INDIAN INSTITUTE OF TECHNOLOGY PALAKKAD,1006.0,1217.4,686.2,59,108,2017-07-01,2022-06-07,2026-06-30,86.0,56.37,Afcons Infrastructure,2,Central,Complete,Obtained,Pending,Not Started,Open,2,2026-08-09,7.0,0,1,1,21.01,83.05,46.5,Medium
PROJ-612876,"Construction of Permanent Campus for NIT Mizoram at Lengpui, Aizawl",Education,Department of Higher Education,Mizoram,Aizawl,NIT Mizoram,474.0,474.23,167.55,243,243,2009-09-17,2029-12-31,2022-03-31,4.0,35.33,Patel Engineering,1,Externally Aided,Complete,Obtained,Obtained,Partial,Limited,0,2026-01-06,8.2,0,0,0,0.05,0.0,10.6,Low
PROJ-613008,Construction of Permanent Campus of Central Tribal University of Andhra Pradesh Phase-1,Education,Department of Higher Education,Andhra Pradesh,Visakhapatnam,Central Tribal University of Andhra Pradesh,305.0,305.0,67.73,93,93,2019-09-18,2027-06-26,2027-06-26,44.0,22.21,Megha Engineering (MEIL),0,Externally Aided,Complete,Obtained,Obtained,Partial,Limited,1,2026-03-25,8.3,0,0,0,0.0,0.0,8.0,Low
PROJ-612916,"Construction of permanent campus of Central University of Gujarat at Village kundhela, Dist. Vadodara, Gujarat.",Education,Department of Higher Education,Gujarat,Vadodara,Central University of Gujarat,491.0,491.0,342.26,51,63,2020-12-28,2025-03-31,2026-03-31,86.0,69.71,Patel Engineering,1,PPP,Partial,Pending,Pending,Not Started,Single,5,2026-01-27,6.4,3,0,1,0.0,23.53,25.1,Low
PROJ-612894,"Construction of Permanent Campus of Central University of Himachal Pradesh at Dehra, District - Kangra, [H.P.] on Engineering. Procurement and Construction [EPC Mode 1] Basis.",Education,Department of Higher Education,Himachal Pradesh,Shimla,"Central University, Himachal Pradesh",252.0,300.45,223.6,44,60,2021-03-10,2024-11-18,2026-03-25,86.0,74.42,IRCON International,1,Central,Partial,Obtained,Pending,Partial,Open,5,2026-05-24,6.3,1,1,1,19.23,36.36,34.5,Low
PROJ-605292,"Construction of Permanent Campus of Indian Institute of Management [IIM] Amritsar, Punjab, Phase-I",Education,Department of Higher Education,Punjab,Amritsar,"Indian intitue of Management, Amritsar",348.0,386.86,293.24,45,86,2019-10-01,2023-06-30,2026-11-20,92.0,75.8,Ashoka Buildcon Ltd,3,State,Complete,Obtained,Pending,Complete,Open,5,2026-06-21,6.8,1,1,1,11.17,91.11,45.1,Medium
PROJ-612898,Construction of Permanent Campus of National Institute of Technology Arunachal Pradesh,Education,Department of Higher Education,Arunachal Pradesh,Itanagar,"National Institute of Technology, Arunachal Pradesh",593.0,593.0,551.3,203,203,2009-09-17,2026-08-31,2024-08-31,80.0,92.97,Patel Engineering,0,Central,Partial,Obtained,Not Required,Partial,Single,0,2026-06-02,8.2,0,0,0,0.0,0.0,8.0,Low
PROJ-609996,Construction of Precast housing and hostels at IIT Hyderabad,Education,Department of Higher Education,Telangana,Hyderabad,"Indian Institute of Technology, Hyderabad",262.0,262.0,223.65,25,39,2022-09-29,2024-10-23,2026-01-01,90.0,85.36,Afcons Infrastructure,1,Externally Aided,Not Started,Obtained,Obtained,Partial,Limited,4,2026-04-01,5.7,0,0,1,0.0,56.0,33.4,Low
PROJ-609736,"Construction of Sikkim University Campus Phase-I Package-II at Yangang, South Sikkim",Education,Department of Higher Education,Sikkim,Gangtok,Sikkim University,314.0,340.55,292.0,53,75,2020-08-01,2025-01-04,2026-10-31,96.0,85.74,Tata Projects Ltd,3,PPP,Complete,Pending,Not Required,Complete,Single,1,2026-06-05,5.9,3,0,1,8.46,41.51,31.4,Low
PROJ-616886,Delhi University Eastern Campus at Surajmal Vihar,Education,Department of Higher Education,Delhi,New Delhi,Delhi University,373.0,373.0,31.53,25,25,2024-09-30,2026-10-31,2026-10-31,14.0,8.45,Patel Engineering,1,Externally Aided,Complete,Obtained,Obtained,Complete,Open,0,2026-01-17,8.6,1,0,0,0.0,0.0,8.0,Low
PROJ-613013,Establishment of NIT Nagaland,Education,Department of Higher Education,Nagaland,Kohima,NIT Nagaland,276.0,276.0,263.25,195,195,2009-09-17,2025-12-31,2025-12-31,98.0,95.38,Patel Engineering,0,Central,Complete,Not Required,Obtained,Complete,Limited,0,2026-06-02,9.0,1,0,0,0.0,0.0,8.0,Low
PROJ-612877,Establishment of NIT Puducherry Permanent Campus [Phase-I and Phase-II],Education,Department of Higher Education,Goa,Mormugao,"National Institute of Technology, Puducherry",618.0,544.34,543.74,183,200,2009-09-17,2024-12-31,2026-05-31,100.0,87.98,Dilip Buildcon Ltd,1,Central,Partial,Obtained,Obtained,Complete,Open,0,2026-01-24,9.1,0,0,0,0.0,9.29,8.0,Low
PROJ-612883,Establishment of Permanent Campus of NIT SIkkim at Khamdong-Gangtok District,Education,Department of Higher Education,Sikkim,Gangtok,NIT Sikkim,686.0,610.76,283.56,48,48,2024-02-12,2028-02-12,2026-12-31,38.0,41.34,Patel Engineering,1,Central,Complete,Obtained,Obtained,Complete,Open,0,2026-05-25,8.0,0,0,0,0.0,0.0,8.0,Low
PROJ-602099,Establishment of Permanent campus Phase 1 of IIM Sirmaur,Education,Department of Higher Education,Meghalaya,Jowai,"Indian Institute of Management, Sirmaur",393.0,454.78,339.65,61,95,2018-09-17,2023-10-31,2026-08-31,99.0,74.68,Patel Engineering,1,PPP,Partial,Obtained,Pending,Complete,Limited,3,2026-03-02,7.1,3,1,1,15.72,55.74,42.1,Medium
PROJ-609019,"HEFA projects on development of student hostels, playgrounds, departmental buildings, class room complex and other campus facilities in IIT Kharagpur",Education,Department of Higher Education,West Bengal,Kharagpur,"Indian Institute of Technology, Kharagpur",500.0,442.0,418.86,57,102,2018-06-25,2023-03-31,2026-12-31,97.0,83.77,Megha Engineering (MEIL),1,Central,Not Started,Pending,Obtained,Partial,Single,3,2026-06-03,5.1,2,0,1,0.0,78.95,40.9,Medium
PROJ-612128,Hostel blocks & dining hall block,Education,Department of Higher Education,Himachal Pradesh,Mandi,"Indian Institute of Technology, Mandi",167.0,167.0,138.26,36,42,2023-03-28,2026-03-26,2026-09-30,93.0,82.79,GMR Infrastructure,3,Central,Partial,Pending,Obtained,Partial,Limited,1,2026-02-02,7.1,2,0,1,0.0,16.67,17.2,Low
PROJ-610315,IISER BERHAMPUR,Education,Department of Higher Education,Odisha,Berhampur,"Indian Institutes of Science Education and Research, Behrampur",1229.0,843.09,874.09,29,92,2018-10-24,2021-03-31,2026-06-30,98.0,71.12,Patel Engineering,1,Externally Aided,Complete,Obtained,Pending,Partial,Open,3,2026-05-03,5.6,1,0,1,0.0,217.24,36.1,Medium
PROJ-612851,"Phase 1B - Construction of Academic Block, Hostel, Residential Tower, Directors Residence and External Development works at National Institute of Technology, Delhi Campus on Engineering, Procurement and Construction basis",Education,Department of Higher Education,Delhi,New Delhi,National Institute of Technology Delhi,333.0,336.42,336.42,192,196,2009-09-17,2025-09-30,2026-01-31,100.0,100.0,Patel Engineering,1,Central,Complete,Not Required,Obtained,Complete,Open,1,2026-01-31,7.4,0,0,0,1.03,2.08,8.0,Low
PROJ-617877,Phase B Construction of Permanent Campus of IIT Bhilai,Education,Department of Higher Education,Chhattisgarh,Bhilai,"Indian Institute of Technology, Bhilai",1189.0,1189.0,1.92,41,41,2025-05-29,2028-10-31,2028-10-31,0.0,0.16,KNR Constructions Ltd,0,PPP,Complete,Not Required,Not Required,Complete,Open,0,2026-04-02,8.2,0,0,0,0.0,0.0,8.0,Low
PROJ-617878,Phase B of Construction of Permanent Campus of IIT Palakkad,Education,Department of Higher Education,Kerala,Palakkad,INDIAN INSTITUTE OF TECHNOLOGY PALAKKAD,1527.0,1527.0,9.8,41,41,2025-05-29,2028-10-31,2028-10-31,0.0,0.64,Dilip Buildcon Ltd,0,Externally Aided,Complete,Not Required,Obtained,Partial,Limited,0,2026-02-14,7.5,0,0,0,0.0,0.0,8.0,Low
PROJ-611957,"Phase III A works at IIT Indore [03 Hostels, 01 Studio Apartment, 01 Housing, Heavy & Sophisticated lab complex, Academic POD and Infrastructure for center of excellence]",Education,Department of Higher Education,Madhya Pradesh,Indore,"Indian Institute of Technology, Indore",496.0,496.0,97.35,38,38,2023-12-27,2027-02-19,2027-02-19,68.0,19.63,Adani Infra Ltd,0,State,Complete,Obtained,Obtained,Complete,Limited,0,2026-06-16,8.6,0,0,0,0.0,0.0,8.0,Low
PROJ-606112,Tezpur University Projects,Education,Department of Higher Education,Himachal Pradesh,Shimla,Tezpur University,154.0,154.0,266.14,53,79,2019-05-29,2023-11-08,2025-12-31,98.0,100.0,Afcons Infrastructure,1,Externally Aided,Partial,Obtained,Not Required,Complete,Open,1,2026-03-26,5.5,2,0,1,0.0,49.06,28.5,Low
PROJ-400081,"National Sports University [NSU], Imphal [Manipur]",Education,Department of Sports,Manipur,Imphal,Department of Sports & Youth Affairs,906.0,611.74,577.32,26,50,2022-06-13,2024-08-26,2026-08-08,98.0,63.72,Larsen & Toubro Ltd,3,Central,Partial,Obtained,Obtained,Not Started,Single,2,2026-02-02,5.6,2,0,1,0.0,92.31,40.5,Medium
PROJ-618992,100 MW SPP part of SECI 150 MW Hybrid,Electricity Generation,Ministry of Coal,Meghalaya,Tura,NLC India Limited [NLCIL],481.0,481.0,2.75,53,53,2022-07-21,2026-12-31,2026-12-31,1.0,0.57,Afcons Infrastructure,0,Central,Complete,Obtained,Obtained,Complete,Open,0,2026-04-02,8.3,0,0,0,0.0,0.0,8.0,Low
PROJ-618991,200 MW SPP part of 510 MW CPSU scheme,Electricity Generation,Ministry of Coal,Bihar,Purnia,NLC India Limited [NLCIL],1221.0,1221.0,71.51,53,53,2022-07-21,2026-12-31,2026-12-31,0.0,5.86,Dilip Buildcon Ltd,0,Central,Complete,Obtained,Obtained,Complete,Limited,0,2026-04-12,7.1,0,0,0,0.0,0.0,8.0,Low
PROJ-617299,50 MW Wind Power Project,Electricity Generation,Ministry of Coal,Rajasthan,Bikaner,NLC India Limited,384.0,384.0,333.34,35,53,2022-07-21,2025-06-30,2026-12-31,52.0,86.81,Afcons Infrastructure,4,Externally Aided,Complete,Obtained,Not Required,Not Started,Limited,1,2026-03-07,5.6,0,0,1,0.0,51.43,40.7,Medium
PROJ-617730,600 MW Khavda Solar Power Project,Electricity Generation,Ministry of Coal,Andhra Pradesh,Tirupati,NLC India Limited [NLCIL],3336.0,3336.0,2122.95,35,41,2023-08-01,2026-06-30,2026-12-31,62.0,63.64,PNC Infratech Ltd,1,Central,Complete,Pending,Pending,Not Started,Single,4,2026-07-05,5.2,2,0,1,0.0,17.14,19.1,Low
PROJ-618981,810 MW Solar Power Project - Rajasthan,Electricity Generation,Ministry of Coal,Rajasthan,Jaipur,NLC India Limited [NLCIL],4147.0,4147.0,249.95,41,41,2024-10-10,2028-03-25,2028-03-25,0.0,6.03,Dilip Buildcon Ltd,1,Central,Complete,Obtained,Obtained,Complete,Open,0,2026-06-03,9.7,0,0,0,0.0,0.0,8.0,Low
PROJ-400231,NLC Talabira Thermal Power Project,Electricity Generation,Ministry of Coal,Nagaland,Kohima,NLC India Limited,27213.0,27213.0,3574.21,158,158,2017-01-25,2030-03-31,2030-03-31,4.0,13.13,IRB Infrastructure Developers,0,PPP,Complete,Obtained,Obtained,Complete,Open,0,2026-03-29,8.5,0,0,0,0.0,0.0,8.0,Low
PROJ-611699,186 MW Tato-I H E Project,Electricity Generation,Ministry of Power,Kerala,Kochi,North Eastern Electric Power Corporation Limited,1750.0,1750.0,79.45,56,56,2024-12-11,2029-07-29,2029-07-29,6.0,4.54,Adani Infra Ltd,0,State,Complete,Obtained,Obtained,Complete,Single,1,2026-05-08,8.9,0,0,0,0.0,0.0,8.0,Low
PROJ-611698,240MW Heo HE Project,Electricity Generation,Ministry of Power,Gujarat,Jamnagar,North Eastern Electric Power Corporation Limited,1939.0,1939.0,106.28,56,56,2024-12-11,2029-07-29,2029-07-29,7.0,5.48,Larsen & Toubro Ltd,0,Central,Partial,Obtained,Obtained,Complete,Single,0,2026-03-24,7.3,1,0,0,0.0,0.0,8.0,Low
PROJ-611716,700 MW Tato-II HE Project,Electricity Generation,Ministry of Power,Telangana,Ramagundam,North Eastern Electric Power Corporation Limited,8146.0,8146.0,253.97,72,72,2025-09-04,2031-09-03,2031-09-03,7.0,3.12,Larsen & Toubro Ltd,1,Central,Complete,Obtained,Obtained,Complete,Single,0,2026-05-16,7.2,0,0,0,0.0,0.0,8.0,Low
PROJ-709747,Bagodara Solar Power Project,Electricity Generation,Ministry of Power,Jammu and Kashmir,Srinagar,Satluj Jal Vidyut Nigam [SJVN] Thermal Limited,339.0,339.0,370.0,57,57,2021-03-26,2025-12-31,2025-12-31,52.0,100.0,Hindustan Construction Company (HCC),0,PPP,Complete,Obtained,Obtained,Complete,Open,0,2026-02-27,9.4,1,0,0,0.0,0.0,15.4,Low
PROJ-602579,Buxar Thermal Power Project [1320 MW],Electricity Generation,Ministry of Power,Uttarakhand,Dehradun,Satluj Jal Vidyut Nigam [SJVN] Thermal Limited,10439.0,13756.6,13731.8,58,87,2019-03-08,2024-01-08,2026-05-30,95.0,99.82,Dilip Buildcon Ltd,2,PPP,Partial,Obtained,Obtained,Not Started,Limited,5,2026-06-10,3.9,2,1,1,31.78,50.0,49.9,Medium
PROJ-619056,"Darlipali Super Thermal Power Project, Stage-II [1x800 MW]",Electricity Generation,Ministry of Power,Goa,South Goa,National Thermal Power Corporation [NTPC],11131.0,11131.0,566.2,63,67,2025-11-06,2031-01-31,2031-05-31,3.0,5.09,Tata Projects Ltd,0,Externally Aided,Partial,Obtained,Obtained,Partial,Limited,1,2026-08-13,7.8,0,0,0,0.0,6.35,8.0,Low
PROJ-602582,Dhaulasidh Hydro Electric Project [66 MW],Electricity Generation,Ministry of Power,Himachal Pradesh,Dharamshala,Satluj Jal Vidyut Nigam [SJVN] Thermal Limited,688.0,1763.31,1275.68,61,78,2020-10-01,2025-11-05,2027-03-31,81.0,72.35,Patel Engineering,4,PPP,Complete,Obtained,Pending,Not Started,Single,4,2026-05-12,6.2,0,1,1,156.3,27.87,53.5,Medium
PROJ-602182,Dibang Multipurpose Project,Electricity Generation,Ministry of Power,Ladakh,Kargil,National Hydroelectric Power Corporation Limited [NHPC],31876.0,31876.0,4921.36,108,108,2023-02-27,2032-02-26,2032-02-26,18.0,15.44,Shapoorji Pallonji Co,1,Externally Aided,Complete,Obtained,Obtained,Partial,Limited,0,2026-04-05,7.9,0,0,0,0.0,0.0,8.0,Low
PROJ-618976,"Gadarwara Super Thermal Power Project, Stage-II [2x800 MW]",Electricity Generation,Ministry of Power,Sikkim,Gangtok,National Thermal Power Corporation [NTPC],20446.0,20446.0,2329.76,65,65,2024-11-05,2030-03-31,2030-03-31,12.0,11.39,GMR Infrastructure,0,Externally Aided,Partial,Obtained,Obtained,Complete,Open,0,2026-02-28,8.5,0,0,0,0.0,0.0,8.0,Low
PROJ-602538,Installation of FGD for 4x210 & 2x250 MW MTPS U 1-6,Electricity Generation,Ministry of Power,Haryana,Panipat,Damodar Valley Corporation,1037.0,1106.0,1143.06,55,87,2019-06-25,2024-01-22,2026-09-30,97.0,100.0,IRB Infrastructure Developers,2,Central,Partial,Obtained,Obtained,Not Started,Limited,5,2026-05-19,3.5,2,0,1,6.65,58.18,41.8,Medium
PROJ-619311,Kalai-II Hydro Electric Project [1200 MW],Electricity Generation,Ministry of Power,Andhra Pradesh,Kadapa,THDC India Limited,14106.0,14106.0,189.68,78,78,2026-04-22,2032-10-22,2032-10-22,0.0,1.34,Patel Engineering,1,State,Complete,Obtained,Obtained,Complete,Open,1,2026-03-04,7.3,0,0,0,0.0,0.0,8.0,Low
PROJ-602532,Kiru HE Project,Electricity Generation,Ministry of Power,Jammu and Kashmir,Srinagar,National Hydroelectric Power Corporation Limited [NHPC],4288.0,5409.0,3948.67,54,94,2019-03-08,2023-09-07,2026-12-31,87.0,73.0,PNC Infratech Ltd,3,Externally Aided,Partial,Obtained,Pending,Partial,Open,3,2026-03-11,5.8,2,1,1,26.14,74.07,53.1,Medium
PROJ-611509,"Koderma Thermal Power Station Phase II [2X800 MW] At Koderma, Jharkhand",Electricity Generation,Ministry of Power,Jharkhand,Ranchi,Damodar Valley Corporation,14358.0,14358.0,2229.31,75,75,2023-04-28,2029-07-14,2029-07-14,14.0,15.53,Hindustan Construction Company (HCC),0,Externally Aided,Complete,Obtained,Not Required,Complete,Open,1,2026-05-19,8.0,1,0,0,0.0,0.0,8.0,Low
PROJ-605155,Kwar HE Project,Electricity Generation,Ministry of Power,Telangana,Karimnagar,National Hydroelectric Power Corporation Limited [NHPC],4526.0,4526.0,1701.47,54,71,2022-05-10,2026-11-10,2028-03-31,37.0,37.59,Ashoka Buildcon Ltd,1,State,Partial,Pending,Obtained,Not Started,Limited,2,2026-02-06,4.0,1,0,1,0.0,31.48,22.9,Low
PROJ-611930,Lara Super Thermal Power Project Stage-II [2 x 800 MW],Electricity Generation,Ministry of Power,Jharkhand,Hazaribagh,National Thermal Power Corporation [NTPC],15530.0,16106.0,5472.13,58,63,2023-08-29,2028-06-30,2028-11-30,34.0,33.98,Larsen & Toubro Ltd,0,Externally Aided,Complete,Obtained,Obtained,Partial,Open,0,2026-04-03,8.1,0,0,0,3.71,8.62,8.0,Low
PROJ-602593,Luhri Stage-I Hydro Electric Project [210 MW],Electricity Generation,Ministry of Power,Ladakh,Leh,Satluj Jal Vidyut Nigam [SJVN] Thermal Limited,1811.0,4345.31,1980.59,62,114,2020-11-20,2026-01-19,2030-05-29,52.0,45.58,Megha Engineering (MEIL),3,Externally Aided,Partial,Obtained,Not Required,Not Started,Open,1,2026-03-23,4.6,2,1,1,139.94,83.87,69.7,High
PROJ-298178,"Meja Thermal Power Project, Stage-II , (3x800 MW)",Electricity Generation,Ministry of Power,Telangana,Khammam,National Thermal Power Corporation [NTPC],38358.0,38358.0,1002.73,79,79,2026-06-04,2032-12-31,2032-12-31,0.0,2.61,KNR Constructions Ltd,0,Central,Complete,Obtained,Obtained,Complete,Limited,1,2026-07-26,8.4,0,0,0,0.0,0.0,8.0,Low
PROJ-619051,"Nabinagar Super Thermal Power Project, Stage-II [3x800 MW]",Electricity Generation,Ministry of Power,Mizoram,Aizawl,National Thermal Power Corporation [NTPC],29948.0,29948.0,3422.25,69,69,2024-11-05,2030-07-31,2030-07-31,15.0,11.43,Dilip Buildcon Ltd,0,PPP,Complete,Obtained,Obtained,Complete,Open,0,2026-07-30,7.9,1,0,0,0.0,0.0,8.0,Low
PROJ-602525,"Pakal Dul [Drangdhuran] Hydroelectric Project, 1000 MW",Electricity Generation,Ministry of Power,West Bengal,Howrah,National Hydroelectric Power Corporation Limited [NHPC],8112.0,12728.0,9313.54,66,146,2014-10-28,2020-04-27,2026-12-31,82.0,73.17,Hindustan Construction Company (HCC),1,Central,Not Started,Obtained,Pending,Partial,Open,3,2026-02-04,5.1,0,1,1,56.9,121.21,64.5,Medium
PROJ-400261,Patratu Thermal Power Station Expansion Project Phase-I [3x800 MW],Electricity Generation,Ministry of Power,Kerala,Calicut,National Thermal Power Corporation [NTPC],18668.0,20302.0,19735.7,65,114,2017-11-07,2023-03-31,2027-04-30,92.0,97.21,NCC Limited,1,Externally Aided,Partial,Obtained,Obtained,Partial,Limited,5,2026-02-08,4.6,1,0,1,8.75,75.38,43.5,Medium
PROJ-400062,"Raghunathpur Thermal Power Station Phase II [2X660 MW] at Raghunathpur, Purulia, West Bengal",Electricity Generation,Ministry of Power,West Bengal,Kolkata,Damodar Valley Corporation,17673.0,17673.0,2268.62,79,79,2023-01-30,2029-08-28,2029-08-28,13.0,12.84,Tata Projects Ltd,0,Externally Aided,Complete,Obtained,Not Required,Partial,Limited,1,2026-05-27,9.4,0,0,0,0.0,0.0,8.0,Low
PROJ-602184,Rammam-III HEPP [3x40 MW],Electricity Generation,Ministry of Power,Himachal Pradesh,Bilaspur,National Thermal Power Corporation [NTPC],1382.0,2865.56,1690.73,61,181,2014-09-10,2019-09-30,2029-09-30,58.0,59.0,KNR Constructions Ltd,3,PPP,Complete,Pending,Obtained,Partial,Open,2,2026-05-29,6.9,1,1,1,107.35,196.72,68.0,High
PROJ-605156,Rangit-IV HE Project [120 MW] executed by Jal Power Corporation Ltd. [JPCL] - A wholly owned subsidiary of NHPC Ltd. acquired through NCLT,Electricity Generation,Ministry of Power,Karnataka,Mangaluru,National Hydroelectric Power Corporation Limited [NHPC],938.0,1828.11,1718.16,38,68,2021-03-30,2024-05-29,2026-11-30,98.0,93.99,Afcons Infrastructure,1,State,Complete,Pending,Pending,Partial,Open,2,2026-02-07,6.1,3,1,1,94.89,78.95,68.8,High
PROJ-602535,"Ratle HE Project - 850 MW, Ratle Hydroelectric Power Corporation Limited.",Electricity Generation,Ministry of Power,Rajasthan,Jodhpur,National Hydroelectric Power Corporation Limited [NHPC],5282.0,5282.0,1645.11,60,94,2021-02-11,2026-02-10,2028-11-28,32.0,31.15,PNC Infratech Ltd,4,State,Partial,Obtained,Not Required,Partial,Open,1,2026-01-22,6.5,1,0,1,0.0,56.67,33.9,Low
PROJ-612142,"Singrauli Super Thermal Power Project, Stage-III [2x800 MW]",Electricity Generation,Ministry of Power,Delhi,Dwarka,National Thermal Power Corporation [NTPC],17195.0,17195.0,3840.48,72,74,2024-03-03,2030-02-28,2030-04-30,25.0,22.33,Shapoorji Pallonji Co,1,Externally Aided,Complete,Obtained,Obtained,Partial,Open,0,2026-01-06,8.8,1,0,0,0.0,2.78,8.0,Low
PROJ-617188,"Sipat Super Thermal Power Project, Stage-III [1x800 MW]",Electricity Generation,Ministry of Power,Odisha,Puri,National Thermal Power Corporation [NTPC],9791.0,9791.0,1910.55,60,62,2024-09-20,2029-09-30,2029-11-30,22.0,19.51,Dilip Buildcon Ltd,1,Central,Complete,Obtained,Obtained,Complete,Open,0,2026-01-13,9.2,0,0,0,0.0,3.33,8.0,Low
PROJ-602096,Subansiri Lower HE Project [2000 MW],Electricity Generation,Ministry of Power,Delhi,New Delhi,National Hydroelectric Power Corporation Limited [NHPC],6285.0,26075.5,26448.1,84,283,2003-09-09,2010-09-08,2027-03-31,98.0,100.0,Tata Projects Ltd,3,Central,Not Started,Obtained,Not Required,Not Started,Limited,1,2026-03-31,5.3,3,1,1,314.88,236.9,73.2,High
PROJ-611586,Sunni Dam Hydro Electric Project [382 MW],Electricity Generation,Ministry of Power,Odisha,Balasore,Satluj Jal Vidyut Nigam [SJVN] Thermal Limited,2615.0,4555.49,1152.21,63,84,2023-01-12,2028-04-03,2029-12-31,35.0,25.29,Hindustan Construction Company (HCC),4,Externally Aided,Partial,Obtained,Not Required,Complete,Open,1,2026-03-23,3.6,1,1,1,74.21,33.33,53.4,Medium
PROJ-602961,Talcher Thermal Power Station Stage III [2 x 660 MW] Expansion,Electricity Generation,Ministry of Power,Manipur,Thoubal,National Thermal Power Corporation [NTPC],11844.0,12543.0,7031.31,57,69,2022-08-25,2027-05-31,2028-05-31,55.0,56.06,IRB Infrastructure Developers,4,State,Complete,Pending,Obtained,Partial,Single,1,2026-06-13,4.7,3,0,1,5.9,21.05,22.5,Low
PROJ-602185,Tapovan-Vishnugad HEP [4x130 MW],Electricity Generation,Ministry of Power,Goa,Vasco da Gama,National Thermal Power Corporation [NTPC],2978.0,10907.3,7827.81,76,272,2006-11-16,2013-03-31,2029-07-31,76.0,71.77,Patel Engineering,2,Central,Complete,Pending,Pending,Not Started,Limited,4,2026-06-03,5.2,3,1,1,266.26,257.89,73.1,High
PROJ-602181,"TEESTA-VI HE PROJECT, SIKKIM [500 MW], executed by LANCO TEESTA HYDRO POWER LIMITED [A wholly owned Subsidiary of NHPC LTD. acquired through NCLT]",Electricity Generation,Ministry of Power,Sikkim,Gangtok,National Hydroelectric Power Corporation Limited [NHPC],5748.0,5748.04,4572.68,60,127,2019-03-08,2024-03-07,2029-09-30,74.0,79.55,Megha Engineering (MEIL),2,PPP,Partial,Obtained,Obtained,Partial,Limited,4,2026-07-30,6.9,2,0,1,0.0,111.67,41.1,Medium
PROJ-619341,"Telangana Super Thermal Power Project , Stage-II [3 x 800 MW]",Electricity Generation,Ministry of Power,Telangana,Hyderabad,National Thermal Power Corporation [NTPC],29345.0,29345.0,732.96,70,70,2026-03-29,2032-01-31,2032-01-31,1.0,2.5,Patel Engineering,0,State,Complete,Obtained,Obtained,Complete,Limited,0,2026-01-29,9.4,0,0,0,0.0,0.0,8.0,Low
PROJ-602195,Vishnugad Pipalkoti Hydro Electric Project [444 MW],Electricity Generation,Ministry of Power,Mizoram,Aizawl,THDC India Limited,3860.0,6405.08,5832.69,172,238,2008-08-21,2022-12-15,2028-06-30,82.0,91.06,Dilip Buildcon Ltd,4,PPP,Complete,Obtained,Pending,Partial,Open,1,2026-06-05,6.4,1,1,1,65.93,38.37,57.8,Medium
PROJ-604833,"Andheri Residential Towers, Mumbai",Energy Storage,Ministry of Petroleum & Natural Gas,Maharashtra,Mumbai,Indian Oil Corporation Limited [IOCL],281.0,389.67,281.24,95,120,2017-06-27,2025-05-31,2027-06-30,86.0,72.17,Patel Engineering,1,State,Partial,Pending,Not Required,Not Started,Open,2,2026-02-10,7.1,2,1,1,38.67,26.32,38.8,Medium
PROJ-617839,Capacity Augmentation of Kandla LPG Import Terminal [KLIT] from 0.6 MMTPA to 2.5 MMTPA,Energy Storage,Ministry of Petroleum & Natural Gas,Nagaland,Dimapur,Indian Oil Corporation Limited [IOCL],357.0,304.4,168.04,38,38,2023-05-29,2026-07-31,2026-07-31,68.0,47.07,Megha Engineering (MEIL),0,PPP,Complete,Obtained,Obtained,Complete,Open,0,2026-07-05,8.2,1,0,0,0.0,0.0,8.0,Low
PROJ-709754,"Construction of LPG Facilities at Kamardanga, Assam",Energy Storage,Ministry of Petroleum & Natural Gas,Assam,Guwahati,Hindustan Petroleum Corporation Limited,156.0,156.36,114.1,51,51,2023-03-30,2027-07-04,2027-07-04,84.0,72.97,Patel Engineering,1,Central,Complete,Obtained,Obtained,Complete,Single,0,2026-03-11,8.1,0,0,0,0.23,0.0,8.0,Low
PROJ-604852,"Grass-root Terminal at Mirzapur, Uttar Pradesh",Energy Storage,Ministry of Petroleum & Natural Gas,Uttar Pradesh,Lucknow,Indian Oil Corporation Limited [IOCL],980.0,980.45,308.35,50,50,2022-09-29,2026-11-30,2026-11-30,77.0,31.45,Afcons Infrastructure,0,PPP,Complete,Obtained,Obtained,Complete,Open,1,2026-07-12,9.4,0,0,0,0.05,0.0,8.0,Low
PROJ-400012,Kandla Gorakhpur LPG Pipeline,Energy Storage,Ministry of Petroleum & Natural Gas,Uttar Pradesh,Gorakhpur,Indian Oil Corporation Limited [IOCL],10088.0,10088.0,8504.21,36,94,2018-12-31,2021-12-30,2026-10-30,96.0,84.3,IRB Infrastructure Developers,1,Central,Partial,Obtained,Pending,Partial,Single,2,2026-08-11,7.0,0,0,1,0.0,161.11,36.1,Medium
PROJ-400043,Laying of POL Pipelines in Common Corridor for proposed grass root terminal at Vallur [Chennai],Energy Storage,Ministry of Petroleum & Natural Gas,Tamil Nadu,Chennai,MinistryofPetroleumNaturalGas,829.0,829.0,382.47,52,62,2022-01-31,2026-05-31,2027-03-31,81.0,46.14,Dilip Buildcon Ltd,2,Central,Not Started,Pending,Pending,Complete,Open,3,2026-06-10,5.7,1,0,1,0.0,19.23,21.2,Low
PROJ-617829,LPG Bottling Plant at Mualkhang,Energy Storage,Ministry of Petroleum & Natural Gas,Jammu and Kashmir,Srinagar,Indian Oil Corporation Limited [IOCL],226.0,225.71,32.45,51,51,2024-07-04,2028-10-10,2028-03-31,34.0,14.36,IRCON International,0,Externally Aided,Complete,Obtained,Obtained,Complete,Limited,0,2026-05-29,7.1,0,0,0,0.0,0.0,8.0,Low
PROJ-400301,Multi Product Pipeline from Irugur to Devangonthi,Energy Storage,Ministry of Petroleum & Natural Gas,Rajasthan,Alwar,MinistryofPetroleumNaturalGas,678.0,1732.0,1206.36,52,167,2012-11-09,2017-02-25,2026-09-30,86.0,69.65,Patel Engineering,2,Externally Aided,Partial,Pending,Not Required,Partial,Open,4,2026-05-22,5.3,0,1,1,155.46,221.15,68.9,High
PROJ-701349,Paradip-Numaligarh Crude Oil Pipeline [PNCPL] & Crude Oil Import Terminal [COIT] at Paradip,Energy Storage,Ministry of Petroleum & Natural Gas,Tamil Nadu,Tirunelveli,Numaligarh Refinery Limited,10228.0,12407.0,11168.5,66,93,2019-01-28,2024-07-27,2026-10-31,93.0,90.02,GMR Infrastructure,3,Central,Partial,Obtained,Not Required,Not Started,Open,1,2026-04-18,7.0,0,1,1,21.3,40.91,35.7,Medium
PROJ-709759,"Petrochemical evacuation marketing terminal at Barmer, Rajasthan",Energy Storage,Ministry of Petroleum & Natural Gas,Rajasthan,Jaipur,Hindustan Petroleum Corporation Limited,461.0,461.05,252.18,36,36,2023-12-07,2026-12-06,2026-12-06,98.0,54.7,Afcons Infrastructure,0,Central,Complete,Not Required,Obtained,Complete,Single,0,2026-01-17,8.5,0,0,0,0.01,0.0,8.0,Low
PROJ-619313,Setting up of 50 MW [plus/minus 5 percent] Wind Power Plant for Captive Consumption at MR,Energy Storage,Ministry of Petroleum & Natural Gas,Jharkhand,Hazaribagh,Bharat Petroleum Corporation Limited [BPCL],483.0,483.14,380.62,48,48,2023-05-15,2027-04-30,2027-04-30,78.0,78.78,IRCON International,0,State,Partial,Obtained,Obtained,Partial,Open,0,2026-04-25,9.2,0,0,0,0.03,0.0,8.0,Low
PROJ-709755,"Setting up of new rail fed POL facility at Kamardanga, Assam",Energy Storage,Ministry of Petroleum & Natural Gas,Assam,Guwahati,Hindustan Petroleum Corporation Limited,384.0,384.04,250.07,51,51,2023-03-29,2027-07-04,2027-07-04,88.0,65.12,IRCON International,0,Externally Aided,Complete,Obtained,Obtained,Partial,Open,0,2026-04-28,8.1,1,0,0,0.01,0.0,8.0,Low
PROJ-701171,AIIMS Bibinagar,Healthcare,Ministry of Health & Family Welfare,Delhi,North Delhi,PMSSY AND Institute of NATIONAL Importance,1028.0,1365.95,1028.94,90,96,2018-12-17,2026-06-30,2026-12-31,88.0,75.33,NCC Limited,3,PPP,Not Started,Obtained,Pending,Partial,Open,5,2026-04-12,5.6,1,1,0,32.87,6.67,31.6,Low
PROJ-701172,AIIMS Darbhanga,Healthcare,Ministry of Health & Family Welfare,Bihar,Darbhanga,PMSSY AND Institute of NATIONAL Importance,2006.0,2006.0,40.33,106,106,2020-09-15,2029-07-31,2029-07-31,1.0,2.01,Patel Engineering,0,Externally Aided,Partial,Obtained,Obtained,Complete,Open,1,2026-05-16,8.4,0,0,0,0.0,0.0,8.0,Low
PROJ-701167,AIIMS Kashmir at Awantipora Jammu & Kashmir,Healthcare,Ministry of Health & Family Welfare,Jammu and Kashmir,Jammu,PMSSY AND Institute of NATIONAL Importance,1828.0,2570.19,1602.61,83,96,2019-01-10,2025-12-02,2026-12-31,79.0,62.35,IRB Infrastructure Developers,3,Externally Aided,Not Started,Pending,Obtained,Not Started,Limited,3,2026-05-11,5.4,0,1,1,40.6,15.66,38.1,Medium
PROJ-701173,AIIMS Majra Rewari Haryana,Healthcare,Ministry of Health & Family Welfare,Haryana,Gurugram,Ministry of Health and Family Welfare,1299.0,1646.43,747.62,94,94,2019-02-28,2026-12-31,2026-12-31,67.0,45.41,Patel Engineering,4,Central,Not Started,Obtained,Not Required,Complete,Open,5,2026-07-01,7.2,2,1,0,26.75,0.0,25.8,Low
PROJ-701170,AIIMS Rajkot,Healthcare,Ministry of Health & Family Welfare,Gujarat,Rajkot,PMSSY AND Institute of NATIONAL Importance,1195.0,1195.0,805.48,87,96,2019-01-10,2026-03-31,2026-12-31,94.0,67.4,Afcons Infrastructure,0,PPP,Complete,Obtained,Obtained,Complete,Single,1,2026-05-04,9.8,0,0,0,0.0,10.34,8.0,Low
PROJ-701168,ALL India Institute of Medical Sciences-AIIMS Madurai,Healthcare,Ministry of Health & Family Welfare,Tamil Nadu,Madurai,PMSSY AND Institute of NATIONAL Importance,1264.0,2021.51,540.92,44,94,2018-12-17,2022-08-31,2026-10-31,54.0,26.76,Shapoorji Pallonji Co,2,Externally Aided,Partial,Pending,Obtained,Partial,Open,5,2026-04-14,3.8,3,1,1,59.93,113.64,69.7,High
PROJ-707019,Establishment of new GMC Buxar,Healthcare,Ministry of Health & Family Welfare,Uttarakhand,Dehradun,"Medical Education, Ministry of Health and Family Welfare",250.0,250.0,150.0,6,6,2022-04-05,1900-01-01,1900-01-01,0.0,60.0,Larsen & Toubro Ltd,0,State,Complete,Obtained,Obtained,Complete,Single,0,2026-04-18,8.6,0,0,0,0.0,0.0,15.0,Low
PROJ-707022,Establishment of new GMC Chaibasa [Singhbhum],Healthcare,Ministry of Health & Family Welfare,Assam,Guwahati,"Medical Education, Ministry of Health and Family Welfare",250.0,454.1,65.0,87,87,2018-06-15,2025-09-09,2025-09-09,57.0,14.31,Hindustan Construction Company (HCC),3,Central,Complete,Pending,Not Required,Complete,Open,5,2026-03-05,6.3,0,1,0,81.64,0.0,39.1,Medium
PROJ-707039,Establishment of new GMC Gangtok,Healthcare,Ministry of Health & Family Welfare,Sikkim,Gangtok,"Medical Education, Ministry of Health and Family Welfare",250.0,635.21,667.21,99,99,2018-10-06,2026-12-31,2026-07-01,92.0,100.0,KNR Constructions Ltd,2,Externally Aided,Complete,Obtained,Obtained,Not Started,Open,2,2026-04-23,4.0,3,1,0,154.08,0.0,40.9,Medium
PROJ-706988,Establishment of new GMC Gondia,Healthcare,Ministry of Health & Family Welfare,Karnataka,Mysuru,"Medical Education, Ministry of Health and Family Welfare",189.0,189.0,113.4,6,6,2021-07-15,1900-01-01,1900-01-01,40.0,60.0,Larsen & Toubro Ltd,0,Externally Aided,Complete,Obtained,Obtained,Complete,Open,0,2026-07-21,7.2,0,0,0,0.0,0.0,8.0,Low
PROJ-707052,Establishment of new GMC Handwara [Distt. Kupwara],Healthcare,Ministry of Health & Family Welfare,Karnataka,Ballari,"Medical Education, Ministry of Health and Family Welfare",325.0,325.0,173.0,6,6,2025-03-21,1900-01-01,1900-01-01,0.0,53.23,Patel Engineering,0,Central,Complete,Not Required,Not Required,Complete,Limited,1,2026-06-21,8.9,0,0,0,0.0,0.0,15.8,Low
PROJ-707070,Establishment of new GMC Hoshiarpur,Healthcare,Ministry of Health & Family Welfare,Sikkim,Gangtok,"Medical Education, Ministry of Health and Family Welfare",325.0,374.75,2.04,107,107,2020-01-27,2028-12-31,2028-12-31,5.0,0.54,Tata Projects Ltd,4,PPP,Partial,Obtained,Obtained,Complete,Single,3,2026-06-04,7.0,3,1,0,15.31,0.0,18.7,Low
PROJ-707020,Establishment of new GMC Jamui,Healthcare,Ministry of Health & Family Welfare,Telangana,Hyderabad,"Medical Education, Ministry of Health and Family Welfare",250.0,500.0,103.21,79,79,2019-03-07,2025-10-06,2025-10-06,50.0,20.64,Shapoorji Pallonji Co,3,Central,Partial,Obtained,Obtained,Partial,Single,4,2026-01-16,7.2,3,1,0,100.0,0.0,41.6,Medium
PROJ-707017,Establishment of new GMC Jhanjharpur,Healthcare,Ministry of Health & Family Welfare,Andhra Pradesh,Tirupati,"Medical Education, Ministry of Health and Family Welfare",250.0,250.0,150.0,6,6,2025-09-14,1900-01-01,1900-01-01,0.0,60.0,Adani Infra Ltd,0,Central,Complete,Not Required,Obtained,Partial,Open,0,2026-01-18,8.9,0,0,0,0.0,0.0,15.0,Low
PROJ-707046,Establishment of new GMC Kanker,Healthcare,Ministry of Health & Family Welfare,Bihar,Muzaffarpur,"Medical Education, Ministry of Health and Family Welfare",325.0,325.0,37.0,85,85,2020-02-19,2027-03-31,2027-03-31,45.0,11.38,Afcons Infrastructure,1,PPP,Complete,Obtained,Obtained,Complete,Single,0,2026-06-08,9.1,0,0,0,0.0,0.0,8.0,Low
PROJ-707069,Establishment of new GMC Kapurthala,Healthcare,Ministry of Health & Family Welfare,Ladakh,Leh,"Medical Education, Ministry of Health and Family Welfare",325.0,550.0,50.0,109,109,2019-11-27,2028-12-31,2028-12-31,0.0,9.09,Shapoorji Pallonji Co,2,State,Partial,Obtained,Pending,Complete,Open,5,2026-06-29,3.7,1,1,0,69.23,0.0,43.4,Medium
PROJ-707021,Establishment of new GMC Koderma,Healthcare,Ministry of Health & Family Welfare,Telangana,Hyderabad,"Medical Education, Ministry of Health and Family Welfare",250.0,504.8,271.0,35,35,2023-09-05,2026-08-19,2026-08-19,40.0,53.68,Adani Infra Ltd,4,PPP,Complete,Pending,Not Required,Not Started,Open,2,2026-06-15,3.6,2,1,0,101.92,0.0,45.5,Medium
PROJ-707044,Establishment of new GMC Korba,Healthcare,Ministry of Health & Family Welfare,Chhattisgarh,Korba,"Medical Education, Ministry of Health and Family Welfare",325.0,322.85,179.49,46,46,2023-02-24,2026-12-31,2026-12-31,55.0,55.23,KNR Constructions Ltd,0,State,Partial,Not Required,Not Required,Complete,Open,0,2026-07-26,9.7,1,0,0,0.0,0.0,8.0,Low
PROJ-707057,Establishment of new GMC Leh,Healthcare,Ministry of Health & Family Welfare,Ladakh,Leh,"Medical Education, Ministry of Health and Family Welfare",325.0,325.0,127.0,6,6,2019-10-04,1900-01-01,1900-01-01,0.0,39.08,NCC Limited,0,Central,Complete,Obtained,Obtained,Partial,Open,0,2026-04-15,9.1,1,0,0,0.0,0.0,12.7,Low
PROJ-707045,Establishment of new GMC Mahasamund,Healthcare,Ministry of Health & Family Welfare,Kerala,Palakkad,"Medical Education, Ministry of Health and Family Welfare",325.0,325.0,321.7,31,31,2023-10-19,2026-05-31,2026-05-31,84.0,98.98,Ashoka Buildcon Ltd,0,Central,Complete,Obtained,Obtained,Partial,Limited,0,2026-02-08,7.3,0,0,0,0.0,0.0,8.0,Low
PROJ-707059,Establishment of new GMC Mandla,Healthcare,Ministry of Health & Family Welfare,Goa,Vasco da Gama,"Medical Education, Ministry of Health and Family Welfare",325.0,325.0,89.41,32,32,2023-08-04,2026-04-08,2026-04-08,45.0,27.51,Ashoka Buildcon Ltd,0,PPP,Complete,Obtained,Obtained,Complete,Open,0,2026-02-27,9.1,0,0,0,0.0,0.0,8.0,Low
PROJ-707067,Establishment of new GMC Mon,Healthcare,Ministry of Health & Family Welfare,Odisha,Rourkela,"Medical Education, Ministry of Health and Family Welfare",325.0,325.0,155.0,6,6,2024-04-20,1900-01-01,1900-01-01,0.0,47.69,Shapoorji Pallonji Co,1,Externally Aided,Complete,Obtained,Obtained,Partial,Limited,1,2026-07-07,7.2,1,0,0,0.0,0.0,17.3,Low
PROJ-707049,Establishment of new GMC Panchmahal,Healthcare,Ministry of Health & Family Welfare,Sikkim,Gyalshing,"Medical Education, Ministry of Health and Family Welfare",325.0,663.5,467.34,42,42,2022-09-20,2026-03-31,2026-03-31,88.0,70.44,IRCON International,1,State,Not Started,Pending,Not Required,Not Started,Single,3,2026-07-07,4.9,1,1,0,104.15,0.0,41.4,Medium
PROJ-707087,Establishment of new GMC Pithoragarh,Healthcare,Ministry of Health & Family Welfare,Bihar,Patna,"Medical Education, Ministry of Health and Family Welfare",325.0,768.89,470.08,64,64,2021-08-25,2026-12-31,2026-12-31,78.0,61.14,PNC Infratech Ltd,3,PPP,Not Started,Obtained,Obtained,Partial,Open,1,2026-08-07,7.2,1,1,0,136.58,0.0,39.1,Medium
PROJ-707050,Establishment of new GMC Porbandar,Healthcare,Ministry of Health & Family Welfare,Tripura,Dharmanagar,"Medical Education, Ministry of Health and Family Welfare",325.0,618.98,936.64,30,30,2022-04-05,2024-09-30,2024-09-30,81.0,100.0,Megha Engineering (MEIL),1,Central,Complete,Obtained,Pending,Not Started,Open,1,2026-06-07,5.6,3,1,0,90.46,0.0,43.7,Medium
PROJ-707058,Establishment of new GMC Rajgarh,Healthcare,Ministry of Health & Family Welfare,Uttar Pradesh,Noida,"Medical Education, Ministry of Health and Family Welfare",325.0,325.0,179.5,28,28,2021-12-08,2024-04-19,2024-04-19,86.0,55.23,KNR Constructions Ltd,0,Central,Complete,Obtained,Obtained,Complete,Single,0,2026-06-23,8.2,0,0,0,0.0,0.0,8.0,Low
PROJ-707086,Establishment of new GMC Rudrapur,Healthcare,Ministry of Health & Family Welfare,Himachal Pradesh,Solan,"Medical Education, Ministry of Health and Family Welfare",325.0,325.0,353.01,51,51,2022-10-04,2026-12-31,2026-12-31,95.0,100.0,KNR Constructions Ltd,0,Externally Aided,Complete,Obtained,Obtained,Complete,Open,1,2026-02-15,8.6,0,0,0,0.0,0.0,8.0,Low
PROJ-706966,Establishment of new GMC Samastipur,Healthcare,Ministry of Health & Family Welfare,Assam,Silchar,"Medical Education, Ministry of Health and Family Welfare",189.0,189.0,113.4,6,6,2024-06-21,1900-01-01,1900-01-01,0.0,60.0,IRB Infrastructure Developers,1,PPP,Complete,Obtained,Obtained,Complete,Single,1,2026-05-02,9.6,0,0,0,0.0,0.0,17.0,Low
PROJ-706965,Establishment of new GMC Saran [Chhapara],Healthcare,Ministry of Health & Family Welfare,Andhra Pradesh,Guntur,"Medical Education, Ministry of Health and Family Welfare",189.0,189.0,113.4,6,6,2024-08-04,1900-01-01,1900-01-01,0.0,60.0,Adani Infra Ltd,0,State,Complete,Obtained,Obtained,Complete,Limited,0,2026-05-15,7.9,0,0,0,0.0,0.0,15.0,Low
PROJ-707016,Establishment of new GMC Sitamarhi,Healthcare,Ministry of Health & Family Welfare,Arunachal Pradesh,Itanagar,"Medical Education, Ministry of Health and Family Welfare",250.0,250.0,150.0,6,6,2025-01-23,1900-01-01,1900-01-01,0.0,60.0,Larsen & Toubro Ltd,0,State,Complete,Obtained,Not Required,Complete,Single,0,2026-06-26,8.0,0,0,0,0.0,0.0,15.0,Low
PROJ-707018,Establishment of new GMC Siwan,Healthcare,Ministry of Health & Family Welfare,Jharkhand,Dhanbad,"Medical Education, Ministry of Health and Family Welfare",250.0,250.0,150.0,6,6,2025-04-09,1900-01-01,1900-01-01,0.0,60.0,IRB Infrastructure Developers,1,State,Complete,Obtained,Obtained,Complete,Open,0,2026-07-11,9.7,0,0,0,0.0,0.0,16.2,Low
PROJ-707051,Establishment of new GMc Udhampur,Healthcare,Ministry of Health & Family Welfare,Jammu and Kashmir,Udhampur,"Medical Education, Ministry of Health and Family Welfare",325.0,325.0,222.0,90,90,2019-09-27,2027-03-31,2027-03-31,75.0,68.31,IRB Infrastructure Developers,0,PPP,Partial,Obtained,Obtained,Complete,Single,0,2026-01-17,9.7,1,0,0,0.0,0.0,8.0,Low
PROJ-706989,Establishment of new GMC West Garo Hills [Tura],Healthcare,Ministry of Health & Family Welfare,Meghalaya,Tura,"Medical Education, Ministry of Health and Family Welfare",189.0,189.0,170.1,6,6,2022-01-19,1900-01-01,1900-01-01,0.0,90.0,NCC Limited,0,PPP,Complete,Obtained,Obtained,Complete,Single,0,2026-03-26,7.7,1,0,0,0.0,0.0,16.0,Low
PROJ-617883,"Redevelopment of Residential colonies at Ayur Vigyan Nagar and West Ansari Nagar campuses of AIIMS, New Delhi",Healthcare,Ministry of Health & Family Welfare,Delhi,New Delhi,PMSSY AND Institute of NATIONAL Importance,4441.0,4441.0,44.44,127,127,2016-10-25,2027-06-02,2027-06-02,57.0,1.0,GMR Infrastructure,1,Externally Aided,Partial,Obtained,Obtained,Complete,Open,0,2026-04-24,8.1,0,0,0,0.0,0.0,8.0,Low
PROJ-617882,"Setting up IT Infrastructure including Network Security and Hosting at AIIMS, New Delhi",Healthcare,Ministry of Health & Family Welfare,Delhi,New Delhi,PMSSY AND Institute of NATIONAL Importance,358.0,358.0,53.73,12,12,2025-09-11,2026-09-10,2026-09-10,40.0,15.01,IRCON International,0,State,Complete,Obtained,Obtained,Complete,Open,1,2026-05-04,7.5,1,0,0,0.0,0.0,8.0,Low
PROJ-612186,350 Bedded [Upgradable to 500 beds] ESI Hospital at Sanand,Healthcare,Ministry of Labour and Employment,Uttar Pradesh,Agra,Employee's State Insurance Company [ESIC],558.0,558.0,55.81,45,59,2022-06-18,2026-03-04,2027-05-08,28.0,10.0,IRB Infrastructure Developers,3,Central,Not Started,Obtained,Pending,Partial,Open,2,2026-03-30,7.2,3,0,1,0.0,31.11,27.4,Low
PROJ-612748,"Construction of 100 bed ESI Hospital and Staff Quarters [32 Nos.] at Harohalli, Karnataka",Healthcare,Ministry of Labour and Employment,Karnataka,Bengaluru,Employee's State Insurance Company [ESIC],151.0,151.0,31.05,91,91,2019-07-16,2027-02-28,2027-02-28,28.0,20.56,Megha Engineering (MEIL),0,PPP,Partial,Obtained,Obtained,Partial,Single,0,2026-02-07,9.0,1,0,0,0.0,0.0,8.0,Low
PROJ-612513,"Construction of 100 Bedded ESI Hospital at Duburi, Odisha.",Healthcare,Ministry of Labour and Employment,Odisha,Bhubaneswar,Employee's State Insurance Company [ESIC],165.0,165.0,16.44,198,198,2010-12-10,2027-06-09,2027-06-09,7.0,9.96,IRB Infrastructure Developers,0,Externally Aided,Partial,Not Required,Obtained,Complete,Single,0,2026-01-20,7.8,0,0,0,0.0,0.0,8.0,Low
PROJ-612745,"Construction of 200 bed ESI Hospital at Bommasandra, Karnataka",Healthcare,Ministry of Labour and Employment,Karnataka,Bengaluru,Employee's State Insurance Company [ESIC],278.0,278.0,80.52,143,147,2015-02-18,2027-01-12,2027-05-28,35.0,28.96,GMR Infrastructure,0,Central,Complete,Not Required,Obtained,Partial,Single,0,2026-05-27,8.1,0,0,0,0.0,2.8,8.0,Low
PROJ-612213,"Construction of 200 Bedded ESIC Hospital at Butibori, Nagpur, Maharashtra.",Healthcare,Ministry of Labour and Employment,Maharashtra,Nagpur,Employee's State Insurance Company [ESIC],195.0,196.7,116.22,142,155,2013-10-28,2025-08-31,2026-09-30,67.0,59.08,Hindustan Construction Company (HCC),0,Externally Aided,Complete,Not Required,Obtained,Complete,Single,0,2026-08-13,9.6,0,0,0,0.87,9.15,8.0,Low
PROJ-612259,CONSTRUCTION OF 300 BEDDED HOSPITAL AT HARIDWAR,Healthcare,Ministry of Labour and Employment,Uttarakhand,Haridwar,Employee's State Insurance Company [ESIC],102.0,297.63,340.3,44,65,2021-02-22,2024-10-30,2026-07-31,90.0,100.0,Ashoka Buildcon Ltd,1,Central,Not Started,Obtained,Not Required,Partial,Open,5,2026-04-10,4.7,1,1,1,191.79,47.73,64.4,Medium
PROJ-612167,"Construction of 350 beds + 50 Super Specialty beds ESIC Hospital Sheelanagar, Visakhapatnam, Andhra Pradesh",Healthcare,Ministry of Labour and Employment,Andhra Pradesh,Visakhapatnam,Employee's State Insurance Company [ESIC],384.0,384.0,286.38,56,66,2021-02-22,2025-10-09,2026-08-31,95.0,74.58,KNR Constructions Ltd,1,Central,Partial,Pending,Not Required,Partial,Single,5,2026-08-04,5.5,0,0,1,0.0,17.86,16.5,Low
PROJ-612211,"Demolition, Construction and upgradation of ESI Hospital, Kalol, Gujarat from 50 beds to 150 beds.",Healthcare,Ministry of Labour and Employment,Gujarat,Ahmedabad,Employee's State Insurance Company [ESIC],206.0,206.0,51.74,37,51,2022-08-26,2025-10-05,2026-11-30,58.0,25.12,Adani Infra Ltd,2,Central,Not Started,Obtained,Obtained,Not Started,Single,1,2026-07-01,6.4,3,0,1,0.0,37.84,28.5,Low
PROJ-616691,"Upgradation & Extension of ESIC Hospital and Construction of PG Hostel / Staff Housing for ESIC Hospital at Andheri, Mumbai",Healthcare,Ministry of Labour and Employment,Maharashtra,Mumbai,Employee's State Insurance Company [ESIC],260.0,260.0,216.46,200,213,2008-12-26,2025-08-15,2026-09-30,89.0,83.25,Afcons Infrastructure,0,Externally Aided,Complete,Obtained,Obtained,Partial,Limited,0,2026-05-02,8.8,0,0,0,0.0,6.5,8.0,Low
PROJ-701565,Jal Marg Vikas Project,Inland Waterways,"Ministry of Ports, Shipping and Waterways",Arunachal Pradesh,Pasighat,Inland Waterways Authority of India [IWAI],5369.0,5061.15,4187.19,72,106,2018-01-03,2023-12-31,2026-10-24,85.0,77.99,Larsen & Toubro Ltd,1,Externally Aided,Not Started,Pending,Not Required,Not Started,Open,4,2026-03-04,6.9,2,0,1,0.0,47.22,34.4,Low
PROJ-707410,Integrated Multi Modal Logistics Hub at Nangal Chaudhary in Haryana - Other Trunk Infrastructure Development Phase 1,Logistics Infrastructure,Department for Promotion of Industry & Internal Trade,Haryana,Gurugram,NICDC,763.0,763.0,430.0,68,120,2018-05-16,2023-12-31,2028-05-15,60.0,56.36,Shapoorji Pallonji Co,3,State,Complete,Obtained,Pending,Partial,Single,2,2026-07-25,6.8,3,0,1,0.0,76.47,39.7,Medium
PROJ-709832,25.5 MW WIND POWER PROJECT AT KAYATHAR IN TAMILNADU,Metals & Mining,Ministry of Mines,Jammu and Kashmir,Jammu,National Aluminium Company Limited [NALCO],166.0,166.0,135.0,90,102,2017-09-27,2025-03-31,2026-03-31,70.0,81.33,Shapoorji Pallonji Co,0,Externally Aided,Complete,Obtained,Obtained,Complete,Open,0,2026-07-22,9.8,1,0,0,0.0,13.33,10.4,Low
PROJ-400141,Expansion of Alumina Refinery Plant with addition of 5th Stream having capacity enhancement of 1.0 Million Tonee Per Annum,Metals & Mining,Ministry of Mines,Mizoram,Champhai,National Aluminium Company Limited [NALCO],4103.0,5677.4,5023.49,68,110,2017-04-21,2022-12-31,2026-06-30,96.0,88.48,Tata Projects Ltd,4,Externally Aided,Partial,Obtained,Obtained,Partial,Limited,5,2026-05-24,6.8,3,1,1,38.37,61.76,56.9,Medium
PROJ-400426,Expansion of Malanjkhand Copper Project,Metals & Mining,Ministry of Mines,Himachal Pradesh,Dharamshala,Hindustan Copper Limited [HCL],1856.0,3800.0,1018.09,103,210,2011-09-30,2020-04-30,2029-03-31,28.0,26.79,Hindustan Construction Company (HCC),1,Externally Aided,Partial,Pending,Obtained,Partial,Limited,1,2026-03-12,4.4,3,1,1,104.74,103.88,68.3,High
PROJ-400299,Pottangi Bauxite Mines Project,Metals & Mining,Ministry of Mines,Telangana,Khammam,National Aluminium Company Limited [NALCO],1381.0,1960.77,770.37,83,103,2018-05-14,2025-03-31,2026-11-30,52.0,39.29,NCC Limited,3,Externally Aided,Not Started,Pending,Pending,Complete,Open,1,2026-08-10,6.6,1,1,1,41.98,24.1,41.9,Medium
PROJ-709831,SOURCING OF BAUXITE ARRANGEMENT FOR 5TH STREAM ALUMINA REFINERY FROM SOUTH BLOCK MINING LEASE OF PANCHPATMAILI MINES,Metals & Mining,Ministry of Mines,Chhattisgarh,Jagdalpur,National Aluminium Company Limited [NALCO],483.0,483.0,453.89,91,104,2017-11-11,2025-05-31,2026-06-30,93.0,93.97,Shapoorji Pallonji Co,0,Central,Complete,Obtained,Not Required,Complete,Open,0,2026-03-06,8.8,0,0,0,0.0,14.29,8.0,Low
PROJ-615202,Capacity expansion of Deposit-14 and 14 NMZ at Kirandul,Metals & Mining,Ministry of Steel,Goa,Vasco da Gama,National Mineral Development Corporation Limited [NMDC],1700.0,1756.2,292.01,89,89,2021-08-12,2028-12-31,2028-03-27,23.0,16.63,Megha Engineering (MEIL),1,PPP,Complete,Obtained,Obtained,Complete,Open,0,2026-08-04,9.0,0,0,0,3.31,0.0,8.0,Low
PROJ-400171,2G Ethanol Biorefinery at Bathinda,Oil & Gas,Ministry of Petroleum & Natural Gas,Punjab,Bathinda,Hindustan Petroleum Corporation Limited,1421.0,1421.46,1291.35,33,79,2020-05-19,2023-02-18,2026-12-31,96.0,90.85,Larsen & Toubro Ltd,2,Externally Aided,Complete,Obtained,Obtained,Partial,Limited,5,2026-02-01,4.5,0,0,1,0.03,139.39,36.4,Medium
PROJ-400168,"500 KTA PDHPP Project, Usar",Oil & Gas,Ministry of Petroleum & Natural Gas,Tamil Nadu,Salem,Gas Authority of India Limited [GAIL],8797.0,11256.0,8861.88,48,75,2021-04-08,2025-04-08,2027-06-30,92.0,78.73,Larsen & Toubro Ltd,1,Central,Complete,Pending,Pending,Not Started,Limited,2,2026-03-07,4.6,1,1,1,27.95,56.25,46.2,Medium
PROJ-617822,ATF Pipeline from BPCLs Malkapur POL Installation to Hyderabad International airport,Oil & Gas,Ministry of Petroleum & Natural Gas,Telangana,Hyderabad,Bharat Petroleum Corporation Limited [BPCL],215.0,215.0,46.87,31,31,2025-03-06,2027-09-24,2027-09-24,29.0,21.8,Afcons Infrastructure,0,Central,Complete,Obtained,Obtained,Complete,Open,0,2026-01-30,8.7,0,0,0,0.0,0.0,8.0,Low
PROJ-617838,Augmentation of CCKPL and IDPL Pipelines capacity along with setting up of Palakkad TOP,Oil & Gas,Ministry of Petroleum & Natural Gas,Kerala,Palakkad,Bharat Petroleum Corporation Limited [BPCL],1130.0,1130.0,324.61,48,48,2024-09-12,2028-08-31,2028-08-31,49.0,28.73,Patel Engineering,0,State,Complete,Obtained,Obtained,Complete,Open,0,2026-02-09,8.8,0,0,0,0.0,0.0,8.0,Low
PROJ-619224,Augmentation of DUPL-DPPL Pipeline,Oil & Gas,Ministry of Petroleum & Natural Gas,Nagaland,Kohima,Gas Authority of India Limited [GAIL],844.0,844.0,1.2,33,33,2025-06-23,2028-03-22,2028-03-22,8.0,0.14,PNC Infratech Ltd,1,State,Complete,Obtained,Obtained,Complete,Open,0,2026-07-17,8.8,0,0,0,0.0,0.0,8.0,Low
PROJ-709786,"Augmentation/ Revamping of Dimapur Depot, Dimapur",Oil & Gas,Ministry of Petroleum & Natural Gas,Nagaland,Dimapur,Indian Oil Corporation Limited [IOCL],228.0,227.62,28.03,51,51,2023-08-18,2027-11-30,2027-11-30,43.0,12.29,Afcons Infrastructure,0,Externally Aided,Complete,Not Required,Obtained,Complete,Limited,1,2026-02-07,9.2,0,0,0,0.0,0.0,8.0,Low
PROJ-709776,Augmentation/Revamping of Facilities at existing Guwahati Terminal at Betkuchi,Oil & Gas,Ministry of Petroleum & Natural Gas,Assam,Guwahati,Indian Oil Corporation Limited [IOCL],277.0,323.09,236.16,54,54,2022-04-06,2026-09-30,2026-09-30,84.0,73.09,IRCON International,3,PPP,Not Started,Pending,Not Required,Complete,Open,4,2026-04-17,6.3,3,1,0,16.64,0.0,22.5,Low
PROJ-701324,Barauni Refinery Capacity Expansion from 6.0 to 9.0 MMTPA,Oil & Gas,Ministry of Petroleum & Natural Gas,Jammu and Kashmir,Udhampur,Indian Oil Corporation Limited [IOCL],14810.0,16724.0,13089.8,39,83,2020-01-30,2023-04-30,2026-12-31,92.0,78.27,Ashoka Buildcon Ltd,2,PPP,Complete,Pending,Pending,Complete,Limited,5,2026-03-03,4.0,2,1,1,12.92,112.82,47.2,Medium
PROJ-709850,Borholla GGS Life Extension Project [BLEP],Oil & Gas,Ministry of Petroleum & Natural Gas,Assam,Dibrugarh,Oil and Natural Gas Corporation Limited [ONGC],199.0,198.7,110.99,32,42,2023-09-18,2026-05-16,2027-03-31,64.0,55.77,KNR Constructions Ltd,4,State,Complete,Pending,Not Required,Not Started,Single,4,2026-06-18,5.9,2,0,1,0.0,31.25,27.1,Low
PROJ-619312,Bulk Loading Hub- Kanpur,Oil & Gas,Ministry of Petroleum & Natural Gas,Uttar Pradesh,Kanpur,Bharat Petroleum Corporation Limited [BPCL],186.0,186.0,104.24,24,24,2025-09-26,2027-09-30,2027-09-30,62.0,56.04,NCC Limited,1,PPP,Complete,Obtained,Obtained,Complete,Single,0,2026-05-02,9.3,1,0,0,0.0,0.0,8.0,Low
PROJ-617830,C2/C3 Vijaipur Pata Pipeline,Oil & Gas,Ministry of Petroleum & Natural Gas,Andhra Pradesh,Visakhapatnam,Gas Authority of India Limited [GAIL],1792.0,1792.0,541.2,32,32,2024-05-16,2027-01-15,2027-01-15,73.0,30.2,Ashoka Buildcon Ltd,0,Central,Partial,Obtained,Not Required,Complete,Open,0,2026-06-25,8.7,0,0,0,0.0,0.0,8.0,Low
PROJ-709779,Capacity Expansion of Digboi Refinery from 0.65 to 1.0 MMTPA,Oil & Gas,Ministry of Petroleum & Natural Gas,Odisha,Bhubaneswar,Indian Oil Corporation Limited [IOCL],768.0,740.0,250.84,44,61,2022-06-28,2026-03-08,2027-07-31,60.0,32.66,Patel Engineering,2,PPP,Complete,Pending,Obtained,Complete,Single,5,2026-08-16,4.0,0,0,1,0.0,38.64,25.3,Low
PROJ-701289,Capacity Expansion of Panipat Refinery from 15 to 25 MMTPA,Oil & Gas,Ministry of Petroleum & Natural Gas,Haryana,Panipat,Indian Oil Corporation Limited [IOCL],34627.0,36225.0,28007.3,43,70,2021-02-26,2024-09-30,2026-12-31,94.0,77.31,Adani Infra Ltd,4,Externally Aided,Not Started,Obtained,Not Required,Not Started,Limited,2,2026-06-29,5.5,1,0,1,4.61,62.79,43.0,Medium
PROJ-604795,CBR 9 MMTPA Project,Oil & Gas,Ministry of Petroleum & Natural Gas,Tamil Nadu,Chennai,Chennai Petroleum Corporation Limited [CPCL],31580.0,36354.0,1615.38,45,45,2021-09-03,2025-06-02,2025-06-02,10.0,4.44,Dilip Buildcon Ltd,3,PPP,Not Started,Pending,Obtained,Not Started,Open,4,2026-03-19,4.3,1,1,0,15.12,0.0,21.4,Low
PROJ-619196,Change of service of existing Mundra-Panipat Pipeline [Panipat - Churwa section] from Crude oil to Product,Oil & Gas,Ministry of Petroleum & Natural Gas,Haryana,Panipat,Indian Oil Corporation Limited [IOCL],359.0,359.0,52.55,23,23,2025-05-30,2027-04-30,2027-04-30,43.0,14.64,Adani Infra Ltd,1,Central,Complete,Obtained,Obtained,Partial,Open,0,2026-05-05,8.4,0,0,0,0.0,0.0,8.0,Low
PROJ-617818,"City Gas Distribution [CGD] Project in Gajapati, Kandhamal, Boudh, & Sonepur GA",Oil & Gas,Ministry of Petroleum & Natural Gas,Delhi,North Delhi,GAIL Gas,515.0,514.91,25.77,118,118,2022-02-28,2031-12-31,2031-12-31,6.0,5.0,Patel Engineering,1,Externally Aided,Partial,Obtained,Obtained,Complete,Open,0,2026-07-16,8.5,0,0,0,0.0,0.0,8.0,Low
PROJ-617819,"City Gas Distribution [CGD] Project in Kondagaon, Bastar, Sukma, Narayanpur, Bijapur & Dantewada GA",Oil & Gas,Ministry of Petroleum & Natural Gas,Meghalaya,Tura,GAIL Gas,557.0,557.04,11.63,96,96,2022-06-13,2030-06-12,2030-06-12,2.0,2.09,Dilip Buildcon Ltd,0,Externally Aided,Complete,Obtained,Obtained,Complete,Open,1,2026-01-30,8.3,0,0,0,0.01,0.0,8.0,Low
PROJ-701338,City Gas Distribution Maharashtra Natural Gas Limited,Oil & Gas,Ministry of Petroleum & Natural Gas,Maharashtra,Mumbai,Gas Authority of India Limited [GAIL],5535.0,5535.0,4481.93,305,305,2006-01-13,2031-06-08,2031-06-08,47.0,80.97,KNR Constructions Ltd,1,State,Complete,Obtained,Obtained,Complete,Open,1,2026-07-31,8.1,0,0,0,0.0,0.0,12.2,Low
PROJ-709771,"City Gas Distribution Project at Beed, Jalgaon and Jalna Districts",Oil & Gas,Ministry of Petroleum & Natural Gas,Maharashtra,Mumbai,Indian Oil Corporation Limited [IOCL],865.0,865.0,89.23,115,115,2022-03-15,2031-09-30,2031-09-30,3.0,10.32,Megha Engineering (MEIL),0,Central,Complete,Not Required,Obtained,Partial,Limited,0,2026-08-09,8.4,0,0,0,0.0,0.0,8.0,Low
PROJ-709772,"City Gas Distribution Project at East Mednipore, West Mednipore & Jhargram Districts",Oil & Gas,Ministry of Petroleum & Natural Gas,Kerala,Thiruvananthapuram,Indian Oil Corporation Limited [IOCL],609.0,609.0,64.44,111,111,2022-03-23,2031-06-30,2031-06-30,3.0,10.58,Ashoka Buildcon Ltd,0,PPP,Partial,Obtained,Obtained,Complete,Open,0,2026-01-26,8.3,1,0,0,0.0,0.0,8.0,Low
PROJ-709773,"City Gas Distribution Project at Jammu, Udhampur, Reasi, Samba and Kathua Districts",Oil & Gas,Ministry of Petroleum & Natural Gas,Jammu and Kashmir,Jammu,Indian Oil Corporation Limited [IOCL],538.0,538.0,4.45,151,151,2022-03-15,2034-09-30,2034-09-30,1.0,0.83,PNC Infratech Ltd,0,State,Complete,Not Required,Not Required,Complete,Limited,1,2026-01-06,7.4,0,0,0,0.0,0.0,8.0,Low
PROJ-709770,City Gas Distribution Project at Pathankot District,Oil & Gas,Ministry of Petroleum & Natural Gas,Andhra Pradesh,Kurnool,Indian Oil Corporation Limited [IOCL],151.0,151.0,9.02,138,138,2022-03-29,2033-09-30,2033-09-30,2.0,5.97,Ashoka Buildcon Ltd,0,Central,Complete,Obtained,Obtained,Complete,Open,0,2026-03-29,7.3,0,0,0,0.0,0.0,8.0,Low
PROJ-709791,City Gas Distribution Projects at Alipurduar and Cooch Behar,Oil & Gas,Ministry of Petroleum & Natural Gas,Madhya Pradesh,Ujjain,Bharat Petroleum Corporation Limited [BPCL],1017.0,1017.0,238.41,87,87,2022-12-21,2030-03-31,2030-03-31,44.0,23.44,NCC Limited,0,State,Complete,Obtained,Obtained,Complete,Open,0,2026-01-18,9.4,0,0,0,0.0,0.0,8.0,Low
PROJ-709792,"City Gas Distribution Projects at Darbhanga, Madhubani, Supaul, Sitamarhi and Sheohar districts",Oil & Gas,Ministry of Petroleum & Natural Gas,Bihar,Darbhanga,Bharat Petroleum Corporation Limited [BPCL],3638.0,3638.0,493.91,87,87,2022-12-21,2030-03-31,2030-03-31,34.0,13.58,IRCON International,0,Externally Aided,Complete,Obtained,Obtained,Complete,Open,0,2026-03-04,8.6,0,0,0,0.0,0.0,8.0,Low
PROJ-709794,"City Gas Distribution Projects at Fazilka [except area already authorized], Ganganagar and Hanumangarh districts",Oil & Gas,Ministry of Petroleum & Natural Gas,Manipur,Thoubal,Bharat Petroleum Corporation Limited [BPCL],3207.0,3207.0,429.3,90,90,2022-12-21,2030-06-30,2030-06-30,31.0,13.39,Patel Engineering,1,Central,Complete,Obtained,Obtained,Complete,Open,0,2026-05-18,9.2,0,0,0,0.0,0.0,8.0,Low
PROJ-709793,"City Gas Distribution Projects at Gopalganj, Siwan, West Champaran, East Champaran and Deoria districts",Oil & Gas,Ministry of Petroleum & Natural Gas,Punjab,Patiala,Bharat Petroleum Corporation Limited [BPCL],3919.0,3919.0,527.15,90,90,2022-12-21,2030-06-30,2030-06-30,30.0,13.45,GMR Infrastructure,0,PPP,Complete,Obtained,Obtained,Complete,Open,0,2026-04-26,8.5,0,0,0,0.0,0.0,8.0,Low
PROJ-709795,"City Gas Distribution Projects at Lakhimpur Kheri , Sitapur, Bahraich, Shravasti,Balrampur, Siddharth Nagar & Maharajganj districts",Oil & Gas,Ministry of Petroleum & Natural Gas,Assam,Silchar,Bharat Petroleum Corporation Limited [BPCL],16654.0,16654.0,754.7,90,90,2022-12-21,2030-06-30,2030-06-30,20.0,4.53,GMR Infrastructure,0,Central,Complete,Obtained,Obtained,Partial,Open,0,2026-04-30,9.2,0,0,0,0.0,0.0,8.0,Low
PROJ-709796,City Gas Distribution Projects at the Nilgiris and Erode districts,Oil & Gas,Ministry of Petroleum & Natural Gas,Karnataka,Hubballi,Bharat Petroleum Corporation Limited [BPCL],3685.0,3685.0,303.1,87,87,2022-12-21,2030-03-31,2030-03-31,26.0,8.23,GMR Infrastructure,1,State,Complete,Obtained,Obtained,Complete,Single,0,2026-05-24,7.4,0,0,0,0.0,0.0,8.0,Low
PROJ-617836,Coke Drum Structure Package,Oil & Gas,Ministry of Petroleum & Natural Gas,Haryana,Faridabad,Numaligarh Refinery Limited,635.0,635.28,464.46,36,36,2022-12-20,2025-12-31,2025-12-31,72.0,73.11,Adani Infra Ltd,0,Externally Aided,Complete,Obtained,Obtained,Complete,Limited,0,2026-08-04,9.3,0,0,0,0.04,0.0,8.0,Low
PROJ-709838,Commercial Polymer Flooding Project in Bechraji field,Oil & Gas,Ministry of Petroleum & Natural Gas,Delhi,North Delhi,Oil and Natural Gas Corporation Limited [ONGC],621.0,739.02,280.45,34,64,2022-01-21,2024-11-30,2027-05-31,50.0,37.95,NCC Limited,4,State,Partial,Pending,Not Required,Partial,Single,4,2026-02-13,6.2,3,1,1,19.0,88.24,51.8,Medium
PROJ-709780,Construction of Additional Tankages and Allied Facilities at JNPT Terminal,Oil & Gas,Ministry of Petroleum & Natural Gas,Bihar,Bhagalpur,Indian Oil Corporation Limited [IOCL],341.0,436.14,305.01,52,52,2022-04-19,2026-08-31,2026-08-31,73.0,69.93,IRCON International,3,Externally Aided,Not Started,Pending,Obtained,Partial,Limited,4,2026-08-13,6.4,2,1,0,27.9,0.0,26.6,Low
PROJ-616858,"Construction of Field Gas Gathering Station at Baghjan area for collection, processing & transportation of natural Gas to be produced from Baghjan Field",Oil & Gas,Ministry of Petroleum & Natural Gas,Bihar,Darbhanga,Oil India Limited,431.0,430.76,348.65,39,71,2020-12-29,2024-03-31,2026-11-30,96.0,80.89,GMR Infrastructure,2,Central,Complete,Pending,Not Required,Partial,Open,3,2026-05-08,4.2,2,0,1,0.0,82.05,38.3,Medium
PROJ-709837,"Creation of Gas Dehydration Facilities, Tripura Asset",Oil & Gas,Ministry of Petroleum & Natural Gas,Tripura,Agartala,Oil and Natural Gas Corporation Limited [ONGC],209.0,131.51,81.31,27,56,2022-03-08,2024-05-31,2026-10-31,71.0,38.9,KNR Constructions Ltd,3,State,Not Started,Obtained,Obtained,Not Started,Limited,1,2026-04-24,5.1,3,0,1,0.0,107.41,42.6,Medium
PROJ-709800,"CUF POL Depot at Sadashibpur [Meramundali], Odisha",Oil & Gas,Ministry of Petroleum & Natural Gas,Odisha,Bhubaneswar,Bharat Petroleum Corporation Limited [BPCL],394.0,393.54,233.3,59,65,2021-04-21,2026-03-31,2026-09-30,86.0,59.21,Adani Infra Ltd,1,Externally Aided,Partial,Obtained,Obtained,Complete,Limited,0,2026-02-15,8.7,0,0,0,0.0,10.17,8.0,Low
PROJ-709839,Daman Upside Development Project,Oil & Gas,Ministry of Petroleum & Natural Gas,Odisha,Puri,Oil and Natural Gas Corporation Limited [ONGC],4144.0,6406.9,6302.5,40,54,2022-06-29,2025-10-31,2026-12-31,93.0,98.37,Hindustan Construction Company (HCC),1,Central,Complete,Pending,Not Required,Partial,Open,5,2026-02-06,5.4,1,1,1,54.61,35.0,49.6,Medium
PROJ-709864,DCU Revamp Project,Oil & Gas,Ministry of Petroleum & Natural Gas,Manipur,Churachandpur,Numaligarh Refinery Limited,370.0,370.0,310.38,35,68,2021-08-05,2024-07-17,2027-03-31,80.0,83.89,NCC Limited,4,Externally Aided,Not Started,Obtained,Not Required,Not Started,Limited,5,2026-04-11,4.2,1,0,1,0.0,94.29,46.2,Medium
PROJ-616879,Demo Bio-ATF Project,Oil & Gas,Ministry of Petroleum & Natural Gas,Mizoram,Champhai,Mangalore Refinery and Petrochemicals Limited,364.0,364.0,91.39,34,34,2024-03-22,2027-01-16,2027-01-16,55.0,25.11,KNR Constructions Ltd,0,State,Complete,Obtained,Obtained,Complete,Open,0,2026-01-16,7.6,0,0,0,0.0,0.0,8.0,Low
PROJ-610984,Development of Jharia CBM Block [Phase-1],Oil & Gas,Ministry of Petroleum & Natural Gas,Kerala,Kollam,Oil and Natural Gas Corporation Limited [ONGC],431.0,431.0,267.74,50,82,2019-11-21,2024-01-21,2026-09-30,66.0,62.12,PNC Infratech Ltd,3,Central,Not Started,Pending,Obtained,Partial,Open,4,2026-04-22,5.3,3,0,1,0.0,64.0,43.8,Medium
PROJ-604863,Development of Surface Facilities for production and evacuation of Crude Oil and Natural Gas from Nadua and East Khagorija,Oil & Gas,Ministry of Petroleum & Natural Gas,Tripura,Dharmanagar,Oil India Limited,683.0,726.93,601.12,26,108,2018-01-10,2020-02-29,2026-12-31,94.0,82.69,Tata Projects Ltd,4,Externally Aided,Complete,Pending,Pending,Partial,Limited,4,2026-01-15,4.5,2,0,1,6.43,315.38,45.9,Medium
PROJ-701344,Dhamra Haldia Pipeline Project,Oil & Gas,Ministry of Petroleum & Natural Gas,Maharashtra,Thane,Gas Authority of India Limited [GAIL],1031.0,1125.0,927.4,32,79,2020-03-03,2022-11-07,2026-09-30,94.0,82.44,IRB Infrastructure Developers,2,Externally Aided,Complete,Pending,Obtained,Not Started,Limited,1,2026-07-26,7.1,2,0,1,9.12,146.88,42.3,Medium
PROJ-617302,Durgapur - Haldia Pipeline [Section-3B of JHBDPL Project],Oil & Gas,Ministry of Petroleum & Natural Gas,West Bengal,Durgapur,Gas Authority of India Limited [GAIL],1740.0,2583.0,2380.8,46,115,2017-03-01,2020-12-31,2026-09-30,96.0,92.17,Tata Projects Ltd,4,Central,Complete,Obtained,Pending,Not Started,Limited,1,2026-02-28,4.7,2,1,1,48.45,150.0,62.4,Medium
PROJ-709798,Ethylene Cracker Project at Bina Refinery including downstream Petrochemical Plants and expansion of Refinery,Oil & Gas,Ministry of Petroleum & Natural Gas,Ladakh,Leh,Bharat Petroleum Corporation Limited [BPCL],43367.0,43367.0,6104.0,61,61,2023-05-15,2028-05-31,2028-05-31,34.0,14.08,PNC Infratech Ltd,1,Central,Partial,Obtained,Obtained,Complete,Single,1,2026-02-20,7.1,0,0,0,0.0,0.0,8.0,Low
PROJ-619316,"Group Gathering Station, Lakwagaon",Oil & Gas,Ministry of Petroleum & Natural Gas,Arunachal Pradesh,Tawang,Oil India Limited,496.0,495.59,20.04,24,24,2025-10-09,2027-10-23,2027-10-23,8.0,4.04,GMR Infrastructure,0,PPP,Complete,Obtained,Not Required,Complete,Single,0,2026-04-26,7.4,0,0,0,0.0,0.0,8.0,Low
PROJ-612853,Gurdaspur Jammu Pipeline,Oil & Gas,Ministry of Petroleum & Natural Gas,Jammu and Kashmir,Jammu,Gas Authority of India Limited [GAIL],522.0,521.9,326.4,36,36,2023-07-12,2026-07-11,2026-07-11,91.0,62.53,IRB Infrastructure Developers,0,Central,Complete,Obtained,Obtained,Complete,Open,0,2026-03-15,8.3,0,0,0,0.0,0.0,8.0,Low
PROJ-709753,Haldia Panagarh Pipeline Project,Oil & Gas,Ministry of Petroleum & Natural Gas,Jharkhand,Deoghar,Hindustan Petroleum Corporation Limited,1010.0,1107.0,884.2,36,46,2022-11-09,2025-11-08,2026-08-31,98.0,79.87,Tata Projects Ltd,2,PPP,Partial,Obtained,Pending,Not Started,Limited,4,2026-03-05,5.0,2,0,1,9.6,27.78,29.2,Low
PROJ-709752,HP-COAT [Crude to Olefins and Aromatics Technology] demo unit at Visakh Refinery,Oil & Gas,Ministry of Petroleum & Natural Gas,Tripura,Udaipur,Hindustan Petroleum Corporation Limited,160.0,220.0,158.94,33,65,2021-09-23,2024-06-30,2027-02-28,94.0,72.25,Dilip Buildcon Ltd,4,State,Not Started,Obtained,Not Required,Not Started,Open,1,2026-01-10,4.2,0,1,1,37.5,96.97,57.7,Medium
PROJ-604853,"Indian Oil Technology Development and Deployment Centre at R&D Campus-II, Faridabad",Oil & Gas,Ministry of Petroleum & Natural Gas,Haryana,Faridabad,Indian Oil Corporation Limited [IOCL],2282.0,3200.0,1922.03,42,97,2019-06-27,2022-12-31,2027-07-31,65.0,60.06,Hindustan Construction Company (HCC),1,Central,Not Started,Pending,Not Required,Partial,Single,4,2026-02-25,6.2,1,1,1,40.23,130.95,58.8,Medium
PROJ-709777,Installation of Bitumen Manufacturing Unit along with allied facilities at Barauni Refinery,Oil & Gas,Ministry of Petroleum & Natural Gas,Tamil Nadu,Salem,Indian Oil Corporation Limited [IOCL],389.0,410.3,124.57,39,65,2022-01-31,2025-04-30,2027-06-30,66.0,30.36,KNR Constructions Ltd,1,State,Partial,Obtained,Not Required,Partial,Limited,2,2026-03-25,6.0,1,0,1,5.48,66.67,38.1,Medium
PROJ-619225,Installation of Compression facility at GAIL Usar,Oil & Gas,Ministry of Petroleum & Natural Gas,Madhya Pradesh,Indore,Gas Authority of India Limited [GAIL],260.0,260.2,0.0,24,24,2025-04-09,2027-04-08,2027-04-08,0.0,0.0,Patel Engineering,1,State,Partial,Obtained,Not Required,Complete,Limited,0,2026-08-09,7.2,0,0,0,0.08,0.0,8.0,Low
PROJ-709783,"Installation of Multiple Effect Evaporator [MEE] for ETP-1, 2 & 4 of Panipat Refinery and Petrochemical Complex.",Oil & Gas,Ministry of Petroleum & Natural Gas,Haryana,Panipat,Indian Oil Corporation Limited [IOCL],165.0,247.69,193.38,30,70,2020-12-22,2023-06-30,2026-10-31,92.0,78.07,IRCON International,2,Externally Aided,Complete,Obtained,Pending,Not Started,Limited,4,2026-02-04,5.9,3,1,1,50.12,133.33,64.2,Medium
PROJ-709778,Installation of new Biturox Unit along with allied facilities at Gujarat Refinery,Oil & Gas,Ministry of Petroleum & Natural Gas,Gujarat,Ahmedabad,Indian Oil Corporation Limited [IOCL],328.0,344.36,218.17,42,59,2022-01-31,2025-08-08,2026-12-31,88.0,63.36,Tata Projects Ltd,2,Central,Not Started,Obtained,Obtained,Not Started,Limited,5,2026-04-26,3.6,1,0,1,4.99,40.48,33.1,Low
PROJ-709851,Integrated Development of 4 Contract Areas under DSF-II,Oil & Gas,Ministry of Petroleum & Natural Gas,Bihar,Purnia,Oil and Natural Gas Corporation Limited [ONGC],6184.0,6183.79,2053.0,47,47,2023-05-26,2027-04-30,2027-04-30,47.0,33.2,Megha Engineering (MEIL),0,Central,Complete,Obtained,Obtained,Complete,Open,0,2026-08-04,8.7,0,0,0,0.0,0.0,8.0,Low
PROJ-604859,Integrated Para Xylene [PX] and Purified Terephthalic Acid [PTA] Project at Paradip Refinery,Oil & Gas,Ministry of Petroleum & Natural Gas,Haryana,Faridabad,Indian Oil Corporation Limited [IOCL],13805.0,11783.0,8870.29,42,73,2020-07-31,2024-01-31,2026-08-31,95.0,64.25,Tata Projects Ltd,1,Externally Aided,Complete,Obtained,Not Required,Not Started,Open,2,2026-01-19,5.1,2,0,1,0.0,73.81,36.3,Medium
PROJ-709842,"Kalol Redevelopment Project, Ahmedabad Asset",Oil & Gas,Ministry of Petroleum & Natural Gas,Gujarat,Ahmedabad,Oil and Natural Gas Corporation Limited [ONGC],1487.0,1487.41,946.45,55,55,2022-08-30,2027-03-31,2027-03-31,66.0,63.63,Adani Infra Ltd,0,Externally Aided,Complete,Obtained,Obtained,Partial,Single,0,2026-07-03,9.1,1,0,0,0.03,0.0,8.0,Low
PROJ-619191,Kanpur LPG Bottling Plant,Oil & Gas,Ministry of Petroleum & Natural Gas,Uttar Pradesh,Kanpur,Bharat Petroleum Corporation Limited [BPCL],202.0,202.0,132.75,24,24,2025-09-26,2027-09-30,2027-09-30,62.0,65.72,IRCON International,0,Central,Partial,Obtained,Obtained,Partial,Single,1,2026-03-03,9.3,0,0,0,0.0,0.0,8.0,Low
PROJ-400120,KG-DWN-98/2 Cluster - II Development Project - NELP Block,Oil & Gas,Ministry of Petroleum & Natural Gas,Uttar Pradesh,Ayodhya,Oil and Natural Gas Corporation Limited [ONGC],34012.0,34012.0,33192.0,51,126,2016-03-28,2020-06-30,2026-09-30,97.0,97.59,Afcons Infrastructure,1,Central,Complete,Pending,Pending,Partial,Open,1,2026-04-04,6.9,3,0,1,0.0,147.06,38.2,Medium
PROJ-701228,Kochi - Koottanad - Bangalore - Mangalore Pipeline Phase-II,Oil & Gas,Ministry of Petroleum & Natural Gas,Kerala,Kochi,Gas Authority of India Limited [GAIL],2915.0,5909.0,4881.8,42,207,2009-06-22,2012-12-31,2026-09-30,97.0,82.62,IRB Infrastructure Developers,4,PPP,Partial,Pending,Obtained,Partial,Limited,1,2026-06-30,4.4,2,1,1,102.71,392.86,70.9,High
PROJ-709785,Laying of Natural Gas Pipeline from Hazaribagh to Ranchi [HRPL],Oil & Gas,Ministry of Petroleum & Natural Gas,Jharkhand,Ranchi,Indian Oil Corporation Limited [IOCL],202.0,202.07,65.98,36,50,2023-02-09,2026-02-08,2027-03-31,58.0,32.65,Megha Engineering (MEIL),4,Central,Partial,Obtained,Obtained,Not Started,Single,4,2026-07-15,5.4,0,0,1,0.03,38.89,28.8,Low
PROJ-709750,Laying of new 28 inch Desal Water Pipeline and 10 inch Reject Water Pipeline between CPCL Manali Refinery and CPCL Desalination plant at Ennore,Oil & Gas,Ministry of Petroleum & Natural Gas,Tamil Nadu,Chennai,Chennai Petroleum Corporation Limited [CPCL],205.0,205.0,117.88,20,35,2024-01-22,2025-09-21,2026-12-31,77.0,57.5,Larsen & Toubro Ltd,1,Central,Complete,Obtained,Obtained,Partial,Open,1,2026-05-28,3.8,3,0,1,0.0,75.0,35.0,Medium
PROJ-400119,Life Extension of 48 well platforms of Mumbai High & Heera Fields,Oil & Gas,Ministry of Petroleum & Natural Gas,Maharashtra,Mumbai,Oil and Natural Gas Corporation Limited [ONGC],3191.0,3375.9,3123.2,28,130,2015-12-22,2018-04-30,2026-10-31,90.0,92.51,PNC Infratech Ltd,1,Central,Not Started,Obtained,Pending,Complete,Single,3,2026-02-07,5.6,3,0,1,5.79,364.29,45.2,Medium
PROJ-616933,Lube Modernization & Bottom Upgradation Project at Mumbai Refinery,Oil & Gas,Ministry of Petroleum & Natural Gas,Maharashtra,Mumbai,Hindustan Petroleum Corporation Limited,4679.0,6008.0,314.9,39,56,2024-12-16,2028-03-16,2029-08-31,14.0,5.24,KNR Constructions Ltd,3,Central,Complete,Obtained,Pending,Partial,Open,1,2026-06-06,6.0,3,1,1,28.4,43.59,41.3,Medium
PROJ-701330,Mehsana-Bhatinda & Bhatinda-Jammu Natural Gas Pipeline,Oil & Gas,Ministry of Petroleum & Natural Gas,Jammu and Kashmir,Jammu,Indian Oil Corporation Limited [IOCL],7392.0,7392.0,6360.86,156,156,2011-07-07,2024-06-30,2024-06-30,90.0,86.05,IRCON International,0,State,Partial,Not Required,Not Required,Partial,Open,0,2026-07-02,9.5,0,0,0,0.0,0.0,8.0,Low
PROJ-709848,MHN TCPP PGC BGC Project [MTPBP],Oil & Gas,Ministry of Petroleum & Natural Gas,Uttar Pradesh,Noida,Oil and Natural Gas Corporation Limited [ONGC],2329.0,2354.23,1930.25,47,54,2022-06-29,2026-05-19,2026-12-31,96.0,81.99,Ashoka Buildcon Ltd,1,Central,Complete,Obtained,Obtained,Partial,Open,0,2026-06-15,8.3,0,0,0,1.08,14.89,8.4,Low
PROJ-701346,North East Gas Grid,Oil & Gas,Ministry of Petroleum & Natural Gas,Mizoram,Champhai,Indradhanush Gas Grid Limited,9265.0,9265.0,7008.0,48,96,2020-04-01,2024-03-31,2028-03-31,88.0,75.64,Larsen & Toubro Ltd,3,Central,Complete,Obtained,Not Required,Complete,Limited,4,2026-06-27,5.4,3,0,1,0.0,100.0,39.8,Medium
PROJ-604791,Numaligarh Refinery Expansion Project,Oil & Gas,Ministry of Petroleum & Natural Gas,Manipur,Churachandpur,Numaligarh Refinery Limited,12366.0,25313.0,20411.2,48,80,2020-07-27,2024-07-27,2027-03-31,87.0,80.64,Ashoka Buildcon Ltd,1,Central,Complete,Pending,Not Required,Complete,Single,3,2026-02-10,3.5,2,1,1,104.7,66.67,67.1,High
PROJ-709841,Old Pipe Line Replacement [OPRP] Group-A,Oil & Gas,Ministry of Petroleum & Natural Gas,Mizoram,Aizawl,Oil and Natural Gas Corporation Limited [ONGC],173.0,169.84,168.22,49,65,2021-07-01,2025-07-18,2026-11-16,95.0,97.24,IRB Infrastructure Developers,4,Externally Aided,Complete,Pending,Not Required,Complete,Open,2,2026-07-26,4.8,1,0,1,0.0,32.65,24.3,Low
PROJ-619328,ONGC-BP Redevelopment Phase-1 Scheme of Mumbai High Field,Oil & Gas,Ministry of Petroleum & Natural Gas,Maharashtra,Mumbai,Oil and Natural Gas Corporation Limited [ONGC],3713.0,3908.0,2304.68,16,16,2025-11-25,2027-03-31,2027-03-31,56.0,58.97,Larsen & Toubro Ltd,1,State,Complete,Obtained,Not Required,Complete,Open,0,2026-05-24,8.5,1,0,0,5.25,0.0,8.0,Low
PROJ-619223,Petro Resid Fluidized Catalytic Cracking [PRFCC] Unit and its associated facilities at Mumbai Refinery,Oil & Gas,Ministry of Petroleum & Natural Gas,Maharashtra,Mumbai,Bharat Petroleum Corporation Limited [BPCL],13626.0,13626.0,93.6,52,52,2025-05-30,2029-09-30,2029-09-30,7.0,0.69,Adani Infra Ltd,1,Central,Complete,Obtained,Obtained,Complete,Single,1,2026-04-01,8.0,0,0,0,0.0,0.0,8.0,Low
PROJ-701329,Petrochemical and Lube Integration Project at Gujarat Refinery,Oil & Gas,Ministry of Petroleum & Natural Gas,Gujarat,Ahmedabad,Indian Oil Corporation Limited [IOCL],18936.0,17825.0,13901.1,47,74,2020-09-21,2024-08-31,2026-11-30,90.0,73.41,GMR Infrastructure,2,PPP,Partial,Pending,Not Required,Not Started,Open,2,2026-07-12,5.5,3,0,1,0.0,57.45,37.7,Medium
PROJ-709847,Pipeline Network Project Rudrasagar,Oil & Gas,Ministry of Petroleum & Natural Gas,Arunachal Pradesh,Itanagar,Oil and Natural Gas Corporation Limited [ONGC],481.0,481.03,238.83,39,51,2023-01-27,2026-04-27,2027-04-30,55.0,49.65,GMR Infrastructure,4,State,Complete,Obtained,Obtained,Partial,Open,5,2026-02-17,3.6,0,0,1,0.01,30.77,22.7,Low
PROJ-617827,"Pipeline Rehabilitation Project, Phase-II",Oil & Gas,Ministry of Petroleum & Natural Gas,Punjab,Patiala,Oil India Limited,680.0,680.0,13.53,60,60,2024-12-18,2029-12-17,2029-12-17,29.0,1.99,IRCON International,1,Externally Aided,Complete,Obtained,Obtained,Complete,Open,1,2026-04-14,9.7,0,0,0,0.0,0.0,8.0,Low
PROJ-619314,Pipeline Replacement Project- PRP-IX,Oil & Gas,Ministry of Petroleum & Natural Gas,Tripura,Dharmanagar,Oil and Natural Gas Corporation Limited [ONGC],6684.0,6175.0,979.47,21,21,2025-08-21,2027-05-15,2027-05-15,24.0,14.65,IRCON International,0,Externally Aided,Partial,Obtained,Obtained,Complete,Open,0,2026-06-12,7.1,1,0,0,0.0,0.0,8.0,Low
PROJ-709797,POL & LOBS Installations with Receipt Pipelines at Rasayani,Oil & Gas,Ministry of Petroleum & Natural Gas,Haryana,Faridabad,Bharat Petroleum Corporation Limited [BPCL],2585.0,2585.0,1507.62,37,37,2023-05-15,2026-05-31,2026-05-31,87.0,58.32,Shapoorji Pallonji Co,0,State,Partial,Not Required,Obtained,Partial,Open,0,2026-06-03,7.6,1,0,0,0.0,0.0,8.0,Low
PROJ-611917,Poly Butadiene Rubber plant at Panipat,Oil & Gas,Ministry of Petroleum & Natural Gas,Haryana,Panipat,Indian Oil Corporation Limited [IOCL],1459.0,2531.44,1560.24,37,58,2022-03-16,2025-03-31,2026-12-31,90.0,61.63,Adani Infra Ltd,4,PPP,Not Started,Pending,Pending,Complete,Single,5,2026-01-12,6.0,2,1,1,73.51,56.76,72.3,High
PROJ-709865,Power Recovery Turbine [PRT] in PFCCU unit as an Energy Conservation Scheme,Oil & Gas,Ministry of Petroleum & Natural Gas,Haryana,Ambala,Numaligarh Refinery Limited,294.0,293.5,81.84,21,45,2023-04-12,2024-12-31,2026-12-31,99.0,27.84,GMR Infrastructure,4,Central,Complete,Pending,Obtained,Partial,Limited,4,2026-05-16,3.5,3,0,1,0.0,114.29,41.5,Medium
PROJ-612790,Power System Upgradation Project,Oil & Gas,Ministry of Petroleum & Natural Gas,Arunachal Pradesh,Naharlagun,Mangalore Refinery and Petrochemicals Limited,385.0,385.0,271.36,25,35,2023-10-30,2025-11-17,2026-09-30,90.0,70.48,Megha Engineering (MEIL),1,State,Complete,Pending,Obtained,Not Started,Open,3,2026-03-23,6.1,3,0,1,0.0,40.0,27.6,Low
PROJ-619226,Provision of four bitumen tanks with capacity of 5 TMT each at Visakh Refinery,Oil & Gas,Ministry of Petroleum & Natural Gas,Ladakh,Kargil,Hindustan Petroleum Corporation Limited,258.0,258.34,8.67,30,30,2025-09-24,2028-03-24,2028-03-24,20.0,3.36,Adani Infra Ltd,0,PPP,Complete,Obtained,Obtained,Complete,Open,0,2026-07-09,8.6,1,0,0,0.13,0.0,8.0,Low
PROJ-616950,PRP-VIII [Group-A],Oil & Gas,Ministry of Petroleum & Natural Gas,Mizoram,Champhai,Oil and Natural Gas Corporation Limited [ONGC],1589.0,1486.4,629.46,18,18,2024-09-05,2026-02-28,2026-02-28,60.0,39.61,Megha Engineering (MEIL),1,Central,Complete,Obtained,Obtained,Complete,Limited,0,2026-06-24,8.6,0,0,0,0.0,0.0,8.0,Low
PROJ-709849,PRP-VIII Group B [NH & BS Asset],Oil & Gas,Ministry of Petroleum & Natural Gas,Meghalaya,Shillong,Oil and Natural Gas Corporation Limited [ONGC],2547.0,3348.6,3003.9,20,30,2024-06-20,2026-02-28,2026-12-31,99.0,89.71,Afcons Infrastructure,3,State,Partial,Pending,Not Required,Partial,Single,2,2026-05-10,3.9,3,1,1,31.47,50.0,48.2,Medium
PROJ-400169,Redevelopment of Linch Field,Oil & Gas,Ministry of Petroleum & Natural Gas,Bihar,Bhagalpur,Oil and Natural Gas Corporation Limited [ONGC],631.0,845.42,622.24,47,66,2021-04-23,2025-03-31,2026-10-31,94.0,73.6,GMR Infrastructure,2,Central,Not Started,Obtained,Not Required,Not Started,Limited,5,2026-04-27,4.1,2,1,1,33.98,40.43,47.1,Medium
PROJ-400167,Redevelopment of Santhal Field [Onshore-Mehsana Asset],Oil & Gas,Ministry of Petroleum & Natural Gas,Maharashtra,Nagpur,Oil and Natural Gas Corporation Limited [ONGC],1163.0,1162.56,1127.73,109,118,2017-02-23,2026-03-31,2026-12-31,97.0,96.97,PNC Infratech Ltd,1,Central,Complete,Obtained,Obtained,Complete,Limited,0,2026-05-14,8.6,0,0,0,0.0,8.26,8.0,Low
PROJ-400087,Redevelopment of Sobhasan Complex,Oil & Gas,Ministry of Petroleum & Natural Gas,Ladakh,Leh,Oil and Natural Gas Corporation Limited [ONGC],886.0,1347.61,1062.32,68,68,2021-08-13,2027-03-31,2027-03-31,96.0,78.83,Shapoorji Pallonji Co,4,Externally Aided,Not Started,Obtained,Not Required,Not Started,Open,5,2026-01-14,6.9,1,1,0,52.1,0.0,38.5,Medium
PROJ-709840,"Restoration of Gas Terminal, Phase-I [Part-A], Hazira",Oil & Gas,Ministry of Petroleum & Natural Gas,Tamil Nadu,Tiruchirappalli,Oil and Natural Gas Corporation Limited [ONGC],249.0,249.43,219.56,33,33,2022-05-27,2025-02-10,2025-02-10,98.0,88.02,Adani Infra Ltd,0,Externally Aided,Complete,Obtained,Obtained,Complete,Limited,1,2026-05-30,8.2,0,0,0,0.17,0.0,8.0,Low
PROJ-709781,Revamping / Augmentation of Facilities at Mathura Bitumen Plant,Oil & Gas,Ministry of Petroleum & Natural Gas,Haryana,Rohtak,Indian Oil Corporation Limited [IOCL],260.0,260.12,23.58,62,62,2022-04-19,2027-06-30,2026-12-31,57.0,9.07,IRCON International,0,State,Complete,Obtained,Obtained,Complete,Open,0,2026-04-02,8.6,0,0,0,0.05,0.0,8.0,Low
PROJ-709845,"Revamping of SV Stations, Gas Terminal & Kribhco Terminal",Oil & Gas,Ministry of Petroleum & Natural Gas,Goa,North Goa,Oil and Natural Gas Corporation Limited [ONGC],837.0,1119.86,469.99,45,45,2022-11-30,2026-08-31,2026-08-31,71.0,41.97,Tata Projects Ltd,4,State,Not Started,Obtained,Not Required,Complete,Open,4,2026-02-20,5.0,1,1,0,33.79,0.0,28.0,Low
PROJ-709774,Revamping/ Augmentation of facilities at existing port terminal at Mangalore,Oil & Gas,Ministry of Petroleum & Natural Gas,Chhattisgarh,Jagdalpur,Indian Oil Corporation Limited [IOCL],463.0,500.62,327.65,47,65,2022-01-31,2025-12-31,2027-06-30,86.0,65.45,Tata Projects Ltd,3,Externally Aided,Complete,Pending,Not Required,Complete,Single,5,2026-06-21,6.8,2,0,1,8.13,38.3,32.0,Low
PROJ-617304,"Setting up of LPG Plant with Rail Unloading Facility at Hathua, Dist. Gopalganj, Bihar",Oil & Gas,Ministry of Petroleum & Natural Gas,Bihar,Patna,Bharat Petroleum Corporation Limited [BPCL],340.0,340.15,186.21,40,40,2023-10-27,2027-03-01,2027-03-01,56.0,54.74,IRB Infrastructure Developers,0,Central,Partial,Obtained,Obtained,Complete,Open,0,2026-04-27,8.8,0,0,0,0.04,0.0,8.0,Low
PROJ-709799,Setting up Polypropylene Unit at Kochi Refinery,Oil & Gas,Ministry of Petroleum & Natural Gas,Kerala,Kochi,Bharat Petroleum Corporation Limited [BPCL],4460.0,4850.0,1026.0,46,46,2023-12-19,2027-10-31,2027-10-31,45.0,21.15,Adani Infra Ltd,0,Externally Aided,Partial,Obtained,Obtained,Partial,Open,0,2026-07-03,8.8,1,0,0,8.74,0.0,8.0,Low
PROJ-617837,Siliguri Marketing Terminal [SMT] Capacity Augmentation Project,Oil & Gas,Ministry of Petroleum & Natural Gas,West Bengal,Siliguri,Numaligarh Refinery Limited,484.0,484.0,319.32,50,60,2021-11-08,2025-12-31,2026-10-31,89.0,65.98,Patel Engineering,3,Central,Partial,Obtained,Not Required,Partial,Open,3,2026-02-02,6.8,1,0,1,0.0,20.0,17.8,Low
PROJ-617828,Siliguri-Jhapa Pipeline Project,Oil & Gas,Ministry of Petroleum & Natural Gas,West Bengal,Siliguri,Indian Oil Corporation Limited [IOCL],267.0,267.0,3.19,59,59,2024-09-30,2029-08-31,2029-08-31,16.0,1.19,NCC Limited,0,Externally Aided,Complete,Obtained,Obtained,Complete,Open,0,2026-01-09,8.2,0,0,0,0.0,0.0,8.0,Low
PROJ-616254,Visakh Raipur Pipeline Project,Oil & Gas,Ministry of Petroleum & Natural Gas,Chhattisgarh,Raipur,Hindustan Petroleum Corporation Limited,2212.0,2212.0,570.0,36,36,2024-09-11,2027-09-10,2027-09-10,38.0,25.77,KNR Constructions Ltd,0,PPP,Complete,Obtained,Obtained,Complete,Limited,0,2026-05-13,9.7,1,0,0,0.0,0.0,8.0,Low
PROJ-400203,Dharamjaigarh-Korba,Railways,Ministry of Coal,Chhattisgarh,Korba,Railway,1686.0,2438.53,792.73,103,103,2018-05-22,2026-12-31,2026-08-31,44.0,32.51,NCC Limited,4,State,Partial,Pending,Obtained,Not Started,Open,2,2026-03-18,6.7,1,1,0,44.63,0.0,36.2,Medium
PROJ-400416,Shivpur-Kathautia New Rail [BG] Line [49 km] [Package II of Tori-Shivpur-Kathautia line],Railways,Ministry of Coal,Goa,Mormugao,Ministry of Coal,1800.0,2564.34,1784.77,88,112,2018-02-27,2025-06-30,2027-06-30,72.0,69.6,Adani Infra Ltd,2,PPP,Not Started,Obtained,Obtained,Complete,Single,4,2026-03-01,3.9,1,1,1,42.46,27.27,46.7,Medium
PROJ-616697,3rd & 4 th line Vadlapudi-Gate Jn. incl. tie line between Gangavaram Port-Visakhapatnam Steel Plant12.04 km PB73/2023-24/NR,Railways,Ministry of Railways,Andhra Pradesh,Visakhapatnam,CAO/C/SCoR SCoR mor,154.0,154.0,89.67,39,39,2023-04-11,2026-06-30,2026-06-30,87.0,58.23,NCC Limited,0,PPP,Complete,Not Required,Obtained,Partial,Single,0,2026-02-28,8.3,0,0,0,0.0,0.0,8.0,Low
PROJ-709819,3rd & 4th line - Saragbundia & Madwarani 12.2 km PB72/NR/2022-23,Railways,Ministry of Railways,Madhya Pradesh,Gwalior,CAOC/SECR SECR mor,168.0,168.0,28.44,52,52,2022-09-12,2026-12-31,2026-12-31,10.0,16.93,Megha Engineering (MEIL),0,State,Complete,Obtained,Obtained,Complete,Limited,0,2026-02-16,9.0,0,0,0,0.0,0.0,8.0,Low
PROJ-612834,3rd & 4th line between Sarla - Sason 8 km PB73/2023-24/NR,Railways,Ministry of Railways,Himachal Pradesh,Solan,CAO/C/ECOR ECoR mor,252.0,252.0,169.6,32,32,2023-04-19,2025-12-28,2025-12-28,88.0,67.3,IRCON International,0,Central,Complete,Obtained,Obtained,Complete,Limited,0,2026-01-12,8.9,0,0,0,0.0,0.0,8.0,Low
PROJ-616227,3rd line between Chandil - Anara- Damodar section 121.26 km,Railways,Ministry of Railways,Uttar Pradesh,Prayagraj,CAO/C/SER SER mor,1932.0,1932.01,9.07,61,61,2024-09-09,2029-09-30,2029-09-30,0.0,0.47,IRB Infrastructure Developers,0,State,Complete,Obtained,Obtained,Complete,Open,0,2026-01-06,8.1,0,0,0,0.0,0.0,8.0,Low
PROJ-705506,3rd Line Manmad - Jalgaon [160 Kilometres],Railways,Ministry of Railways,Tamil Nadu,Tuticorin,Central Railway [CR] - II,1035.0,1870.0,1843.54,91,102,2017-05-30,2024-12-31,2025-11-24,100.0,98.59,Ashoka Buildcon Ltd,2,Central,Partial,Obtained,Not Required,Complete,Open,4,2026-06-02,4.0,2,1,0,80.68,12.09,50.2,Medium
PROJ-709815,4th line - Bhatapara-Hathband 8.8 km PB72/NR/2022-23,Railways,Ministry of Railways,Goa,Vasco da Gama,CAOC/SECR SECR mor,177.0,177.03,21.08,52,63,2022-09-30,2027-01-31,2027-12-31,3.0,11.91,Larsen & Toubro Ltd,4,Externally Aided,Complete,Obtained,Not Required,Complete,Limited,1,2026-05-27,5.3,2,0,1,0.02,21.15,22.2,Low
PROJ-709816,4th line - Bhilai-Bhilai nagar 8.8 km PB72/NR/2022-23,Railways,Ministry of Railways,Chhattisgarh,Bhilai,CAOC/SECR SECR mor,177.0,177.34,35.21,53,53,2022-09-30,2027-02-28,2027-02-28,3.0,19.85,Ashoka Buildcon Ltd,0,State,Complete,Obtained,Not Required,Partial,Single,0,2026-07-27,8.4,0,0,0,0.19,0.0,8.0,Low
PROJ-709817,4th line - Dadhapara-Belha 9.2 km PB72/NR/2022-23,Railways,Ministry of Railways,Goa,Mormugao,CAOC/SECR SECR mor,169.0,169.06,65.43,50,50,2022-09-15,2026-11-30,2026-11-26,10.0,38.7,PNC Infratech Ltd,0,Central,Partial,Obtained,Obtained,Partial,Open,0,2026-03-27,7.3,0,0,0,0.04,0.0,11.7,Low
PROJ-709818,4th line - Rajnandgaon-Dongarhgarh 31.2 km PB72/NR/2022-23,Railways,Ministry of Railways,Chhattisgarh,Rajnandgaon,CAOC/SECR SECR mor,328.0,328.34,98.21,53,53,2022-09-12,2027-01-31,2027-01-31,5.0,29.91,Shapoorji Pallonji Co,1,Central,Complete,Obtained,Obtained,Complete,Limited,1,2026-03-28,9.4,1,0,0,0.1,0.0,11.8,Low
PROJ-705919,Agra Fort-Bandikui Doubling Line Project,Railways,Ministry of Railways,Uttar Pradesh,Agra,CAO/C/NCR,1390.0,1390.0,529.92,61,61,2022-06-01,2027-06-30,2027-06-27,56.0,38.12,Dilip Buildcon Ltd,1,State,Complete,Obtained,Obtained,Partial,Open,0,2026-02-21,9.7,0,0,0,0.0,0.0,8.0,Low
PROJ-705356,Ahmednagar - Beed - Parli - Vaijnath New Broad Gauge Line Railway Project [261.3 km],Railways,Ministry of Railways,Kerala,Calicut,CAOC/CR CR mor,2539.0,5942.48,5054.69,358,358,1997-02-21,2026-12-31,2026-03-31,93.0,85.06,IRCON International,1,Central,Partial,Pending,Not Required,Complete,Single,5,2026-04-26,4.4,3,1,0,134.05,0.0,46.5,Medium
PROJ-616843,Ajmer-Chanderiya section 178.28 km Umbrella work PB57/2019-20/NR,Railways,Ministry of Railways,Rajasthan,Ajmer,CAOC/NWR NWR mor,1635.0,1634.79,560.17,40,49,2024-02-19,2027-06-30,2028-03-31,23.0,34.26,KNR Constructions Ltd,3,Central,Complete,Pending,Obtained,Not Started,Open,2,2026-02-15,6.8,3,0,1,0.0,22.5,27.7,Low
PROJ-705774,Aligarh-Daud Khan - 3rd line 6.9 km & construction of flyover at Daud Khan,Railways,Ministry of Railways,Rajasthan,Kota,CAO/C/NCR NCR mor,758.0,779.49,395.24,70,96,2019-04-01,2025-01-31,2027-03-31,87.0,50.7,IRB Infrastructure Developers,3,Externally Aided,Partial,Pending,Obtained,Not Started,Open,3,2026-06-05,6.9,2,0,1,2.84,37.14,34.5,Low
PROJ-617252,Anand Nagar - Ghughuli via Maharajganj 53.37 km,Railways,Ministry of Railways,Ladakh,Leh,CAOC/NER NER mor,958.0,1501.1,888.5,55,55,2023-08-25,2028-03-21,2028-03-21,12.0,59.19,Hindustan Construction Company (HCC),1,Central,Not Started,Pending,Pending,Not Started,Limited,1,2026-06-26,4.8,1,1,0,56.69,0.0,57.0,Medium
PROJ-705583,Anand Vihar-Tilak Bridge - 3rd & 4th line 9.77 km,Railways,Ministry of Railways,Meghalaya,Jowai,CAOC/NR NR mor,667.0,701.88,393.68,130,187,2012-06-06,2023-03-31,2027-12-31,23.0,56.09,Dilip Buildcon Ltd,2,PPP,Partial,Pending,Pending,Partial,Open,5,2026-08-02,5.9,0,0,1,5.23,43.85,48.4,Medium
PROJ-705368,Araria-Supaul 92 km,Railways,Ministry of Railways,Bihar,Patna,CAO/Con/North/MHX ECR mor,1605.0,2621.05,2140.8,175,209,2009-08-20,2024-03-31,2027-01-31,40.0,81.68,Dilip Buildcon Ltd,2,PPP,Not Started,Obtained,Obtained,Not Started,Limited,5,2026-03-04,5.5,0,1,1,63.31,19.43,68.8,High
PROJ-611751,Aurangabad-Ankai 98.25 km,Railways,Ministry of Railways,Maharashtra,Aurangabad,CAOCON/SCR SCR mor,961.0,961.0,381.13,31,31,2023-05-25,2025-12-31,2025-12-31,0.0,39.66,Patel Engineering,1,PPP,Partial,Obtained,Obtained,Complete,Single,0,2026-02-15,9.2,0,0,0,0.0,0.0,16.7,Low
PROJ-705495,Bagalkot-Kudachi 142 km,Railways,Ministry of Railways,Uttarakhand,Roorkee,CAOC/SWR SWR mor,1378.0,1710.44,797.37,205,205,2010-02-18,2027-03-31,2027-01-31,35.0,46.62,NCC Limited,4,Externally Aided,Not Started,Pending,Pending,Partial,Open,3,2026-06-09,4.7,2,1,0,24.12,0.0,33.9,Low
PROJ-400204,"Bahraich - Khalilabad via Bhinga, Shravasti, Balrampur, Utraula, Domriyaganj, Mehdawal, Bansi 240.26 km",Railways,Ministry of Railways,Uttar Pradesh,Ayodhya,CAOC/NER NER mor,4940.0,4939.78,1671.24,144,144,2018-10-31,2030-10-30,2030-10-31,15.0,33.83,Tata Projects Ltd,1,PPP,Complete,Obtained,Obtained,Partial,Open,1,2026-01-13,8.2,0,0,0,0.0,0.0,8.6,Low
PROJ-703586,Baiyyappanahalli-Hosur 48 km,Railways,Ministry of Railways,West Bengal,Bagdogra,M.D/KRIDE SWR mor,499.0,1160.0,700.64,69,82,2019-04-01,2024-12-31,2026-01-31,85.0,60.4,IRB Infrastructure Developers,2,Central,Partial,Pending,Obtained,Not Started,Open,4,2026-06-01,4.1,0,1,1,132.46,18.84,54.7,Medium
PROJ-705941,Bangalore Suburban Railway Project,Railways,Ministry of Railways,Karnataka,Bengaluru,Karnataka Rail Infrastructure Development Company Limited [K-RIDE],15767.0,15767.0,3277.99,74,113,2020-10-21,2026-12-31,2030-03-31,20.0,20.79,Larsen & Toubro Ltd,2,Externally Aided,Complete,Pending,Not Required,Partial,Open,4,2026-06-26,5.5,3,0,1,0.0,52.7,38.1,Medium
PROJ-705663,Bangalore-Whitefield-Bangalore City-Krishnarajapuram 23.08 km - Quadrupling,Railways,Ministry of Railways,Arunachal Pradesh,Itanagar,CPM/GS/SBC SWR mor,493.0,717.54,459.94,95,95,2018-03-20,2026-02-28,2026-02-28,70.0,64.1,NCC Limited,1,Externally Aided,Complete,Obtained,Pending,Not Started,Open,5,2026-02-28,6.5,2,1,0,45.55,0.0,34.4,Low
PROJ-616586,Bangriposi - Gorumahisani 85.60 km PB9/SECR/2023-24,Railways,Ministry of Railways,Assam,Silchar,CAO/C/SER SER mor,2269.0,2269.0,7.31,64,64,2024-08-19,2029-12-31,2029-12-31,2.0,0.32,IRB Infrastructure Developers,0,PPP,Complete,Obtained,Obtained,Complete,Single,0,2026-04-22,7.1,1,0,0,0.0,0.0,8.0,Low
PROJ-705782,Barabanki-Malhaur - 3rd & 4th Line 32.84 km,Railways,Ministry of Railways,Ladakh,Kargil,CAO/C-II/NR NR mor,407.0,480.13,444.11,74,91,2019-01-31,2025-03-31,2026-08-31,77.0,92.5,Shapoorji Pallonji Co,3,Externally Aided,Not Started,Obtained,Pending,Partial,Single,5,2026-01-05,5.6,3,1,1,17.97,22.97,42.9,Medium
PROJ-705357,Baramati - Lonand 54 km,Railways,Ministry of Railways,Karnataka,Kalaburagi,CAOC/CR CR mor,138.0,1790.5,1132.25,338,338,1999-02-04,2027-03-31,2027-03-31,60.0,63.24,Larsen & Toubro Ltd,2,Central,Partial,Obtained,Pending,Complete,Single,3,2026-03-28,7.1,1,1,0,1197.46,0.0,44.9,Medium
PROJ-706860,Barauni-Bachwara 16 km - 3rd & 4th line incl Barauni yard remodelling 32 km Umbrella work PB57/2019-20/NR,Railways,Ministry of Railways,Haryana,Panipat,CAO/Con/North/MHX ECR mor,645.0,485.58,228.43,34,49,2022-10-07,2025-08-01,2026-10-31,38.0,35.42,Adani Infra Ltd,1,Externally Aided,Not Started,Obtained,Pending,Not Started,Single,2,2026-05-01,7.0,1,0,1,0.0,44.12,34.1,Low
PROJ-612072,Barejadi Nandej Geratpur - Sanand - 4th line 38.20 km,Railways,Ministry of Railways,Andhra Pradesh,Rajahmundry,CAOCWR WR mor,962.0,961.67,548.14,50,66,2023-02-03,2027-03-31,2028-07-31,23.0,56.98,Dilip Buildcon Ltd,4,Central,Not Started,Obtained,Obtained,Complete,Open,4,2026-03-07,5.3,3,0,1,0.0,32.0,42.9,Medium
PROJ-705510,Bhadrak-Nergundi - 3rd line 80 km,Railways,Ministry of Railways,Himachal Pradesh,Shimla,CAO/C/ECOR ECoR mor,1284.0,1600.0,1395.78,153,167,2012-03-06,2024-11-30,2026-01-31,87.0,87.24,GMR Infrastructure,2,PPP,Not Started,Obtained,Not Required,Not Started,Open,4,2026-06-13,6.1,2,1,0,24.61,9.15,31.5,Low
PROJ-705777,Bhandai - Flyover for Etawah bound down trains 10 km,Railways,Ministry of Railways,Sikkim,Gyalshing,CAO/C/NCR NCR mor,250.0,250.18,146.85,83,95,2019-04-01,2026-02-28,2027-02-28,11.0,58.7,Ashoka Buildcon Ltd,0,Central,Complete,Obtained,Obtained,Partial,Open,0,2026-01-29,7.1,0,0,0,0.07,14.46,23.4,Low
PROJ-705780,Bhatni - Aunrihar with electrification 125 km excl Indara - Mau 116.95 km,Railways,Ministry of Railways,Assam,Silchar,CMD / RVNL RVNL mor,2529.0,2529.46,2295.3,73,100,2018-03-01,2024-03-31,2026-06-30,94.0,90.74,Ashoka Buildcon Ltd,3,Central,Partial,Obtained,Not Required,Not Started,Limited,4,2026-08-08,4.7,3,0,1,0.02,36.99,33.3,Low
PROJ-705628,Bondamunda - Ranchi 158.50 km,Railways,Ministry of Railways,Jharkhand,Ranchi,CAO/C/SER SER mor,3029.0,3029.04,2696.32,111,123,2016-03-31,2025-06-30,2026-06-30,95.0,89.02,Patel Engineering,0,Externally Aided,Complete,Obtained,Obtained,Partial,Limited,0,2026-07-13,9.5,1,0,0,0.0,10.81,8.0,Low
PROJ-706854,Boridand-Ambikapur 118.81 km Umbrella work PB57/2019-20/NR,Railways,Ministry of Railways,Bihar,Patna,CAOC/SECR SECR mor,1376.0,1576.72,499.37,97,97,2022-06-08,2030-06-30,2030-06-30,38.0,31.67,Hindustan Construction Company (HCC),3,Central,Partial,Pending,Obtained,Partial,Open,3,2026-04-17,5.2,0,1,0,14.59,0.0,17.8,Low
PROJ-400232,Brundamal - Jharsuguda - Fly-over connection for joining down line 6.6 km,Railways,Ministry of Railways,Madhya Pradesh,Jabalpur,CAO/C/ECOR ECoR mor,297.0,296.51,46.39,155,155,2014-01-30,2026-12-31,2026-12-26,55.0,15.62,Megha Engineering (MEIL),0,Central,Complete,Obtained,Obtained,Complete,Limited,0,2026-03-17,9.1,0,0,0,0.0,0.0,8.0,Low
PROJ-705515,Budhapank-Salegaon via Rajatgarh - 3rd & 4th line 85 85 km,Railways,Ministry of Railways,Odisha,Rourkela,CAO/C/ECOR ECoR mor,1173.0,3034.8,2213.72,124,124,2015-12-08,2026-03-31,2026-03-31,86.0,72.94,Patel Engineering,4,Central,Complete,Obtained,Obtained,Complete,Limited,4,2026-08-09,6.1,3,1,0,158.72,0.0,44.8,Medium
PROJ-616588,Buramara - Chakulia 59.96 km PB9/SECR/2023-24,Railways,Ministry of Railways,Chhattisgarh,Bhilai,CAO/C/SER SER mor,1459.0,1459.0,11.7,64,64,2024-08-19,2029-12-31,2029-12-31,2.0,0.8,Hindustan Construction Company (HCC),0,Central,Complete,Obtained,Obtained,Complete,Limited,0,2026-02-28,7.1,0,0,0,0.0,0.0,8.0,Low
PROJ-705567,Burhwal - Gonda - 3rd line 61.72 km,Railways,Ministry of Railways,Haryana,Faridabad,CAOC/NER NER mor,1016.0,1307.62,777.21,88,103,2017-11-10,2025-03-25,2026-05-30,100.0,59.44,Megha Engineering (MEIL),2,Externally Aided,Complete,Pending,Obtained,Partial,Open,2,2026-02-26,4.1,0,1,1,28.7,17.05,29.2,Low
PROJ-617364,Central Railway - Double chord line between Nilaje and Kopar 4.495 km PB34/CR/2023-24,Railways,Ministry of Railways,Maharashtra,Thane,CAOC/CR CR mor,338.0,205.0,57.54,60,60,2023-07-27,2028-07-26,2028-07-26,15.0,17.02,Megha Engineering (MEIL),1,State,Complete,Obtained,Obtained,Complete,Open,0,2026-06-03,7.2,0,0,0,0.0,0.0,8.0,Low
PROJ-705424,Chandigarh-Baddi 33.23 km,Railways,Ministry of Railways,Goa,South Goa,CAOC/NR NR mor,1540.0,1942.17,1101.73,106,106,2018-02-15,2026-12-31,2026-12-31,47.0,56.73,Patel Engineering,3,Central,Partial,Obtained,Pending,Not Started,Open,1,2026-01-07,3.6,3,1,0,26.11,0.0,30.1,Low
PROJ-706865,Chandorgaon-Cansaulim rail flyover 16 km Umbrella work PB57/2019-20/NR,Railways,Ministry of Railways,Uttar Pradesh,Agra,CAOC/SWR SWR mor,1892.0,1892.0,0.0,101,101,2022-10-15,2031-03-31,2031-03-31,0.0,0.0,Tata Projects Ltd,1,PPP,Complete,Obtained,Obtained,Complete,Single,0,2026-06-19,8.1,0,0,0,0.0,0.0,8.0,Low
PROJ-705562,Chhapra-Ballia - Patch doubling 65 km,Railways,Ministry of Railways,Jammu and Kashmir,Srinagar,CAOC/NER NER mor,963.0,1010.84,1000.05,144,159,2013-03-01,2025-02-25,2026-05-30,95.0,98.93,Shapoorji Pallonji Co,1,Central,Partial,Obtained,Obtained,Complete,Open,0,2026-02-14,8.7,1,0,0,4.97,10.42,13.6,Low
PROJ-705454,Chhota Udepur-Dhar 157 km,Railways,Ministry of Railways,Rajasthan,Jodhpur,CAOCWR WR mor,1794.0,1993.65,1855.01,226,226,2007-02-22,2025-12-27,2025-12-27,58.0,93.05,Ashoka Buildcon Ltd,2,PPP,Partial,Obtained,Obtained,Partial,Open,5,2026-01-15,6.4,2,1,0,11.13,0.0,28.8,Low
PROJ-705244,Coach Production Factory Upgradation Project,Railways,Ministry of Railways,Karnataka,Bengaluru,CPM/ICF,520.0,520.0,192.25,49,49,2017-12-05,2021-12-31,2021-12-31,0.0,36.97,Tata Projects Ltd,0,Central,Partial,Not Required,Obtained,Complete,Single,0,2026-05-18,9.3,1,0,0,0.0,0.0,15.6,Low
PROJ-612096,Construction of Balurghat-Hilli new BG Line,Railways,Ministry of Railways,Gujarat,Ahmedabad,Northeast Frontier Railway [NFR],1209.0,1181.57,518.15,195,195,2010-12-29,2027-03-31,2027-03-31,18.0,42.86,NCC Limited,0,State,Complete,Obtained,Obtained,Complete,Open,0,2026-01-31,7.2,0,0,0,0.0,0.0,8.4,Low
PROJ-400023,Construction of New BG line between Hassan to Belur [27 Km],Railways,Ministry of Railways,Maharashtra,Mumbai,South Western Railway [SWR] - II,749.0,749.0,3.43,110,133,2019-03-01,2028-04-30,2030-03-30,0.0,0.46,KNR Constructions Ltd,4,Externally Aided,Complete,Pending,Pending,Complete,Open,1,2026-01-21,5.1,1,0,1,0.0,20.91,21.4,Low
PROJ-616695,Construction of Paradeep- Badabandha 3rd & 4th line 18.51 km PB34/ECOR/2023-24,Railways,Ministry of Railways,Ladakh,Kargil,CAO/C/ECOR ECoR mor,300.0,300.0,21.5,63,63,2023-08-31,2028-11-30,2028-11-30,7.0,7.17,Megha Engineering (MEIL),1,Externally Aided,Partial,Obtained,Obtained,Complete,Open,0,2026-05-09,7.0,0,0,0,0.0,0.0,8.0,Low
PROJ-617333,Construction of surface traingle between Bhadaura and new crossing station Karma Dildarnagar-Taraghat line 11.1 km PB72/NR/2022-23,Railways,Ministry of Railways,Jharkhand,Ranchi,CAO/Con/South/MHX ECR mor,200.0,200.0,64.04,53,53,2022-10-06,2027-02-28,2027-02-28,0.0,32.02,Patel Engineering,0,PPP,Complete,Obtained,Obtained,Complete,Open,0,2026-01-27,8.3,1,0,0,0.0,0.0,11.9,Low
PROJ-705453,"Dahod-Indore via Sardarpur, Jhabua & Dhar 200.97 km incl. material modification for change in alignment via Amjhera 4.82 km",Railways,Ministry of Railways,Madhya Pradesh,Indore,CAOCWR WR mor,456.0,9217.23,4509.3,176,176,2012-06-19,2027-02-28,2027-02-28,57.0,48.92,Afcons Infrastructure,2,PPP,Partial,Obtained,Obtained,Partial,Open,4,2026-07-13,5.2,2,1,0,1921.32,0.0,44.1,Medium
PROJ-705433,Dallirajhra- Rowghat New Railway Line - Phase I [95 km],Railways,Ministry of Railways,Odisha,Sambalpur,Rail Vikas Nigam Limited,1628.0,1628.0,1440.85,195,198,2009-07-15,2025-09-30,2025-12-31,82.0,88.5,Larsen & Toubro Ltd,1,State,Complete,Obtained,Obtained,Complete,Limited,0,2026-07-25,8.8,0,0,0,0.0,1.54,8.0,Low
PROJ-705504,Daund - Manmad 247.50 km,Railways,Ministry of Railways,Tripura,Agartala,CAOC/CR CR mor,2081.0,3554.74,3191.56,98,102,2017-10-04,2025-12-01,2026-03-31,95.0,89.78,Dilip Buildcon Ltd,3,Central,Complete,Obtained,Pending,Complete,Open,3,2026-05-23,6.4,3,1,0,70.82,4.08,47.4,Medium
PROJ-706836,Dedicatedtest track for RDSO Phase-2 34 km Umbrella work PB22/2019-20/NR,Railways,Ministry of Railways,Uttarakhand,Dehradun,CAOC/NWR NWR mor,466.0,619.19,586.33,60,60,2021-11-18,2026-11-30,2026-11-30,98.0,94.69,Patel Engineering,4,State,Not Started,Obtained,Obtained,Not Started,Limited,4,2026-03-24,6.3,3,1,0,32.87,0.0,33.6,Low
PROJ-705392,Dimapur-Kohima 88 km,Railways,Ministry of Railways,Nagaland,Kohima,CAO/C-1/NFR NFR mor,6663.0,15310.2,6719.53,220,277,2006-11-30,2025-03-26,2029-12-31,45.0,43.89,PNC Infratech Ltd,3,State,Complete,Pending,Pending,Partial,Open,1,2026-02-06,5.6,0,1,1,129.78,25.91,54.9,Medium
PROJ-611884,Doubling between Bhiwani - Dobh Bahali PB73/2023-24/NR,Railways,Ministry of Railways,Meghalaya,Shillong,CAOC/NWR NWR mor,471.0,471.0,342.36,52,60,2023-02-27,2027-06-30,2028-02-28,77.0,72.69,Adani Infra Ltd,3,Externally Aided,Complete,Obtained,Obtained,Complete,Single,4,2026-02-27,4.0,0,0,1,0.0,15.38,15.4,Low
PROJ-611752,Doubling between Gooty-Pendakallu 29.225 km PB73/2023-24/NR,Railways,Ministry of Railways,West Bengal,Kolkata,CAO/C/SCoR SCoR mor,352.0,351.83,149.34,48,48,2023-03-23,2027-03-31,2027-03-27,0.0,42.43,GMR Infrastructure,0,Central,Complete,Obtained,Obtained,Complete,Open,0,2026-02-13,9.6,0,0,0,0.0,0.0,14.3,Low
PROJ-617370,Doubling between Jaunpur Jn - Zaffarabad 6.28 km PB73/2023-24/NR,Railways,Ministry of Railways,Rajasthan,Jodhpur,CAOC/NR NR mor,181.0,237.38,78.47,46,46,2023-03-29,2027-01-31,2027-01-31,22.0,33.06,Shapoorji Pallonji Co,1,State,Complete,Pending,Not Required,Partial,Open,4,2026-03-09,6.2,1,1,0,31.15,0.0,27.1,Low
PROJ-616857,Doubling between Motumari Vishnupuram 88.81 km and Rail over Rail RoR at Motumari 10.877 Km,Railways,Ministry of Railways,Karnataka,Kalaburagi,CAO/C/SCoR SCoR mor,1596.0,1596.0,327.62,61,61,2024-02-19,2029-03-31,2029-03-31,22.0,20.53,KNR Constructions Ltd,0,State,Partial,Obtained,Obtained,Complete,Open,0,2026-05-02,7.5,0,0,0,0.0,0.0,8.0,Low
PROJ-617215,Doubling between Parbhani-Parli Vaijnath stations 64.71 km PB34/CR/2023-24,Railways,Ministry of Railways,Mizoram,Champhai,CAOCON/SCR SCR mor,770.0,770.0,174.3,51,51,2023-12-16,2028-03-31,2028-03-31,1.0,22.64,IRCON International,0,Central,Complete,Obtained,Obtained,Complete,Limited,1,2026-06-01,8.8,1,0,0,0.0,0.0,9.3,Low
PROJ-400048,Doubling of lines connecting the loading spurs in Talcher Yard.,Railways,Ministry of Railways,Jammu and Kashmir,Srinagar,East Coast Railway [ECoR] - II,186.0,186.0,105.07,28,58,2022-09-12,2024-12-31,2027-06-30,88.0,56.49,Afcons Infrastructure,4,Central,Not Started,Pending,Not Required,Partial,Open,1,2026-07-25,4.7,3,0,1,0.0,107.14,49.1,Medium
PROJ-400047,Doubling of Lingaraj SILO connectivity of NTPC line and augmentation of NTPC exchange yard and NTPC Block Cabin.,Railways,Ministry of Railways,Karnataka,Bengaluru,East Coast Railway [ECoR] - II,210.0,210.0,41.17,28,52,2022-08-19,2024-12-31,2026-12-31,53.0,19.6,IRB Infrastructure Developers,2,PPP,Partial,Obtained,Pending,Complete,Single,2,2026-05-01,4.3,0,0,1,0.0,85.71,41.8,Medium
PROJ-617231,East Central Railway - Construction of Bulb line at Nabinagar Ankorah 17.49Km PB45/ECoR/2024-25.,Railways,Ministry of Railways,Punjab,Ludhiana,CAO/Con/South/MHX ECR mor,612.0,612.0,0.0,49,49,2024-06-07,2028-06-30,2028-06-30,0.0,0.0,Larsen & Toubro Ltd,0,Central,Partial,Obtained,Obtained,Complete,Limited,0,2026-07-05,7.7,0,0,0,0.0,0.0,8.0,Low
PROJ-705639,Ernakulam-Kumbalam - Patch doubling 7.71 km,Railways,Ministry of Railways,Maharashtra,Solapur,CAO/CN/ERS SR mor,601.0,827.5,312.63,60,60,2023-04-03,2028-03-31,2027-02-28,25.0,37.78,Larsen & Toubro Ltd,3,Central,Complete,Pending,Not Required,Complete,Open,4,2026-05-15,7.1,0,1,0,37.69,0.0,32.6,Low
PROJ-705373,Fatuah-Islampur incl. material modification for extension of new line from Neora to Daniawan Daniawan to Biharsharif Biharsharif to Barbigha Barbigha to Sheikhpura,Railways,Ministry of Railways,Bihar,Patna,CAO/Con/South/MHX ECR mor,1473.0,3259.35,3041.78,247,276,2002-08-19,2023-03-31,2025-08-31,95.0,93.32,Tata Projects Ltd,4,Externally Aided,Partial,Obtained,Pending,Not Started,Single,5,2026-05-13,6.7,1,1,0,121.27,11.74,55.9,Medium
PROJ-612827,Flyover between Pendurthi-Simhachalam North to avoid surface crossing at Simhachalam 7.135 km PB73/2023-24/NR,Railways,Ministry of Railways,Kerala,Calicut,CAO/C/SCoR SCoR mor,184.0,184.0,25.44,49,49,2023-04-11,2027-04-30,2027-04-30,21.0,13.83,Hindustan Construction Company (HCC),0,Central,Complete,Obtained,Obtained,Complete,Open,1,2026-01-06,8.1,0,0,0,0.0,0.0,8.0,Low
PROJ-616694,Flyover between Siju & Paradeep coaching yard 7 km PB73/2023-24/NR,Railways,Ministry of Railways,Jammu and Kashmir,Anantnag,CAO/C/ECOR ECoR mor,201.0,201.0,55.91,63,63,2023-04-19,2028-07-31,2028-07-31,0.0,27.82,Larsen & Toubro Ltd,1,State,Complete,Obtained,Obtained,Complete,Open,1,2026-07-04,7.3,0,0,0,0.0,0.0,11.6,Low
PROJ-705490,Gadag - Wadi 252 km,Railways,Ministry of Railways,Madhya Pradesh,Indore,CAOC/SWR SWR mor,2842.0,3668.17,2252.04,168,177,2013-04-01,2027-03-31,2027-12-31,35.0,61.39,KNR Constructions Ltd,2,PPP,Partial,Obtained,Not Required,Partial,Limited,1,2026-03-16,6.5,0,1,0,29.07,5.36,31.8,Low
PROJ-602792,Gauge Conversion of Kendri-Dhamtari including Abhanpur - Rajim Branch line 67.20 Kms - 2nd Material Modification to Raipur Titlagarh doubling.,Railways,Ministry of Railways,Chhattisgarh,Raipur,SECR,1171.0,1171.0,448.77,164,180,2011-07-01,2025-02-28,2026-06-30,100.0,38.32,IRCON International,0,PPP,Complete,Obtained,Obtained,Complete,Limited,0,2026-06-02,7.6,0,0,0,0.0,9.76,8.0,Low
PROJ-705444,Gevra Road-Pendra Road New Railway Line [135 km],Railways,Ministry of Railways,Meghalaya,Jowai,Indian Railway Construction International Limited [IRCON],4970.0,7448.52,5327.55,96,153,2014-04-05,2022-03-31,2026-12-31,83.0,71.52,Adani Infra Ltd,4,State,Complete,Pending,Not Required,Not Started,Open,1,2026-04-29,6.2,3,1,1,49.87,59.38,68.1,High
PROJ-705765,Gomoh - Flyover for down trains 20 km,Railways,Ministry of Railways,Jharkhand,Bokaro,CAO/Con/South/MHX ECR mor,686.0,686.03,531.63,98,98,2018-01-29,2026-03-26,2026-03-26,65.0,77.49,GMR Infrastructure,0,Central,Complete,Obtained,Obtained,Complete,Single,0,2026-06-20,7.7,0,0,0,0.0,0.0,8.0,Low
PROJ-617224,Gorakhpur-Valmikinagar Doubling project,Railways,Ministry of Railways,Uttar Pradesh,Gorakhpur,NER,1120.0,1120.0,442.7,52,52,2023-08-25,2027-12-30,2027-12-30,32.0,39.53,Dilip Buildcon Ltd,0,Central,Partial,Obtained,Obtained,Complete,Open,0,2026-07-11,7.4,0,0,0,0.0,0.0,8.0,Low
PROJ-705752,Gudha-Thathana Mithri - Construction of dedicated test track for testing and trial of rolling stocks and infrastructure components umbrella work PB23/2018-19/NR,Railways,Ministry of Railways,Jammu and Kashmir,Srinagar,CAOC/NWR NWR mor,819.0,540.0,326.2,92,92,2019-04-01,2026-11-30,2026-11-30,95.0,39.83,KNR Constructions Ltd,0,State,Complete,Obtained,Obtained,Complete,Open,1,2026-03-05,8.7,0,0,0,0.0,0.0,8.0,Low
PROJ-616839,Gunupur - Therubali new line 73.62 km,Railways,Ministry of Railways,Gujarat,Rajkot,CAO/C/ECOR ECoR mor,1166.0,1165.73,1.95,64,64,2024-08-19,2029-12-31,2029-12-31,0.0,0.17,Hindustan Construction Company (HCC),0,Central,Complete,Obtained,Obtained,Partial,Single,0,2026-02-02,7.7,0,0,0,0.0,0.0,8.0,Low
PROJ-705419,Gwalior-Sheorpurkalan with extension to Kota 284 km,Railways,Ministry of Railways,Rajasthan,Kota,CAO/C/NCR NCR mor,2913.0,3947.0,3068.75,181,192,2010-02-19,2025-03-31,2026-02-28,91.0,77.75,Dilip Buildcon Ltd,3,Externally Aided,Not Started,Pending,Obtained,Not Started,Limited,1,2026-07-02,6.9,2,1,0,35.5,6.08,35.7,Medium
PROJ-705366,Hajipur-Sagauli via Vaishali 148.3 km,Railways,Ministry of Railways,West Bengal,Durgapur,CAO/Con/North/MHX ECR mor,2067.0,3991.33,2843.39,150,237,2007-10-05,2020-03-31,2027-06-30,74.0,71.24,KNR Constructions Ltd,3,Central,Not Started,Pending,Pending,Complete,Single,3,2026-01-17,5.7,0,1,1,93.1,58.0,77.1,High
PROJ-705493,Hubli-Ankola 167 km,Railways,Ministry of Railways,Karnataka,Hubballi,CAOC/SWR SWR mor,5174.0,533.32,186.31,75,375,1999-01-01,2005-03-31,2030-03-31,10.0,3.6,Afcons Infrastructure,1,Externally Aided,Complete,Pending,Pending,Partial,Limited,3,2026-06-26,4.2,3,0,1,0.0,400.0,44.4,Medium
PROJ-705507,Itarsi-Nagpur bal. 280 km,Railways,Ministry of Railways,Maharashtra,Nagpur,CAOC/CR CR mor,2450.0,2509.24,2290.12,127,136,2016-09-02,2027-03-31,2027-12-31,55.0,91.27,IRCON International,1,PPP,Complete,Obtained,Not Required,Complete,Open,0,2026-07-22,8.8,0,0,0,2.42,7.09,18.3,Low
PROJ-705511,Jagdalpur-Koraput 110.22 km,Railways,Ministry of Railways,Chhattisgarh,Jagdalpur,CAO/C/ECOR ECoR mor,1547.0,1547.38,1382.17,100,133,2015-12-04,2024-03-31,2026-12-31,90.0,89.32,Tata Projects Ltd,1,Central,Partial,Obtained,Not Required,Complete,Single,3,2026-01-26,5.8,2,0,1,0.02,33.0,24.9,Low
PROJ-705588,Janghai - Pratapgarh - Amethi 87 km,Railways,Ministry of Railways,Gujarat,Rajkot,CAO/C-II/NR NR mor,722.0,1528.83,1216.52,89,101,2017-11-10,2025-03-31,2026-03-31,80.0,79.57,KNR Constructions Ltd,2,Central,Complete,Pending,Obtained,Not Started,Single,2,2026-01-13,4.7,2,1,0,111.75,13.48,50.5,Medium
PROJ-705514,Jarapaada-Budhapank with flyover at Talcher Road - 3rd & 4th line 47 44 km,Railways,Ministry of Railways,Gujarat,Jamnagar,CAO/C/ECOR ECoR mor,1000.0,928.54,758.57,36,148,2015-11-18,2018-11-13,2028-03-31,25.0,75.86,Tata Projects Ltd,3,Central,Complete,Obtained,Pending,Complete,Single,4,2026-02-19,7.0,2,0,1,0.0,311.11,61.9,Medium
PROJ-705742,Jeypore - Malkangiri 130 km,Railways,Ministry of Railways,Tripura,Dharmanagar,CAO/C/ECOR ECoR mor,2344.0,2343.64,736.58,185,185,2018-02-18,2033-07-31,2033-07-31,6.0,31.42,IRB Infrastructure Developers,0,Central,Complete,Obtained,Obtained,Complete,Open,1,2026-04-05,7.6,0,0,0,0.0,0.0,9.4,Low
PROJ-705741,Jeypore - Navarangpur 38 km,Railways,Ministry of Railways,Telangana,Karimnagar,CAO/C/ECOR ECoR mor,748.0,747.91,15.93,133,150,2017-07-04,2028-07-31,2029-12-31,1.0,2.13,Adani Infra Ltd,0,Central,Complete,Not Required,Obtained,Complete,Limited,0,2026-02-05,8.5,0,0,0,0.0,12.78,8.0,Low
PROJ-900874,Jhajha - Batia 20 km Umbrella work PB23/2018-19/NR,Railways,Ministry of Railways,Tamil Nadu,Madurai,CAO/Con/South/MHX ECR mor,588.0,588.18,26.52,109,131,2019-02-15,2028-03-31,2030-01-30,0.0,4.51,Megha Engineering (MEIL),1,Central,Not Started,Obtained,Pending,Partial,Open,5,2026-01-25,3.8,2,0,1,0.03,20.18,25.6,Low
PROJ-705598,Jhansi-Bina - 3rd line 152.57 km,Railways,Ministry of Railways,Ladakh,Kargil,CAO/C/NCR NCR mor,2002.0,2001.63,1943.61,67,115,2016-09-08,2022-03-31,2026-03-31,98.0,97.08,Patel Engineering,1,Central,Partial,Pending,Not Required,Not Started,Limited,1,2026-02-27,4.8,0,0,1,0.0,71.64,41.2,Medium
PROJ-705608,Jhansi-Khairar-Manikpur & Khirar-Bhimsen,Railways,Ministry of Railways,Assam,Guwahati,North Central Railway,4330.0,4330.0,3102.72,97,97,2018-03-01,2026-03-31,2026-03-31,73.0,71.66,NCC Limited,0,PPP,Complete,Obtained,Obtained,Complete,Open,0,2026-07-27,9.1,1,0,0,0.0,0.0,8.0,Low
PROJ-705616,Jharsuguda - Bilaspur - 4th line 206 km,Railways,Ministry of Railways,Chhattisgarh,Bilaspur,CAOC/SECR SECR mor,2140.0,2978.55,2540.98,98,115,2016-09-08,2024-10-31,2026-03-31,88.0,85.31,Larsen & Toubro Ltd,1,State,Partial,Obtained,Obtained,Complete,Limited,1,2026-02-27,6.3,0,1,1,39.18,17.35,32.7,Low
PROJ-400006,Jharsuguda-Barpali-Sardega Ph II Works- Rail Connectivity for Coal Loading Bulb at Barpali.,Railways,Ministry of Railways,Rajasthan,Ajmer,South Eastern Railway [SER] - I,809.0,809.0,743.46,49,63,2021-10-05,2025-10-31,2026-12-31,44.0,91.9,GMR Infrastructure,4,Central,Partial,Pending,Pending,Not Started,Open,3,2026-03-25,4.7,0,0,1,0.0,28.57,45.6,Medium
PROJ-705391,Jiribam-Imphal 110 km,Railways,Ministry of Railways,Manipur,Imphal,CAO/C-III/NFR NFR mor,14323.0,21886.0,16931.5,279,309,2003-10-15,2026-12-31,2029-06-30,78.0,77.36,GMR Infrastructure,3,Central,Complete,Pending,Pending,Not Started,Single,5,2026-02-13,4.7,2,1,0,52.8,10.75,47.8,Medium
PROJ-705450,Jogbani-Biratnagar New Rail Line project,Railways,Ministry of Railways,Ladakh,Kargil,Indian Railway Construction International Limited [IRCON],402.0,486.0,369.48,141,198,2010-06-28,2022-03-31,2026-12-31,86.0,76.02,Hindustan Construction Company (HCC),3,PPP,Not Started,Obtained,Obtained,Complete,Limited,5,2026-06-07,5.7,2,1,1,20.9,40.43,45.9,Medium
PROJ-705492,Kadur-Chickmagalur-Sakleshpur 93 km,Railways,Ministry of Railways,Jharkhand,Ranchi,CAOC/SWR SWR mor,825.0,1043.15,790.72,137,143,2014-01-27,2025-06-30,2025-12-31,83.0,75.8,Afcons Infrastructure,1,Central,Complete,Obtained,Pending,Not Started,Open,2,2026-05-22,6.1,0,1,0,26.44,4.38,22.0,Low
PROJ-400247,"Kalinarayanpur-Krishnanagar with Krishnanagar-Shantipur-Nabadwipghat - GC, Krishnanagar-Chartala, MM for Krishnanagar-Chapra-NL, Naihati-Ranaghat-3rd line, Nabadwipghat-Nabadwipdham upto BB loop 9.58 km, Ranaghat-Lalgola-strengthening bridge No.2",Railways,Ministry of Railways,Uttarakhand,Dehradun,CAOC/ER ER mor,1000.0,2153.91,925.7,139,152,2015-07-28,2027-02-28,2028-03-31,49.0,42.98,PNC Infratech Ltd,3,Central,Complete,Obtained,Pending,Complete,Limited,3,2026-03-21,5.5,2,1,0,115.39,9.35,49.0,Medium
PROJ-705498,Kalyan-Kasara - 3rd line 67.62 km,Railways,Ministry of Railways,Karnataka,Mysuru,CAOC/CR CR mor,793.0,1395.5,1159.82,136,136,2015-09-14,2026-12-31,2026-12-31,73.0,83.11,GMR Infrastructure,4,Externally Aided,Complete,Obtained,Obtained,Complete,Open,1,2026-04-14,4.1,1,1,0,75.98,0.0,44.4,Medium
PROJ-617245,Katihar-Kumedpur & Katihar-Mukuria 64.5 km Umbrella work PB57/2019-20/NR,Railways,Ministry of Railways,Tamil Nadu,Coimbatore,CAO/C-II/NFR NFR mor,943.0,1961.0,952.95,60,60,2022-08-26,2027-08-31,2027-02-28,65.0,48.6,Dilip Buildcon Ltd,2,State,Complete,Obtained,Pending,Partial,Open,3,2026-06-01,6.1,3,1,0,107.95,0.0,44.0,Medium
PROJ-705661,Katni - Grade separator / bypass 21.50 km,Railways,Ministry of Railways,West Bengal,Asansol,GM IRCON KATNI WCR mor,1248.0,2300.0,1839.46,98,122,2016-08-05,2024-09-30,2026-09-30,84.0,79.98,Tata Projects Ltd,4,PPP,Not Started,Pending,Not Required,Not Started,Limited,1,2026-03-17,6.5,0,1,1,84.29,24.49,59.8,Medium
PROJ-705668,Kharagpur-Adityapur - 3rd line 132 km,Railways,Ministry of Railways,West Bengal,Kharagpur,CMD / RVNL RVNL mor,3250.0,3450.0,3297.43,103,118,2016-09-05,2025-03-31,2026-06-30,98.0,95.58,Adani Infra Ltd,0,Externally Aided,Complete,Obtained,Obtained,Complete,Single,0,2026-02-11,8.7,1,0,0,6.15,14.56,11.6,Low
PROJ-400220,Kharsia-Dharamjaygarh with Spur line [East Corridor-Phase 1],Railways,Ministry of Railways,Himachal Pradesh,Kullu,Indian Railway Construction International Limited [IRCON],3055.0,3798.06,2790.19,31,130,2016-03-05,2018-09-30,2026-12-31,95.0,73.46,Tata Projects Ltd,2,Central,Not Started,Pending,Pending,Partial,Open,2,2026-07-30,5.5,3,1,1,24.32,319.35,61.3,Medium
PROJ-705358,Khurda Road-Bolangir 301 km,Railways,Ministry of Railways,Jharkhand,Ranchi,CAO/C/ECOR ECoR mor,3792.0,6221.98,4825.28,393,393,1994-03-31,2026-12-31,2026-12-31,93.0,77.55,Megha Engineering (MEIL),1,Externally Aided,Not Started,Pending,Obtained,Not Started,Limited,5,2026-01-27,6.1,3,1,0,64.08,0.0,49.0,Medium
PROJ-400291,Kirandul-Jagdalpur 150 km,Railways,Ministry of Railways,Chhattisgarh,Jagdalpur,CAO/C/ECOR ECoR mor,1589.0,1798.0,1369.01,85,170,2013-02-20,2020-03-31,2027-04-30,89.0,76.14,Afcons Infrastructure,3,State,Partial,Obtained,Obtained,Complete,Open,3,2026-05-07,7.0,0,1,1,13.15,100.0,49.0,Medium
PROJ-617832,Koderma-Barkakana Arigada 133 Km,Railways,Ministry of Railways,Uttarakhand,Dehradun,CAO/Con/South/MHX ECR mor,2887.0,2887.0,0.85,54,54,2025-06-24,2029-12-31,2029-12-31,0.0,0.03,Adani Infra Ltd,0,Central,Complete,Obtained,Obtained,Complete,Open,0,2026-04-16,9.3,0,0,0,0.0,0.0,8.0,Low
PROJ-705375,Koderma-Tilaiya 68 km,Railways,Ministry of Railways,Assam,Dibrugarh,CAO/Con/South/MHX ECR mor,1626.0,2433.13,2269.03,244,256,2004-11-04,2025-02-28,2026-02-28,90.0,93.26,NCC Limited,1,Central,Partial,Obtained,Pending,Complete,Open,1,2026-07-03,4.3,2,1,0,49.64,4.92,36.8,Medium
PROJ-705513,Koraput-Singapur Road 164.56 km,Railways,Ministry of Railways,Nagaland,Mokokchung,CAO/C/ECOR ECoR mor,2362.0,2462.17,2093.47,144,148,2015-12-08,2027-12-01,2028-03-30,56.0,85.03,Tata Projects Ltd,0,Central,Complete,Not Required,Obtained,Complete,Limited,1,2026-06-27,9.0,0,0,0,4.24,2.78,14.2,Low
PROJ-616983,Kosamba Umarpada GC PROJECT,Railways,Ministry of Railways,Himachal Pradesh,Mandi,Ministry of Railways-,468.0,468.0,70.54,48,48,2023-07-14,2027-06-30,2027-06-30,16.0,15.07,IRCON International,1,Central,Partial,Obtained,Obtained,Complete,Open,0,2026-07-31,9.0,0,0,0,0.0,0.0,8.0,Low
PROJ-611918,Kosamba- Umarpada 69.70 Km PB32/WR/2023-24,Railways,Ministry of Railways,Punjab,Jalandhar,CAOCWR WR mor,468.0,468.0,146.38,45,45,2023-07-14,2027-03-30,2027-03-30,31.0,31.28,GMR Infrastructure,0,Externally Aided,Partial,Obtained,Not Required,Complete,Open,0,2026-01-20,9.0,0,0,0,0.0,0.0,8.0,Low
PROJ-705512,Kottavalasa-Koraput 189.278 km,Railways,Ministry of Railways,Nagaland,Kohima,CAO/C/ECOR ECoR mor,2500.0,3580.41,2300.04,76,148,2015-12-08,2022-03-31,2028-03-31,74.0,64.24,Ashoka Buildcon Ltd,3,PPP,Partial,Pending,Not Required,Partial,Open,3,2026-05-08,5.4,2,1,1,43.22,94.74,68.0,High
PROJ-705638,Kumbalam-Turavur - Patch doubling 15.59 km,Railways,Ministry of Railways,Kerala,Thrissur,CAO/CN/ERS SR mor,813.0,1171.46,395.03,48,48,2023-04-03,2027-03-31,2027-03-31,30.0,33.72,GMR Infrastructure,4,Central,Partial,Obtained,Obtained,Not Started,Limited,5,2026-02-09,7.2,3,1,0,44.09,0.0,38.4,Medium
PROJ-611927,Kurnool - Setting up facilities for coach midlife rehabilitation workshop,Railways,Ministry of Railways,Bihar,Patna,WPO/Patna,561.0,561.0,276.66,120,120,2014-01-01,2023-12-31,2023-12-31,65.0,49.32,Afcons Infrastructure,1,Central,Complete,Obtained,Obtained,Complete,Open,1,2026-06-06,8.4,0,0,0,0.0,0.0,8.0,Low
PROJ-705253,Kurnool Coach Midlife Rehabilitation Project,Railways,Ministry of Railways,Andhra Pradesh,Kurnool,South Central Railway [SCR] - II,563.0,560.72,959.27,55,128,2016-05-16,2020-12-01,2026-12-31,75.0,100.0,Larsen & Toubro Ltd,3,Central,Complete,Pending,Pending,Complete,Single,2,2026-03-02,3.6,1,0,1,0.0,132.73,52.3,Medium
PROJ-705766,Lalitpur - Birari with flyover at Lalitpur 15.80 km,Railways,Ministry of Railways,Karnataka,Belagavi,CAO/C/NCR NCR mor,304.0,356.1,287.11,93,106,2017-03-22,2024-12-31,2026-01-31,85.0,80.63,Shapoorji Pallonji Co,1,State,Partial,Obtained,Pending,Not Started,Single,5,2026-01-06,5.0,0,1,0,17.14,13.98,26.9,Low
PROJ-705480,"Lalitpur-Satna, Rewa-Singrauli & Mahoba-Khajuraho 541 km",Railways,Ministry of Railways,Madhya Pradesh,Rewa,CE/C-4/WCR WCR mor,8914.0,8913.94,6622.82,242,251,2007-01-24,2027-03-31,2027-12-31,73.0,74.3,Dilip Buildcon Ltd,0,Externally Aided,Complete,Obtained,Obtained,Complete,Single,0,2026-02-19,9.5,0,0,0,0.0,3.72,8.0,Low
PROJ-705785,Lodhma-Piska - Link line bypassing Hatia / Ranchi with Y connection 17.2 km,Railways,Ministry of Railways,Jharkhand,Ranchi,CAO/C/SER SER mor,473.0,472.5,344.5,58,69,2021-08-27,2026-06-30,2027-05-31,14.0,72.83,Tata Projects Ltd,2,PPP,Partial,Obtained,Obtained,Complete,Limited,3,2026-02-13,4.0,2,0,1,0.0,18.97,36.0,Medium
PROJ-607653,Ludhiana Mullanpur 21Km Doubling Railway project,Railways,Ministry of Railways,Punjab,Ludhiana,CAO/C/NR,235.0,235.0,61.39,6,21,2025-05-10,2024-06-30,2027-02-15,99.0,26.12,Shapoorji Pallonji Co,4,Externally Aided,Complete,Obtained,Pending,Not Started,Limited,1,2026-06-01,4.2,1,0,1,0.0,250.0,44.4,Medium
PROJ-705783,Ludhiana-Kila Raipur 19 km with freight line at Gill station,Railways,Ministry of Railways,Punjab,Ludhiana,CAOC/NR NR mor,238.0,260.33,108.49,73,96,2019-03-01,2025-03-31,2027-02-28,70.0,41.67,KNR Constructions Ltd,4,PPP,Partial,Obtained,Pending,Partial,Open,1,2026-03-20,5.6,2,0,1,9.38,31.51,32.8,Low
PROJ-616701,Lumding-Furkating section 140 km Umbrella work PB57/2019-20/NR,Railways,Ministry of Railways,Meghalaya,Jowai,CAO/C-1/NFR NFR mor,2124.0,2123.7,200.23,48,48,2024-02-19,2028-02-29,2028-02-29,1.0,9.43,Ashoka Buildcon Ltd,1,Externally Aided,Complete,Obtained,Obtained,Complete,Open,0,2026-04-21,7.3,1,0,0,0.0,0.0,8.0,Low
PROJ-616842,LUNI- SAMDARI- BHILDI DOUBLING,Railways,Ministry of Railways,Bihar,Gaya,North Western Railway [NWR],3086.0,3086.0,962.77,41,41,2024-02-19,2027-07-31,2027-07-31,36.0,31.2,KNR Constructions Ltd,0,State,Complete,Obtained,Obtained,Complete,Open,0,2026-06-03,9.8,0,0,0,0.0,0.0,8.0,Low
PROJ-705489,Madurai-Tuticorin via Aruppukkottai 143.5 km,Railways,Ministry of Railways,Tamil Nadu,Madurai,CAOC/SR SR mor,601.0,2053.39,351.21,124,238,2011-04-01,2021-07-31,2031-01-31,14.0,17.1,Afcons Infrastructure,2,State,Partial,Obtained,Pending,Complete,Open,3,2026-07-22,4.2,1,1,1,241.66,91.94,78.4,High
PROJ-611929,Maintenance cum workshop depot for Vande Bharat Sleeper Trains as per conditions under WTA 527,Railways,Ministry of Railways,Bihar,Patna,WPO/Patna,167.0,167.0,0.0,28,28,2022-09-12,2024-12-29,2024-12-29,0.0,0.0,Shapoorji Pallonji Co,0,Central,Complete,Obtained,Obtained,Partial,Single,0,2026-04-18,8.3,0,0,0,0.0,0.0,8.0,Low
PROJ-705491,Marikuppam-Kuppam 23.7 km,Railways,Ministry of Railways,Sikkim,Namchi,CAOC/SWR SWR mor,297.0,502.13,145.72,176,176,2011-10-19,2026-06-30,2026-06-30,20.0,29.02,Patel Engineering,1,Externally Aided,Partial,Obtained,Not Required,Not Started,Open,5,2026-03-16,5.9,1,1,0,69.07,0.0,47.3,Medium
PROJ-705667,Mathura-Jhansi - 3rd line 273.80 km,Railways,Ministry of Railways,Mizoram,Champhai,CMD / RVNL RVNL mor,5961.0,5960.76,5725.22,88,124,2016-09-08,2023-12-31,2026-12-31,94.0,96.04,Afcons Infrastructure,2,Externally Aided,Complete,Obtained,Obtained,Not Started,Open,4,2026-08-12,6.9,3,0,1,0.0,40.91,32.6,Low
PROJ-705458,Miyagam-Karjan-Dabhoi-Samlaya 96.46 km- Gauge conversion with electrification,Railways,Ministry of Railways,Chhattisgarh,Raipur,CAOCWR WR mor,484.0,1015.07,816.25,119,119,2017-01-17,2026-12-25,2026-12-31,34.0,80.41,IRB Infrastructure Developers,2,Central,Not Started,Pending,Pending,Not Started,Open,2,2026-08-03,6.6,3,1,0,109.73,0.0,66.3,High
PROJ-705772,Mughalsarai - Allahabad - 3rd line 150 km,Railways,Ministry of Railways,Chhattisgarh,Raipur,CAO/C/NCR NCR mor,2649.0,2649.44,2027.64,89,92,2019-08-02,2026-12-31,2027-03-31,77.0,76.53,Tata Projects Ltd,0,Central,Complete,Obtained,Obtained,Complete,Open,0,2026-06-23,8.0,1,0,0,0.02,3.37,8.0,Low
PROJ-616699,Multi tracking of Son Nagar-Andal 374.53 rkm & 814.38 tkm PB34/ECOR/2023-24,Railways,Ministry of Railways,Bihar,Bihta,CAO/Con/South/MHX ECR mor,12334.0,12334.0,1152.79,55,55,2023-08-25,2028-03-31,2028-03-31,3.0,9.35,Adani Infra Ltd,0,Central,Complete,Obtained,Obtained,Partial,Limited,0,2026-07-14,8.3,0,0,0,0.0,0.0,8.0,Low
PROJ-705728,Mumbai-Ahmedabad High Speed Rail Project- 508 km,Railways,Ministry of Railways,Maharashtra,Mumbai,National High Speed Rail Corporation [NHSRC],108000.0,108000.0,90966.9,149,177,2015-03-31,2027-08-31,2029-12-31,62.0,84.23,Shapoorji Pallonji Co,4,Externally Aided,Complete,Pending,Not Required,Partial,Single,2,2026-02-03,5.4,3,0,1,0.0,18.79,29.1,Low
PROJ-705401,Murkongselek-Pasighat 26.15 km,Railways,Ministry of Railways,Arunachal Pradesh,Pasighat,CAO/C-II/NFR NFR mor,435.0,1334.45,1057.21,170,191,2011-02-09,2025-03-31,2026-12-31,67.0,79.22,Adani Infra Ltd,3,Central,Partial,Obtained,Not Required,Partial,Open,5,2026-03-14,4.2,0,1,0,206.77,12.35,54.5,Medium
PROJ-705528,Muzaffarpur - Sagauli 100.6 km,Railways,Ministry of Railways,Bihar,Muzaffarpur,CAO/Con/North/MHX ECR mor,1586.0,1744.84,1554.88,76,100,2018-03-01,2024-06-30,2026-06-30,99.0,89.11,KNR Constructions Ltd,4,State,Not Started,Obtained,Obtained,Complete,Open,5,2026-01-18,6.4,1,1,1,10.02,31.58,36.1,Medium
PROJ-709812,Nadiad-Petlad 37.26 km,Railways,Ministry of Railways,Tamil Nadu,Tiruchirappalli,CAOCWR WR mor,462.0,461.91,142.21,97,97,2022-05-17,2030-06-30,2030-06-30,30.0,30.78,Dilip Buildcon Ltd,0,State,Complete,Obtained,Obtained,Partial,Single,0,2026-04-25,7.6,0,0,0,0.0,0.0,8.0,Low
PROJ-400298,Nadikude-Srikalahasti 308.7 km,Railways,Ministry of Railways,Himachal Pradesh,Bilaspur,CAO/C/SCoR SCoR mor,2312.0,5906.03,2535.68,182,192,2012-03-31,2027-05-31,2028-03-31,2.0,42.93,Dilip Buildcon Ltd,3,PPP,Not Started,Obtained,Obtained,Not Started,Single,4,2026-02-25,5.6,1,1,0,155.45,5.49,64.7,Medium
PROJ-705410,Nangal Dam-Talwara 83.74 km - New broad gauge line & taking over siding Mukerian-Talwara 29.16 km,Railways,Ministry of Railways,Assam,Guwahati,CAOC/NR NR mor,2018.0,4076.15,2934.27,513,537,1983-03-31,2025-12-31,2027-12-31,84.0,71.99,Tata Projects Ltd,3,Central,Complete,Pending,Not Required,Complete,Single,5,2026-05-06,4.5,3,1,0,101.99,4.68,48.8,Medium
PROJ-705629,Narayangarh - Bhadrak - 3rd line 155 km,Railways,Ministry of Railways,Gujarat,Gandhinagar,CAO/C/SER SER mor,2400.0,3425.32,2886.02,82,95,2019-03-07,2025-12-31,2027-01-31,84.0,84.26,NCC Limited,2,PPP,Not Started,Obtained,Pending,Not Started,Limited,3,2026-02-03,6.4,3,1,1,42.72,15.85,45.9,Medium
PROJ-617239,Narkatiaganj-Raxaul-Sitamarhi-Darbhanga & Sitamarhi-Muzaffarpur Sections doubling 256 km Umbrella work PB57/2019-20/NR,Railways,Ministry of Railways,Bihar,Muzaffarpur,CAO/Con/North/MHX ECR mor,4080.0,4079.96,18.9,60,65,2024-11-05,2029-11-05,2030-03-31,0.0,0.46,Shapoorji Pallonji Co,0,Central,Complete,Obtained,Obtained,Complete,Open,0,2026-04-08,9.4,0,0,0,0.0,8.33,8.0,Low
PROJ-611855,Nathdwara Mavli - Devgarh Madariya 82.542 km,Railways,Ministry of Railways,Kerala,Kozhikode,CAOC/NWR NWR mor,969.0,1100.0,816.16,64,64,2023-01-24,2028-06-01,2028-06-01,75.0,74.2,IRCON International,4,Central,Not Started,Obtained,Not Required,Complete,Open,2,2026-08-02,6.0,2,1,0,13.52,0.0,20.4,Low
PROJ-611669,NER Provision of Automatic Block Signalling on Gorakhpur Cantt[Excl] Chhapra Gramin & Burhwal Jn [Excl] Sitapur Jn section of high density routes,Railways,Ministry of Railways,Uttar Pradesh,Gorakhpur,North Eastern Railway [NER],380.0,380.0,258.65,58,70,2022-05-20,2027-03-31,2028-03-31,25.0,68.07,Dilip Buildcon Ltd,2,Central,Complete,Pending,Obtained,Partial,Open,1,2026-04-15,3.9,0,0,1,0.0,20.69,30.2,Low
PROJ-611943,New BG line between Naliya - Jakhau Port 24.88 Km,Railways,Ministry of Railways,West Bengal,Howrah,CAOCWR WR mor,410.0,410.26,11.86,59,60,2023-02-22,2028-01-31,2028-02-28,5.0,2.89,GMR Infrastructure,0,Central,Complete,Obtained,Obtained,Complete,Limited,0,2026-02-07,9.4,0,0,0,0.06,1.69,8.0,Low
PROJ-709813,New BG line intersection 5 nos between Geratpur-Sanand & Botad-Ahmedabad 16.51 km PB29/NR/2022-23,Railways,Ministry of Railways,Gujarat,Ahmedabad,CAOCWR WR mor,437.0,463.95,463.96,60,60,2022-10-17,2027-10-31,2027-10-27,22.0,100.0,Tata Projects Ltd,0,PPP,Complete,Obtained,Obtained,Complete,Limited,1,2026-02-08,8.4,1,0,0,6.17,0.0,21.9,Low
PROJ-705572,New Bongaigaon - Goalpara - Guwahati Kamakhya 176 km,Railways,Ministry of Railways,Assam,Guwahati,CAO/C-III/NFR NFR mor,4060.0,4983.94,3821.96,115,115,2016-09-02,2026-03-31,2026-03-31,91.0,76.69,NCC Limited,2,PPP,Partial,Pending,Obtained,Not Started,Open,2,2026-04-21,3.9,1,1,0,22.76,0.0,22.4,Low
PROJ-705764,Nimach-Badi Sadri NL Project 48 km,Railways,Ministry of Railways,Telangana,Nizamabad,CAOC/NWR NWR mor,495.0,895.67,577.16,90,93,2018-10-04,2026-03-31,2026-06-30,60.0,64.44,GMR Infrastructure,1,Externally Aided,Not Started,Obtained,Obtained,Complete,Open,2,2026-07-27,4.6,1,1,0,80.94,3.33,45.2,Medium
PROJ-705933,Nimach-Ratlam 133 km,Railways,Ministry of Railways,Sikkim,Gangtok,CAOCWR WR mor,1096.0,1770.58,1488.18,73,73,2021-10-07,2027-10-31,2027-10-31,100.0,84.05,Patel Engineering,1,State,Not Started,Obtained,Obtained,Complete,Open,1,2026-01-24,6.8,0,1,0,61.55,0.0,37.5,Medium
PROJ-612815,Nipania-Bhatapra 14.4 km 4th line PB72/NR/2022-23,Railways,Ministry of Railways,Gujarat,Jamnagar,CAOC/SECR SECR mor,170.0,170.0,12.12,52,52,2022-12-08,2027-03-31,2027-03-31,3.0,7.13,NCC Limited,0,State,Complete,Obtained,Obtained,Complete,Open,0,2026-07-13,9.3,0,0,0,0.0,0.0,8.0,Low
PROJ-705298,North Region Video Surveillance Project,Railways,Ministry of Railways,Uttar Pradesh,Agra,RCIL,274.0,274.0,0.0,46,46,2020-06-01,2024-03-31,2024-03-31,48.0,0.0,IRCON International,0,Externally Aided,Complete,Obtained,Obtained,Complete,Single,0,2026-05-20,8.3,0,0,0,0.0,0.0,8.0,Low
PROJ-617404,North Western Railway - New line between Ramdevra and Pokhran via Bhairav Gufa - Kailash Tekri 13.38 Km PB30/NR/2025-26,Railways,Ministry of Railways,Uttarakhand,Haridwar,CAOC/NWR NWR mor,189.0,189.0,57.31,36,36,2025-04-08,2028-03-31,2028-03-31,3.0,30.32,Tata Projects Ltd,1,State,Partial,Obtained,Obtained,Partial,Limited,0,2026-06-04,8.3,0,0,0,0.0,0.0,12.5,Low
PROJ-612845,Pachora-Jamner with extension upto Malkapur-Narrow gauge to broad gauge 84 km,Railways,Ministry of Railways,West Bengal,Asansol,CAOC/CR CR mor,955.0,2093.82,294.53,60,60,2022-08-26,2027-08-31,2027-08-31,10.0,14.07,Afcons Infrastructure,4,Central,Not Started,Pending,Obtained,Partial,Open,4,2026-06-08,6.3,1,1,0,119.25,0.0,50.9,Medium
PROJ-611945,Petlad-Bhadran 22.5 km,Railways,Ministry of Railways,Himachal Pradesh,Bilaspur,CAOCWR WR mor,307.0,307.12,114.73,96,96,2022-05-17,2030-05-31,2030-05-30,32.0,37.36,Patel Engineering,1,PPP,Complete,Obtained,Not Required,Complete,Single,0,2026-01-06,8.4,1,0,0,0.04,0.0,8.0,Low
PROJ-400280,Phase II extension of MRTS from Velachery to St Thomas Mount,Railways,Ministry of Railways,Telangana,Hyderabad,Ministry of Railways,734.0,734.01,486.53,212,215,2007-11-15,2025-07-24,2025-09-30,100.0,66.28,Patel Engineering,1,Central,Partial,Obtained,Obtained,Complete,Single,0,2026-06-12,8.9,1,0,0,0.0,1.42,8.0,Low
PROJ-705385,Pirpainti - Jasidih 97 km,Railways,Ministry of Railways,Jharkhand,Hazaribagh,CAOC/ER ER mor,2555.0,2700.43,1775.66,168,168,2014-03-31,2028-03-31,2028-03-31,40.0,65.75,GMR Infrastructure,0,Central,Complete,Obtained,Obtained,Partial,Single,0,2026-08-07,7.6,0,0,0,5.69,0.0,11.5,Low
PROJ-706837,Pradhan Kuntha Jn Line Doubling Project,Railways,Ministry of Railways,Chhattisgarh,Raipur,East Central Railway [ECR] - I,349.0,349.22,145.57,60,60,2022-11-21,2027-11-30,2027-11-27,72.0,41.68,KNR Constructions Ltd,1,Externally Aided,Partial,Obtained,Obtained,Complete,Limited,0,2026-03-10,9.1,0,0,0,0.06,0.0,8.0,Low
PROJ-617372,Pradhankhunta Jn-Patherdih Bazar-Bhojudih 17.1 km Umbrella work PB57/2019-20/NR,Railways,Ministry of Railways,Assam,Nagaon,CAO/Con/South/MHX ECR mor,349.0,349.22,162.92,60,60,2022-11-21,2027-11-30,2026-03-31,60.0,46.65,Hindustan Construction Company (HCC),0,Central,Complete,Obtained,Obtained,Complete,Open,1,2026-07-16,9.6,0,0,0,0.06,0.0,8.0,Low
PROJ-400045,Proposed 6 nos Road Over Bridge [ROB] at different locations under MCL Talcher Under Deposit Scheme.,Railways,Ministry of Railways,Gujarat,Vadodara,East Coast Railway [ECoR] - II,168.0,168.0,69.85,32,32,2022-08-08,2025-03-31,2025-01-31,82.0,41.58,Tata Projects Ltd,0,State,Complete,Obtained,Obtained,Complete,Single,0,2026-06-20,9.5,0,0,0,0.0,0.0,8.0,Low
PROJ-616841,Pushkar - Merta Katyasani 51.346 km,Railways,Ministry of Railways,Odisha,Balasore,CAOC/NWR NWR mor,800.0,799.64,242.08,35,59,2024-02-13,2026-12-31,2028-12-31,7.0,30.26,Adani Infra Ltd,4,Externally Aided,Not Started,Pending,Not Required,Complete,Limited,3,2026-03-26,4.4,3,0,1,0.0,68.57,58.5,Medium
PROJ-617409,Railway Manufacturing Unit,Railways,Ministry of Railways,Rajasthan,Jodhpur,RVNL - II,521.0,521.0,492.12,126,126,2016-07-01,2026-12-31,2026-03-31,91.0,94.46,Afcons Infrastructure,1,PPP,Complete,Obtained,Obtained,Complete,Open,0,2026-04-20,8.1,0,0,0,0.0,0.0,8.0,Low
PROJ-705793,Raising of speed to 160 kmph/200 kmph on existing New Delhi-Mumbai route incl. Vadodara-Ahmedabad,Railways,Ministry of Railways,Maharashtra,Mumbai,PCE/WR,6806.0,8095.12,9480.86,55,79,2019-09-01,2024-03-31,2026-03-31,66.0,100.0,IRCON International,1,Central,Partial,Pending,Obtained,Complete,Open,4,2026-05-31,5.3,0,1,1,18.94,43.64,51.6,Medium
PROJ-706763,Rajkot-Kanalus 111.20 km,Railways,Ministry of Railways,Gujarat,Rajkot,CAOCWR WR mor,1081.0,1205.18,1107.75,61,61,2021-10-07,2026-10-31,2026-06-30,90.0,91.92,Megha Engineering (MEIL),1,PPP,Complete,Obtained,Obtained,Partial,Open,4,2026-02-01,4.6,3,1,0,11.49,0.0,14.7,Low
PROJ-705617,Rajnandgaon-Nagpur - 3rd line 228 km,Railways,Ministry of Railways,Maharashtra,Nagpur,CAOC/SECR SECR mor,3545.0,3544.92,3143.54,100,118,2016-09-08,2024-12-31,2026-06-30,95.0,88.68,Hindustan Construction Company (HCC),4,State,Complete,Pending,Not Required,Partial,Limited,5,2026-02-20,5.4,2,0,1,0.0,18.0,22.0,Low
PROJ-705481,Ramganj Mandi-Bhopal 262 km,Railways,Ministry of Railways,Rajasthan,Kota,CPM/Kota WCR mor,3032.0,5074.76,4498.51,310,334,2000-02-22,2025-12-25,2027-12-31,86.0,88.64,NCC Limited,1,PPP,Not Started,Pending,Not Required,Partial,Open,1,2026-02-26,4.7,3,1,0,67.37,7.74,49.9,Medium
PROJ-706759,Rampur Dumra-Tal-Rajendrapul - Addl bridge and doubling 14 km,Railways,Ministry of Railways,Maharashtra,Thane,CGM/CIVIL ECR mor,2374.0,2535.13,2028.18,105,118,2016-03-04,2024-12-01,2025-12-31,95.0,80.0,Hindustan Construction Company (HCC),0,State,Complete,Obtained,Obtained,Complete,Open,1,2026-01-05,7.5,0,0,0,6.79,12.38,10.6,Low
PROJ-705457,Ratlam-Mhow-Khandwa-Akola 472.64 km including material modification for Fatehabad-Chandrawati Ganj-Ujjain 22.96 km and Rau-DADN doubling 9.40 km,Railways,Ministry of Railways,Madhya Pradesh,Ujjain,CAOCWR WR mor,1656.0,13314.5,5045.54,230,248,2008-01-17,2027-03-31,2028-09-30,75.0,37.9,Adani Infra Ltd,2,Central,Not Started,Obtained,Pending,Not Started,Limited,5,2026-01-26,6.3,3,1,0,704.02,7.83,55.6,Medium
PROJ-705494,Rayadurg-Tumkur via Kalyandurg 213 km,Railways,Ministry of Railways,Goa,South Goa,CAOC/SWR SWR mor,2496.0,4612.0,1906.63,103,252,2007-02-22,2015-09-30,2028-02-29,65.0,41.34,Shapoorji Pallonji Co,3,Externally Aided,Partial,Obtained,Pending,Not Started,Open,5,2026-05-29,4.0,0,1,1,84.78,144.66,81.1,High
PROJ-613002,Redevelopment of Chennai Egmore Station,Railways,Ministry of Railways,Tamil Nadu,Chennai,Ministry of Railways,842.0,842.0,340.0,46,46,2022-05-25,2026-03-31,2026-03-31,0.0,40.38,Adani Infra Ltd,1,State,Complete,Obtained,Not Required,Complete,Single,1,2026-08-15,8.8,0,0,0,0.0,0.0,15.8,Low
PROJ-613015,Redevelopment of Chhatrapati Shivaji Maharaj Terminus [CSMT] and construction of associated infrastructure,Railways,Ministry of Railways,Manipur,Churachandpur,Rail Land Development Authority,1813.0,1813.0,873.99,47,47,2023-04-28,2027-03-31,2027-03-31,25.0,48.21,Ashoka Buildcon Ltd,1,Central,Complete,Obtained,Not Required,Complete,Limited,0,2026-07-15,9.4,0,0,0,0.0,0.0,9.1,Low
PROJ-705610,"Renigunta 9.60 km, Wadi 7.60 km & Gooty 3.8 km - Bypass",Railways,Ministry of Railways,Jammu and Kashmir,Anantnag,CAO/C/SCoR SCoR mor,302.0,850.74,421.36,116,119,2016-04-22,2025-12-31,2026-03-31,50.0,49.53,Larsen & Toubro Ltd,3,State,Complete,Obtained,Pending,Complete,Single,4,2026-05-31,5.9,0,1,0,181.7,2.59,44.2,Medium
PROJ-615915,Rourkela-Bondamunda A-Cabin 5th line 10 km Umbrella work PB57/2019-20/NR,Railways,Ministry of Railways,Odisha,Rourkela,CAO/C/SER SER mor,245.0,244.99,155.23,24,50,2022-09-26,2024-09-30,2026-11-30,45.0,63.36,PNC Infratech Ltd,2,PPP,Complete,Pending,Pending,Partial,Open,3,2026-08-01,4.4,0,0,1,0.0,108.33,48.5,Medium
PROJ-617403,SADULPUR - CHURU DOUBLING PROJECT,Railways,Ministry of Railways,Goa,North Goa,North Western Railway [NWR],469.0,469.0,197.84,29,29,2024-01-24,2026-06-30,2026-06-30,95.0,42.18,IRCON International,0,State,Partial,Obtained,Obtained,Complete,Open,0,2026-05-27,8.3,0,0,0,0.0,0.0,8.0,Low
PROJ-705527,Sagauli - Valmikinagar 109.7 km,Railways,Ministry of Railways,Odisha,Puri,CAO/Con/North/MHX ECR mor,1216.0,1558.77,1460.42,94,94,2018-03-01,2025-12-24,2025-12-25,91.0,93.69,Adani Infra Ltd,1,Central,Complete,Pending,Obtained,Complete,Open,3,2026-02-21,4.1,2,1,0,28.19,0.0,23.1,Low
PROJ-400205,Sahjanwa - Dohrighat 81.17 km,Railways,Ministry of Railways,Bihar,Muzaffarpur,CAOC/NER NER mor,1320.0,1319.75,728.08,116,116,2019-08-02,2029-03-31,2029-03-31,1.0,55.16,IRB Infrastructure Developers,0,Externally Aided,Complete,Not Required,Obtained,Complete,Limited,0,2026-07-06,8.7,1,0,0,0.0,0.0,17.9,Low
PROJ-602797,"Sainthia, Sitarampur, Mughalsarai, Allahabad & Etawah - Bypass 35 km",Railways,Ministry of Railways,Karnataka,Mangaluru,CAOC/ER ER mor,462.0,797.94,185.23,116,116,2017-08-10,2027-03-31,2027-03-27,15.0,23.21,Larsen & Toubro Ltd,3,Externally Aided,Not Started,Pending,Pending,Partial,Single,3,2026-01-22,6.6,3,1,0,72.71,0.0,54.0,Medium
PROJ-400254,Sakri-Hasanpur 79 km,Railways,Ministry of Railways,Gujarat,Vadodara,CAO/Con/North/MHX ECR mor,735.0,802.45,615.69,13,39,2023-12-15,2024-12-31,2027-03-31,80.0,76.73,KNR Constructions Ltd,1,Central,Partial,Obtained,Pending,Not Started,Limited,4,2026-02-09,6.4,2,0,1,9.18,200.0,50.8,Medium
PROJ-705526,Samastipur-Darbhanga 38 km,Railways,Ministry of Railways,Bihar,Darbhanga,CAO/Con/North/MHX ECR mor,519.0,973.56,746.81,112,119,2015-11-18,2025-03-31,2025-10-31,92.0,76.71,Adani Infra Ltd,3,PPP,Not Started,Obtained,Obtained,Not Started,Limited,4,2026-04-10,6.1,1,1,0,87.58,6.25,51.4,Medium
PROJ-611970,Samlaya-Timba Road 53.53 km,Railways,Ministry of Railways,Delhi,New Delhi,CAOCWR WR mor,670.0,670.17,195.1,86,86,2023-02-03,2030-03-31,2030-03-30,25.0,29.11,KNR Constructions Ltd,1,Central,Complete,Obtained,Not Required,Complete,Open,1,2026-08-12,7.6,0,0,0,0.03,0.0,8.0,Low
PROJ-611971,Samni-Jambusar 24.08 km,Railways,Ministry of Railways,Karnataka,Kalaburagi,CAOCWR WR mor,350.0,349.93,188.23,94,94,2022-05-17,2030-03-31,2030-03-30,40.0,53.78,NCC Limited,0,Externally Aided,Complete,Obtained,Obtained,Complete,Limited,0,2026-04-06,9.3,0,0,0,0.0,0.0,8.0,Low
PROJ-705659,Satna - Rewa 50 km,Railways,Ministry of Railways,Madhya Pradesh,Rewa,CE/C-4/WCR WCR mor,500.0,646.1,618.19,124,124,2015-11-18,2026-03-31,2026-03-31,88.0,95.68,KNR Constructions Ltd,4,PPP,Partial,Pending,Obtained,Not Started,Open,5,2026-02-25,6.4,3,1,0,29.22,0.0,33.9,Low
PROJ-706866,Sawaimadhopur - Bypass line 6.98 km Umbrella work PB57/2019-20/NR,Railways,Ministry of Railways,Assam,Dibrugarh,CAOC/NWR NWR mor,304.0,239.0,188.07,40,54,2022-12-09,2026-03-31,2027-05-27,72.0,61.87,Afcons Infrastructure,2,Central,Not Started,Obtained,Not Required,Partial,Limited,1,2026-03-16,3.8,0,0,1,0.0,35.0,25.4,Low
PROJ-705761,Shimoga-Shikaripura-Ranebennur 103 km umbrella work PB23/2018-19/NR,Railways,Ministry of Railways,Gujarat,Dholera,CAOC/SWR SWR mor,1454.0,455.86,106.18,98,105,2019-09-19,2027-12-01,2028-06-30,14.0,7.3,Tata Projects Ltd,0,State,Complete,Not Required,Obtained,Complete,Single,0,2026-02-17,8.0,0,0,0,0.0,7.14,8.0,Low
PROJ-705432,Sivok-Rangpo New Rail Line,Railways,Ministry of Railways,Karnataka,Belagavi,Indian Railway Construction International Limited [IRCON],7877.0,11775.0,11090.5,67,218,2009-10-30,2015-05-31,2027-12-31,80.0,94.19,Larsen & Toubro Ltd,4,State,Complete,Obtained,Not Required,Partial,Limited,4,2026-02-13,3.5,3,1,1,49.49,225.37,74.5,High
PROJ-705735,Solapur-Osmanabad - New line via Tuljapur 84.44 km umbrella work PB23/2018-19/NR,Railways,Ministry of Railways,Maharashtra,Solapur,CAOC/CR CR mor,905.0,1647.87,1202.73,99,111,2019-01-08,2027-03-31,2028-03-28,22.0,72.99,NCC Limited,3,Central,Not Started,Pending,Pending,Complete,Single,4,2026-01-06,3.9,0,1,0,82.09,12.12,71.7,High
PROJ-611754,South Central Railway - Rail road over double line between Guntakal West-Mallapa Gate 9.64 km PB34/CR/2023-24,Railways,Ministry of Railways,Odisha,Berhampur,CAO/C/SCoR SCoR mor,293.0,293.0,91.42,36,36,2023-07-27,2026-07-31,2026-07-31,0.0,31.2,Tata Projects Ltd,0,Central,Complete,Not Required,Obtained,Complete,Limited,1,2026-03-22,8.9,0,0,0,0.0,0.0,11.4,Low
PROJ-617216,South Central Railway- 3rd line between Gudur-Renigunta stations 83.17 km PB34/CR/2023-24,Railways,Ministry of Railways,Himachal Pradesh,Shimla,CAO/C/SCoR SCoR mor,877.0,877.0,53.46,30,30,2024-10-03,2027-03-31,2027-03-31,0.0,6.1,NCC Limited,0,Central,Complete,Obtained,Obtained,Partial,Limited,0,2026-04-23,9.5,0,0,0,0.0,0.0,8.0,Low
PROJ-617214,"South Central Railway- Rail connectivity to Amaravati, Capital of Andhra Pradesh Errupalem- Amaravati- Namburu New line 57 km PB7/WR/2023-24",Railways,Ministry of Railways,Andhra Pradesh,Visakhapatnam,CAO/C/SCoR SCoR mor,2047.0,2047.0,155.0,29,29,2024-11-08,2027-03-31,2027-03-31,0.0,7.57,Patel Engineering,0,Central,Partial,Obtained,Obtained,Complete,Limited,0,2026-04-06,9.4,0,0,0,0.0,0.0,8.0,Low
PROJ-705359,Talcher-Bimlagarh 154 km,Railways,Ministry of Railways,Jharkhand,Jamshedpur,CAO/C/ECOR ECoR mor,1928.0,4546.84,2164.01,252,300,2004-03-31,2025-03-31,2029-03-31,56.0,47.59,Tata Projects Ltd,4,Central,Not Started,Pending,Pending,Partial,Open,5,2026-07-29,6.2,2,1,1,135.83,19.05,62.0,Medium
PROJ-400273,"Tarakeswar-Bishnupur with extension upto Dhaniakhali, Arambagh-Irphala, Irphala-Ghatal 11.2 km, Arambagh-Champadanga 23.3 km & Bishnupur-Uparsol 31.8 km and new material modification for Mynapur-Kamarpukur via Birsha 19 km",Railways,Ministry of Railways,Bihar,Darbhanga,CAOC/ER ER mor,1189.0,1878.82,1607.64,216,299,2001-03-31,2019-03-31,2026-02-28,75.0,85.57,KNR Constructions Ltd,3,State,Complete,Obtained,Not Required,Partial,Single,3,2026-06-04,4.0,1,1,1,58.02,38.43,60.0,Medium
PROJ-400022,Taranga Hill-Abu Road via Ambaji 116.65 km,Railways,Ministry of Railways,Andhra Pradesh,Kurnool,CAOC/NWR NWR mor,2798.0,3198.16,1953.58,96,96,2022-07-21,2030-07-31,2030-07-31,48.0,61.08,Larsen & Toubro Ltd,3,PPP,Partial,Obtained,Pending,Not Started,Limited,4,2026-04-17,4.1,3,1,0,14.3,0.0,28.0,Low
PROJ-705394,Teteliya-Byrnihat 21.5 km,Railways,Ministry of Railways,Meghalaya,Tura,CAO/C-II/NFR NFR mor,1305.0,1432.14,1272.35,60,247,2006-11-30,2011-11-30,2027-06-30,87.0,88.84,GMR Infrastructure,2,Central,Partial,Obtained,Pending,Complete,Limited,4,2026-06-08,4.4,2,0,1,9.74,311.67,51.3,Medium
PROJ-400275,Tindivanam-Nagari 179.2 km,Railways,Ministry of Railways,Tripura,Udaipur,CAOC/SR SR mor,3631.0,3631.34,1175.82,98,236,2008-07-21,2016-09-30,2028-03-31,16.0,32.38,Tata Projects Ltd,3,Central,Complete,Obtained,Pending,Not Started,Single,5,2026-04-13,6.7,2,0,1,0.01,140.82,53.2,Medium
PROJ-400223,Tiruchchirappalli-Nagore-Karaikal with extension of Nagapattinam-Velankani-Tiruthiraipundi incl. new material modification of Karaikal - Peralam 23 km new line,Railways,Ministry of Railways,Sikkim,Gangtok,CAOC/SR SR mor,713.0,1748.55,1267.74,352,388,1995-11-22,2025-03-31,2028-03-31,80.0,72.5,NCC Limited,4,Externally Aided,Partial,Pending,Pending,Complete,Open,1,2026-06-04,3.6,2,1,0,145.24,10.23,52.6,Medium
PROJ-617210,Tirupati-Pakala-Katpadi Doubling 104.39 Km Item83/NR/2024-25,Railways,Ministry of Railways,Andhra Pradesh,Tirupati,CAO/C/SCoR SCoR mor,1216.0,1216.0,0.0,48,48,2025-04-17,2029-04-30,2029-04-30,0.0,0.0,Ashoka Buildcon Ltd,0,State,Partial,Not Required,Obtained,Complete,Limited,1,2026-04-01,8.7,0,0,0,0.0,0.0,8.0,Low
PROJ-705635,Trivandrum- Kanyakumari,Railways,Ministry of Railways,Meghalaya,Jowai,CAO/CN/ERS SR mor,1432.0,3785.45,3258.97,91,130,2017-08-28,2025-03-24,2028-06-30,59.0,86.09,Tata Projects Ltd,2,Externally Aided,Not Started,Pending,Not Required,Not Started,Open,1,2026-01-09,6.7,3,1,1,164.35,42.86,78.8,High
PROJ-705496,Tumkur-Chitradurg-Davangere 199.7 km,Railways,Ministry of Railways,Uttarakhand,Haridwar,CAOC/SWR SWR mor,1876.0,1801.01,676.71,97,202,2011-03-03,2019-03-31,2027-12-31,22.0,36.07,GMR Infrastructure,2,Externally Aided,Complete,Obtained,Obtained,Partial,Single,4,2026-01-08,4.5,1,0,1,0.0,108.25,45.7,Medium
PROJ-617213,"Varanasi- Pt. Deen Dayal Upadhyaya - Multitracking 15 km, including construction of a new Rail- cum- Road Bridge across Ganga River",Railways,Ministry of Railways,Uttar Pradesh,Varanasi,CAO/C-II/NR NR mor,2464.0,2464.46,109.93,60,60,2024-10-24,2029-10-30,2029-10-30,5.0,4.46,Hindustan Construction Company (HCC),1,Central,Complete,Obtained,Obtained,Complete,Open,0,2026-06-02,9.6,0,0,0,0.02,0.0,8.0,Low
PROJ-705632,Vijayawada19.50 km & Kazipet10.65 km -Byepass line,Railways,Ministry of Railways,Karnataka,Bengaluru,CAO/C/SCoR SCoR mor,647.0,827.46,705.66,105,116,2016-04-22,2025-01-12,2025-12-31,90.0,85.28,Ashoka Buildcon Ltd,4,State,Partial,Pending,Obtained,Partial,Open,2,2026-04-09,4.8,3,1,0,27.89,10.48,33.6,Low
PROJ-705479,Wadsa-Gadchiroli 49.5 km,Railways,Ministry of Railways,Nagaland,Mokokchung,CAOC/SECR SECR mor,1886.0,1880.61,1015.46,118,118,2017-05-17,2027-03-31,2027-03-31,69.0,53.84,Shapoorji Pallonji Co,0,State,Complete,Obtained,Obtained,Complete,Single,0,2026-01-14,8.9,0,0,0,0.0,0.0,8.0,Low
PROJ-705497,Wardha - Yavatmal Nanded Railway Line Project,Railways,Ministry of Railways,Ladakh,Leh,Central Railways,3445.0,4030.69,4053.03,226,226,2008-02-16,2026-12-31,2026-12-31,47.0,100.0,NCC Limited,4,Central,Complete,Pending,Not Required,Partial,Single,3,2026-01-20,3.8,3,1,0,17.0,0.0,38.2,Medium
PROJ-705500,Wardha Sevagram-Nagpur - 3rd line 76.3 km,Railways,Ministry of Railways,Maharashtra,Nagpur,CAOC/CR CR mor,540.0,899.52,836.27,124,134,2015-09-04,2025-12-31,2026-10-31,88.0,92.97,Afcons Infrastructure,1,Central,Not Started,Pending,Obtained,Complete,Open,3,2026-03-02,4.0,1,1,0,66.58,8.06,50.3,Medium
PROJ-705502,Wardha-Balharshah - 3rd line 132 km,Railways,Ministry of Railways,Karnataka,Ballari,CAOC/CR CR mor,1385.0,2603.11,1894.7,118,120,2016-03-07,2025-12-31,2026-02-28,86.0,72.79,IRB Infrastructure Developers,2,State,Complete,Pending,Obtained,Complete,Open,3,2026-02-12,7.1,0,1,0,87.95,1.69,41.5,Medium
PROJ-705505,Wardha-Nagpur - 4th line 78.70 km,Railways,Ministry of Railways,Maharashtra,Nagpur,CAOC/CR CR mor,638.0,1194.59,1090.49,104,114,2017-04-20,2025-12-31,2026-10-31,88.0,91.29,PNC Infratech Ltd,3,Externally Aided,Partial,Obtained,Not Required,Partial,Single,1,2026-06-09,5.8,1,1,0,87.24,9.62,47.6,Medium
PROJ-705237,Western Dedicated Freight Corridor,Railways,Ministry of Railways,Tamil Nadu,Tirunelveli,DFCCIL,51101.0,124005.0,124623.0,169,214,2008-02-28,2022-03-31,2025-12-31,96.0,100.0,KNR Constructions Ltd,3,State,Not Started,Obtained,Not Required,Partial,Open,4,2026-01-24,5.2,3,1,1,142.67,26.63,63.5,Medium
PROJ-611974,Western Railway- Samakhiali-Gandhidham Quadrupiling 53 km PB34/CR/2023-24,Railways,Ministry of Railways,Himachal Pradesh,Solan,CAOCWR WR mor,1430.0,1430.0,748.46,40,52,2023-08-25,2026-12-30,2027-12-31,50.0,52.34,Shapoorji Pallonji Co,1,PPP,Not Started,Pending,Not Required,Complete,Open,5,2026-04-28,4.4,1,0,1,0.0,30.0,28.7,Low
PROJ-701661,Development of IMC Khurpia Farms under AKIC Project,Real Estate,Department for Promotion of Industry & Internal Trade,Kerala,Thiruvananthapuram,National Industrial Corridor Development Corporation,1265.0,1265.0,0.0,49,49,2024-08-28,2028-09-30,2028-09-30,3.0,0.0,IRB Infrastructure Developers,0,PPP,Complete,Obtained,Obtained,Partial,Open,0,2026-01-21,7.7,1,0,0,0.0,0.0,8.0,Low
PROJ-603210,Development of Jodhpur Pali Marwar Industrial Area JPMIA in Rajasthan,Real Estate,Department for Promotion of Industry & Internal Trade,Rajasthan,Jodhpur,National Industrial Corridor Development Corporation,922.0,922.0,0.0,47,47,2024-08-28,2028-07-27,2028-07-27,6.0,0.0,Dilip Buildcon Ltd,0,State,Complete,Obtained,Obtained,Partial,Limited,0,2026-05-10,7.8,0,0,0,0.0,0.0,8.0,Low
PROJ-701668,Development of Palakkad Node under extension of CBIC to Kochi,Real Estate,Department for Promotion of Industry & Internal Trade,Kerala,Kochi,National Industrial Corridor Development Corporation,3805.0,3805.0,57.93,56,56,2024-08-28,2029-04-22,2029-04-22,5.0,1.52,GMR Infrastructure,0,Central,Complete,Obtained,Obtained,Complete,Single,1,2026-01-10,9.5,0,0,0,0.0,0.0,8.0,Low
PROJ-601812,Development of Zaheerabad Node under Hyderabad Nagpur Industrial Corridor,Real Estate,Department for Promotion of Industry & Internal Trade,Maharashtra,Nagpur,National Industrial Corridor Development Corporation,2360.0,2360.0,42.89,53,53,2024-08-28,2029-02-05,2029-02-05,5.0,1.82,Tata Projects Ltd,1,Central,Complete,Obtained,Obtained,Complete,Limited,0,2026-08-13,7.4,0,0,0,0.0,0.0,8.0,Low
PROJ-707420,Gaya Integrated Manufacturing Cluster IMC in Bihar,Real Estate,Department for Promotion of Industry & Internal Trade,Bihar,Gaya,National Industrial Corridor Development Corporation,1339.0,1339.0,0.0,55,55,2024-08-28,2029-04-04,2029-04-04,5.0,0.0,Megha Engineering (MEIL),0,Externally Aided,Complete,Obtained,Obtained,Partial,Limited,0,2026-06-14,8.2,0,0,0,0.0,0.0,8.0,Low
PROJ-707419,IMC at Prayagraj,Real Estate,Department for Promotion of Industry & Internal Trade,Uttar Pradesh,Prayagraj,National Industrial Corridor Development Corporation,658.0,658.0,75.63,34,34,2024-08-28,2027-06-18,2027-06-18,28.0,11.49,Megha Engineering (MEIL),1,Central,Complete,Obtained,Obtained,Complete,Open,0,2026-01-19,9.6,0,0,0,0.0,0.0,8.0,Low
PROJ-701662,IMC Rajpura - Patiala Development Project,Real Estate,Department for Promotion of Industry & Internal Trade,Punjab,Patiala,National Industrial Corridor Development Corporation,1368.0,1368.0,0.0,48,48,2024-08-28,2028-09-06,2028-09-06,3.0,0.0,KNR Constructions Ltd,0,PPP,Complete,Obtained,Obtained,Complete,Open,0,2026-05-26,9.7,0,0,0,0.0,0.0,8.0,Low
PROJ-617729,Kopparthy Industrial Area,Real Estate,Department for Promotion of Industry & Internal Trade,Uttarakhand,Pantnagar,NICDC,2136.0,2136.0,39.75,50,50,2024-08-28,2028-10-30,2028-10-30,5.0,1.86,GMR Infrastructure,0,PPP,Complete,Obtained,Obtained,Complete,Open,0,2026-07-24,7.6,0,0,0,0.0,0.0,8.0,Low
PROJ-701658,Krishnapatnam Node - Phase 1 - Roads and Services Development,Real Estate,Department for Promotion of Industry & Internal Trade,Ladakh,Leh,National Industrial Corridor Development Corporation,2139.0,2139.0,984.13,73,73,2020-12-30,2027-02-13,2027-02-13,48.0,46.01,Patel Engineering,0,Central,Complete,Obtained,Obtained,Complete,Limited,0,2026-05-26,8.1,0,0,0,0.0,0.0,8.0,Low
PROJ-617727,Orvakal Industrial Area,Real Estate,Department for Promotion of Industry & Internal Trade,Bihar,Gaya,NICDC,2786.0,2786.0,356.05,50,50,2024-08-28,2028-10-30,2028-10-30,16.0,12.78,Ashoka Buildcon Ltd,0,PPP,Complete,Obtained,Obtained,Partial,Limited,0,2026-06-12,7.3,0,0,0,0.0,0.0,8.0,Low
PROJ-701657,Tumakuru Node - Phase 1 - Roads and Services Development,Real Estate,Department for Promotion of Industry & Internal Trade,Bihar,Gaya,NICDC,1702.0,1702.0,337.56,69,81,2020-12-30,2026-09-21,2027-09-21,27.0,19.83,Larsen & Toubro Ltd,4,Central,Complete,Pending,Obtained,Partial,Open,2,2026-02-21,4.8,3,0,1,0.0,17.39,18.7,Low
PROJ-701766,Green Building Development Project,Real Estate,Ministry of Housing & Urban Affairs,Punjab,Jalandhar,ministry of housing and urban affairs,151.0,206.0,59.51,49,86,2019-11-07,2023-11-23,2026-12-31,40.0,28.89,KNR Constructions Ltd,3,State,Partial,Obtained,Obtained,Complete,Limited,1,2026-07-03,5.0,1,1,1,36.42,75.51,53.6,Medium
PROJ-707229,"Integrated Command control Center [ICCC] - Construction and Development of Integrated Command Control Center with Security, Surveillance, ITMS, Connecting Port, Ship Service, Smart Solid Waste Management, Smart Public Transport System",Real Estate,Ministry of Housing & Urban Affairs,Bihar,Darbhanga,ministry of housing and urban affairs,210.0,230.0,37.35,22,51,2021-07-19,2023-05-31,2025-10-31,97.0,16.24,GMR Infrastructure,4,PPP,Not Started,Obtained,Not Required,Partial,Single,4,2026-05-22,6.9,1,0,1,9.52,131.82,47.0,Medium
PROJ-400188,Redevelopment of Seven General Pool Residential Accommodation [GPRA] Colonies in Delhi,Real Estate,Ministry of Housing & Urban Affairs,Delhi,New Delhi,National Buildings Construction Corporation [NBCC],32850.0,32841.0,14370.5,114,114,2016-07-05,2025-12-31,2025-12-31,47.0,43.75,Ashoka Buildcon Ltd,0,Central,Complete,Obtained,Obtained,Complete,Open,0,2026-08-11,9.1,1,0,0,0.0,0.0,8.0,Low
PROJ-701719,Rehablitation in Junavadaj Area Smart City Project,Real Estate,Ministry of Housing & Urban Affairs,Telangana,Ramagundam,ministry of housing and urban affairs,539.0,539.0,623.44,76,125,2016-02-29,2022-07-07,2026-07-31,98.0,100.0,Ashoka Buildcon Ltd,4,PPP,Complete,Pending,Pending,Not Started,Open,5,2026-02-08,6.1,0,0,1,0.0,64.47,42.9,Medium
PROJ-618788,4L Greenfield Jalbhera Shahbad section from km. 0.000 to km. 22.850 of NH-152G,Roads & Highways,Ministry of Road Transport & Highways,Punjab,Patiala,NHAI,927.0,1173.66,550.65,38,53,2022-03-31,2025-05-31,2026-08-31,87.0,46.92,Patel Engineering,1,State,Not Started,Obtained,Pending,Partial,Open,3,2026-03-21,4.2,2,1,1,26.61,39.47,45.5,Medium
PROJ-619095,Balance works of 4L Panvel Indapur section of NH66 old NH17 from km 42.300 kasu to km 84.600 Indapur,Roads & Highways,Ministry of Road Transport & Highways,Punjab,Jalandhar,NHAI,546.0,472.1,420.83,23,51,2022-06-15,2024-05-17,2026-08-31,97.0,77.08,Tata Projects Ltd,3,State,Partial,Obtained,Obtained,Not Started,Single,1,2026-04-14,4.3,2,0,1,0.0,121.74,44.5,Medium
PROJ-618452,"2-laning of Zorinpui - Longmasu section of NH-502A from km 0.000 to km 28.244 in the State of Mizoram on EPC mode under NHO-NE, stretch of IMBR",Roads & Highways,Ministry of Road Transport & Highways,Mizoram,Aizawl,NHIDCL,782.0,782.0,48.26,46,53,2023-02-16,2026-12-06,2027-07-03,5.0,6.17,NCC Limited,1,PPP,Complete,Pending,Obtained,Complete,Open,2,2026-04-10,4.7,2,0,1,0.0,15.22,15.1,Low
PROJ-618547,2L NH-1 from km 8.660 to km 33.775 Sumbal to Wayul to 4L dual carriageway NH standard as part of Srinagar Ring Road PhaseII [Design Ch. 41.907 to Ch. 66.609],Roads & Highways,Ministry of Road Transport & Highways,Jammu and Kashmir,Srinagar,NHAI,961.0,643.64,474.55,44,55,2022-11-07,2026-06-25,2027-06-15,55.0,49.38,PNC Infratech Ltd,2,Central,Not Started,Pending,Not Required,Not Started,Open,4,2026-04-05,6.3,2,0,1,0.0,25.0,28.7,Low
PROJ-618842,"2L PS Greenfield bypass lalganj ajhara, mohanganj and Raniganj on Raebareli - Jaunpur Section Design km 0.00 to Km 53177 of NH-31",Roads & Highways,Ministry of Road Transport & Highways,Chhattisgarh,Rajnandgaon,NHAI,1281.0,1281.0,199.56,43,43,2024-12-12,2028-06-29,2026-12-31,0.0,15.58,Shapoorji Pallonji Co,1,State,Complete,Obtained,Obtained,Partial,Single,0,2026-01-18,7.4,0,0,0,0.0,0.0,8.0,Low
PROJ-618890,2L PS of Hamirpur Bypass from Km 121.175 to Km.138.295 of NH-103&3,Roads & Highways,Ministry of Road Transport & Highways,Delhi,Dwarka,NHAI,739.0,754.82,369.94,38,52,2022-08-25,2025-10-28,2026-12-31,94.0,49.01,IRB Infrastructure Developers,4,PPP,Not Started,Obtained,Obtained,Complete,Limited,2,2026-07-02,7.0,0,0,1,2.14,36.84,31.0,Low
PROJ-618751,2L PS of Hinotiya-Mehulwa section of NH-346 from Km. 27.000 to Km 75.700 Vidisha Mehulwa-Talbehat Pkg-II Section of NH- 346,Roads & Highways,Ministry of Road Transport & Highways,Uttar Pradesh,Varanasi,NHAI,582.0,592.71,273.7,35,54,2022-10-12,2025-09-12,2027-03-31,69.0,46.18,Tata Projects Ltd,3,PPP,Not Started,Pending,Not Required,Partial,Limited,4,2026-01-07,6.9,2,0,1,1.84,54.29,44.0,Medium
PROJ-618909,2L PS of JH / WB Border km. 70.524 - Purulia km.84.400 & Purulia km. 94.30 - Chandil Junction with NH-33 km. 153.705 of Old NH-32,Roads & Highways,Ministry of Road Transport & Highways,Madhya Pradesh,Ujjain,NHAI,1652.0,1771.88,1652.04,53,104,2018-03-13,2022-08-06,2026-10-31,98.0,93.24,GMR Infrastructure,3,State,Not Started,Pending,Not Required,Not Started,Single,5,2026-05-12,5.9,3,0,1,7.26,96.23,56.0,Medium
PROJ-618955,2L PS of Majhauli to Charout section from km. 0.00 to km. 63.655,Roads & Highways,Ministry of Road Transport & Highways,Mizoram,Champhai,NHAI,638.0,1067.51,1096.16,45,103,2018-01-23,2021-11-04,2026-08-31,100.0,100.0,IRB Infrastructure Developers,3,Externally Aided,Not Started,Pending,Not Required,Partial,Single,1,2026-05-11,5.0,2,1,1,67.32,128.89,80.2,High
PROJ-618924,2L PS of Najibabad Kotdwar section from 112.575 to Km. 138.635 of NH 119,Roads & Highways,Ministry of Road Transport & Highways,Madhya Pradesh,Jabalpur,NHAI,189.0,99.2,51.17,47,60,2021-10-05,2025-09-07,2026-10-20,56.0,27.07,IRCON International,1,Externally Aided,Not Started,Pending,Not Required,Not Started,Open,2,2026-05-19,4.7,3,0,1,0.0,27.66,28.0,Low
PROJ-618655,2L PS of Roshni to Ashapur Section of NH-347B from Design KM Ch. 89.900 to 114.000 KM Package III of Betul Khandwa,Roads & Highways,Ministry of Road Transport & Highways,Chhattisgarh,Jagdalpur,NHAI,201.0,120.75,126.72,29,29,2024-03-09,2026-08-21,2026-08-21,99.0,63.04,Tata Projects Ltd,0,State,Complete,Obtained,Obtained,Complete,Open,0,2026-01-18,7.2,0,0,0,0.0,0.0,8.0,Low
PROJ-618958,2L with ES of Yagyi - Kalewa section from Milepost 40/0 to Milepost 115/5 in Myanmar,Roads & Highways,Ministry of Road Transport & Highways,Jammu and Kashmir,Baramulla,NHAI,1200.0,1200.14,0.0,66,116,2017-12-09,2023-06-01,2027-07-31,52.0,0.0,Patel Engineering,4,State,Partial,Obtained,Pending,Not Started,Open,2,2026-07-04,6.4,0,0,1,0.01,75.76,46.1,Medium
PROJ-618907,2L/4L of Hoshiarpur to Una section including Hoshiarpur Bypass of NH 503A,Roads & Highways,Ministry of Road Transport & Highways,Arunachal Pradesh,Pasighat,NHAI,571.0,481.88,257.79,50,50,2023-03-20,2027-05-20,2027-05-20,26.0,45.15,Adani Infra Ltd,1,Central,Complete,Obtained,Obtained,Complete,Open,1,2026-05-15,7.4,0,0,0,0.0,0.0,8.7,Low
PROJ-618908,3L Major Bridge over River Brahmani at Km. 401.250 Duburi - Chandikhole Section of NH-200 New NH -53,Roads & Highways,Ministry of Road Transport & Highways,Tripura,Dharmanagar,NHAI,154.0,103.68,73.76,34,65,2022-04-17,2025-01-31,2027-09-30,38.0,47.9,Hindustan Construction Company (HCC),1,Central,Partial,Pending,Not Required,Partial,Limited,2,2026-06-05,5.7,2,0,1,0.0,91.18,46.0,Medium
PROJ-618669,4 -Laning of MP/UP Border to Kabarai section of NH-34&35 from km 197.000 to km 242.991 Length 45.991 Km Sagar-Kabrai Package-5 under Bharat Mala Pariyojana EC in MP & UP on HAM,Roads & Highways,Ministry of Road Transport & Highways,Madhya Pradesh,Sagar,NHAI,1633.0,1425.43,574.07,52,52,2022-10-20,2027-02-14,2027-02-14,62.0,35.15,GMR Infrastructure,0,Externally Aided,Complete,Obtained,Obtained,Complete,Open,0,2026-01-12,8.2,1,0,0,0.0,0.0,8.0,Low
PROJ-619102,4 L of China Orampadu-Renigunta section of NH-716 Package-II of Kadapa-Renigunta section,Roads & Highways,Ministry of Road Transport & Highways,Andhra Pradesh,Kadapa,NHAI,1500.0,1500.0,121.06,63,63,2022-12-05,2028-03-15,2028-03-14,2.0,8.07,Adani Infra Ltd,1,PPP,Complete,Obtained,Obtained,Complete,Open,0,2026-03-13,7.9,0,0,0,0.0,0.0,8.0,Low
PROJ-618961,4 Lane Inner Ring Road around Allahabad City Pkg-1 Prayagraj Southern Bypass 34.400 43.200,Roads & Highways,Ministry of Road Transport & Highways,Uttar Pradesh,Prayagraj,NHAI,776.0,498.97,70.02,34,34,2025-02-19,2027-12-18,2027-12-18,25.0,9.02,Shapoorji Pallonji Co,1,State,Complete,Obtained,Obtained,Complete,Open,1,2026-07-06,7.7,0,0,0,0.0,0.0,8.0,Low
PROJ-618960,4 Lane Inner Ring Road around Allahabad City Pkg-2 Prayagraj Southern Bypass 43.200 - 50.860,Roads & Highways,Ministry of Road Transport & Highways,Uttar Pradesh,Prayagraj,NHAI,1378.0,1007.62,448.99,34,46,2023-08-24,2026-06-15,2027-06-14,45.0,32.58,Hindustan Construction Company (HCC),2,Central,Partial,Pending,Not Required,Partial,Limited,1,2026-05-17,6.9,2,0,1,0.0,35.29,27.3,Low
PROJ-618641,4 Lane of CG/JH Border-Gumla from km 0.000 to km 32.370 of NH-43 in the State of Jhrkhand,Roads & Highways,Ministry of Road Transport & Highways,Mizoram,Lunglei,NHAI,1326.0,1326.0,293.4,43,43,2024-08-02,2028-02-17,2028-02-17,10.0,22.13,Dilip Buildcon Ltd,0,Central,Complete,Obtained,Obtained,Complete,Open,0,2026-03-18,7.1,0,0,0,0.0,0.0,8.0,Low
PROJ-618892,"4 Lane with Paved Shoulder from Dareota Village to Kalar Bala NH 205, Design Chainage -Km 33185 to Km 41000, Design Length-7.815 Km Package-IIB",Roads & Highways,Ministry of Road Transport & Highways,Punjab,Bathinda,NHAI,993.0,993.0,5.27,37,37,2025-06-06,2028-06-23,2028-06-24,1.0,0.53,KNR Constructions Ltd,0,Externally Aided,Complete,Obtained,Obtained,Complete,Open,0,2026-04-21,9.6,1,0,0,0.0,0.0,8.0,Low
PROJ-618649,4 Lane with PS from Des. Ch 228.500 to Des. Ch. 273.400 of Belgaum-Hungund-Raichur Section of NH 748 A Package-6,Roads & Highways,Ministry of Road Transport & Highways,Maharashtra,Amravati,NHAI,1246.0,1012.78,399.31,44,51,2023-03-29,2026-11-20,2027-06-30,54.0,32.05,Dilip Buildcon Ltd,1,Central,Partial,Obtained,Obtained,Complete,Limited,3,2026-04-03,5.2,1,0,1,0.0,15.91,15.2,Low
PROJ-619108,4 Lane with PS from Des. Ch 0.000 to Des. Ch. 43.800 of Belgaum-Hungund-Raichur Section of NH-748A Package-1,Roads & Highways,Ministry of Road Transport & Highways,Himachal Pradesh,Dharamshala,NHAI,1452.0,1256.55,490.31,40,44,2024-02-12,2027-06-17,2027-10-08,40.0,33.77,Larsen & Toubro Ltd,0,State,Complete,Obtained,Obtained,Complete,Single,0,2026-02-21,9.4,0,0,0,0.0,10.0,8.0,Low
PROJ-619107,4 Lane with PS from Des. Ch 136.100 to Des. Ch. 182.300 of Belgaum-Hungund-Raichur Section of NH-748A Package-4,Roads & Highways,Ministry of Road Transport & Highways,Delhi,Dwarka,NHAI,1311.0,1123.35,227.73,44,50,2024-02-07,2027-09-28,2028-04-18,15.0,17.37,Hindustan Construction Company (HCC),0,Central,Complete,Obtained,Obtained,Complete,Limited,0,2026-04-17,8.1,0,0,0,0.0,13.64,8.0,Low
PROJ-619106,4 Lane with PS from Des. Ch 182.300 to Des. Ch. 228.500 of Belgaum-Hungund-Raichur Section of NH 748 A Package-5,Roads & Highways,Ministry of Road Transport & Highways,Bihar,Muzaffarpur,NHAI,1142.0,868.65,255.41,44,53,2023-03-27,2026-11-20,2027-08-31,41.0,22.37,GMR Infrastructure,2,Central,Partial,Obtained,Obtained,Complete,Limited,3,2026-07-17,4.3,3,0,1,0.0,20.45,21.1,Low
PROJ-618651,4 Lane with PS from Des. Ch 43.800 to Des. Ch. 89.900 of Belgaum-Hungund-Raichur Section of NH-748A Package-2,Roads & Highways,Ministry of Road Transport & Highways,Ladakh,Leh,NHAI,1428.0,1293.94,594.55,36,40,2024-02-20,2027-02-28,2027-07-02,59.0,41.64,Megha Engineering (MEIL),0,Externally Aided,Complete,Obtained,Obtained,Complete,Limited,1,2026-03-30,9.5,0,0,0,0.0,11.11,8.0,Low
PROJ-618650,4 Lane with PS from Des. Ch 89.900 to Des. Ch. 136.100 of Belgaum-Hungund-Raichur Section of NH-748A Package-3,Roads & Highways,Ministry of Road Transport & Highways,Arunachal Pradesh,Itanagar,NHAI,1364.0,1219.62,306.09,39,49,2024-01-11,2027-04-03,2028-02-08,24.0,22.44,Hindustan Construction Company (HCC),4,Central,Partial,Obtained,Obtained,Not Started,Limited,3,2026-08-11,5.0,3,0,1,0.0,25.64,27.8,Low
PROJ-618691,4 laning of Aligarh-Palwal Section from Km. 46.390 Design Chainage to Km. 69.110 Terminating at junction EPE Package-II from Kurana- Eastern Peripheral Expressway of NH-334D,Roads & Highways,Ministry of Road Transport & Highways,Nagaland,Dimapur,NHAI,939.0,903.94,250.21,41,41,2024-03-15,2027-08-26,2027-08-27,17.0,26.65,Ashoka Buildcon Ltd,0,PPP,Complete,Obtained,Obtained,Complete,Single,0,2026-03-12,8.3,1,0,0,0.0,0.0,8.0,Low
PROJ-618823,4 laning of Barasat - Barajaguli Section of NH-12 from Km. 31.000 to Km. 48.679 in the district of North 24 - Parganas,Roads & Highways,Ministry of Road Transport & Highways,Karnataka,Belagavi,NHAI,352.0,346.39,97.88,24,45,2024-02-08,2026-02-11,2027-10-31,44.0,27.81,Afcons Infrastructure,3,State,Complete,Obtained,Obtained,Not Started,Limited,4,2026-01-15,4.5,3,0,1,0.0,87.5,46.3,Medium
PROJ-618957,4 laning of Champa - Korba from km 0.00 to km 38.2,Roads & Highways,Ministry of Road Transport & Highways,Chhattisgarh,Korba,NHAI,1002.0,1304.47,944.68,35,67,2021-02-08,2024-01-05,2026-08-31,99.0,72.42,Ashoka Buildcon Ltd,3,State,Complete,Pending,Pending,Not Started,Single,4,2026-03-15,6.1,3,1,1,30.19,91.43,64.8,Medium
PROJ-619158,4 Laning of Duburi Chandikhole from km 388.376 to km 428.074 Pkg-III,Roads & Highways,Ministry of Road Transport & Highways,Punjab,Mohali,NHAI,789.0,907.61,724.96,55,105,2018-01-19,2022-08-09,2026-10-31,86.0,79.88,Patel Engineering,3,Externally Aided,Partial,Obtained,Obtained,Partial,Limited,3,2026-08-05,5.6,0,1,1,15.03,90.91,49.9,Medium
PROJ-618826,4 Laning of NH-544D from Km 0.000 to km 37.000 of Anantapur- Muchukota section Pkg-1,Roads & Highways,Ministry of Road Transport & Highways,Punjab,Patiala,NHAI,908.0,905.98,468.12,33,47,2022-10-11,2025-07-21,2026-08-31,92.0,51.56,IRB Infrastructure Developers,3,Externally Aided,Not Started,Pending,Not Required,Partial,Open,2,2026-02-03,5.8,1,0,1,0.0,42.42,34.2,Low
PROJ-618827,4 Laning of NH-544D from Km 37.000 to km 69.000 of Muchukota- Bugga section Pkg-2,Roads & Highways,Ministry of Road Transport & Highways,Kerala,Thiruvananthapuram,NHAI,1098.0,1055.23,466.9,34,51,2022-10-14,2025-08-15,2026-12-31,85.0,42.52,Shapoorji Pallonji Co,1,State,Not Started,Obtained,Not Required,Complete,Open,4,2026-05-19,4.8,0,0,1,0.0,50.0,34.3,Low
PROJ-619156,4 Laning of Paramakudi to Ramanathapuram Section of NH-87 Old NH-49,Roads & Highways,Ministry of Road Transport & Highways,Meghalaya,Jowai,NHAI,1853.0,1853.0,169.53,34,34,2025-07-01,2028-05-14,2028-05-14,0.0,9.15,Dilip Buildcon Ltd,0,PPP,Complete,Obtained,Obtained,Complete,Open,0,2026-03-13,9.6,1,0,0,0.0,0.0,8.0,Low
PROJ-618964,4 Laning of Sandalpur to Nasrullaganj Pkg-1 section of NH-146B Length 43.2 Km.,Roads & Highways,Ministry of Road Transport & Highways,Himachal Pradesh,Mandi,NHAI,1426.0,1426.0,197.81,33,33,2025-03-30,2028-01-09,2028-01-09,12.0,13.87,Larsen & Toubro Ltd,1,Central,Complete,Obtained,Obtained,Complete,Open,0,2026-07-10,8.3,0,0,0,0.0,0.0,8.0,Low
PROJ-619157,4 Laning of Talcher to end of Kamakhyanagar Bypass km 8.844 - km 15.725 of NH-149 and km 301.875 - km 335.946 of NH-53 Pkg-I,Roads & Highways,Ministry of Road Transport & Highways,Arunachal Pradesh,Itanagar,NHAI,795.0,810.71,715.74,43,106,2018-01-14,2021-08-19,2026-10-31,99.0,88.29,Larsen & Toubro Ltd,1,PPP,Complete,Pending,Pending,Partial,Open,1,2026-06-17,5.7,0,0,1,1.98,146.51,40.2,Medium
PROJ-619167,4 Laning with PS of Pathrapalli-Katghora km 53.3 to km 92.6 Pkg-II of Bilaspur Kathghora,Roads & Highways,Ministry of Road Transport & Highways,Chhattisgarh,Bilaspur,NHAI,865.0,1275.26,853.85,36,83,2019-12-17,2022-12-03,2026-11-30,93.0,66.95,NCC Limited,2,Central,Partial,Pending,Not Required,Not Started,Limited,5,2026-06-20,4.3,0,1,1,47.43,130.56,70.0,High
PROJ-618690,"4 lanning of Aligarh Palwal section from km 0.00 to km 46.39 package -1 from khereshwar junction-kurana of NH33D , including khair & jattari bypass in the state of UP on HAM mode",Roads & Highways,Ministry of Road Transport & Highways,Tamil Nadu,Tuticorin,NHAI,1663.0,1685.69,590.53,36,36,2024-03-11,2027-03-26,2027-03-26,21.0,35.03,Megha Engineering (MEIL),0,PPP,Complete,Obtained,Obtained,Complete,Single,0,2026-07-16,7.5,0,0,0,1.36,0.0,8.0,Low
PROJ-618666,4- Laning of Mohari to Satai Ghat section NH-934 from Km 50300 to Km 89875 Total length 39.575 km Package-2 in the State of Madhya Pradesh on EPC Mode,Roads & Highways,Ministry of Road Transport & Highways,Madhya Pradesh,Bhopal,NHAI,711.0,539.08,518.99,48,48,2022-08-08,2026-08-23,2026-08-08,100.0,72.99,IRCON International,0,Externally Aided,Partial,Obtained,Obtained,Complete,Limited,0,2026-03-13,7.2,0,0,0,0.0,0.0,8.0,Low
PROJ-618282,4-L Bilasipara-Guwahati Package-10,Roads & Highways,Ministry of Road Transport & Highways,Assam,Guwahati,NHIDCL,1265.0,1265.0,632.99,39,48,2023-03-31,2026-06-18,2027-03-31,64.0,50.04,Shapoorji Pallonji Co,4,State,Partial,Obtained,Obtained,Not Started,Open,3,2026-01-04,6.0,1,0,1,0.0,23.08,24.5,Low
PROJ-618283,4-L Bilasipara-Guwahati Package-9,Roads & Highways,Ministry of Road Transport & Highways,Assam,Guwahati,NHIDCL,1000.0,1000.0,505.47,39,49,2023-03-07,2026-06-11,2027-03-31,60.0,50.55,IRCON International,3,State,Not Started,Pending,Not Required,Complete,Limited,3,2026-04-22,6.0,3,0,1,0.0,25.64,28.9,Low
PROJ-618316,4-Laning of Vairengte - Chhimluang section Package-3 of NH-306 from Existing Chainage km 43000 to Km 59700 Design Chainage km 46000 to km 60850 on Silchar - Vairengte- Sairang road in the State of Mizoram under Bharatmala Pariyojna under NHO-NE. Package-1&2 in Assam state,Roads & Highways,Ministry of Road Transport & Highways,Assam,Silchar,NHIDCL,491.0,491.0,238.01,61,61,2021-12-03,2027-01-07,2026-12-30,18.0,48.47,Megha Engineering (MEIL),0,PPP,Complete,Obtained,Obtained,Complete,Limited,0,2026-02-04,8.5,0,0,0,0.0,0.0,10.2,Low
PROJ-617941,4-Laning from End of Zuari approaches to Start of Margao Bypass section of NH-66 from Km 536.800 to Km 543.450,Roads & Highways,Ministry of Road Transport & Highways,West Bengal,Howrah,MoRTH,398.0,398.0,0.28,43,43,2024-07-16,2028-02-15,2028-02-15,1.0,0.07,Ashoka Buildcon Ltd,1,PPP,Complete,Obtained,Not Required,Complete,Open,0,2026-04-04,7.8,1,0,0,0.0,0.0,8.0,Low
PROJ-618013,4-laning of Puttaparthi-Koduru Section of NH-342,Roads & Highways,Ministry of Road Transport & Highways,Karnataka,Mangaluru,MoRTH,1319.0,909.19,464.06,37,46,2022-10-17,2025-11-06,2026-08-31,90.0,35.18,PNC Infratech Ltd,3,PPP,Partial,Pending,Pending,Complete,Open,4,2026-03-12,5.3,2,0,1,0.0,24.32,27.5,Low
PROJ-618328,4-Laning of Balance work of Dimapur-Kohima Road from design km 152.490 to km 166.700 Existing km 156.000 to km 172.900 Excluding Dimapur & Kohima Bypass under SARDP-NE Package-III,Roads & Highways,Ministry of Road Transport & Highways,Nagaland,Kohima,NHIDCL,563.0,794.75,542.85,114,126,2016-03-31,2025-09-28,2026-09-30,84.0,68.3,Afcons Infrastructure,3,State,Partial,Pending,Pending,Not Started,Open,5,2026-01-21,4.0,0,1,0,41.16,10.53,41.6,Medium
PROJ-618317,4-Laning of chhimluang-Kolasib from section pkg-4 of NH-306 & NH-6 existing chainage km 59700 to km 86000 design chainage km 61000 to km 77500 on Silchar-vairengte-sairang road in the state of Mizoram under Bharatmala Pariyojna on EPC mode Vairengte - Sairang Pkg-4,Roads & Highways,Ministry of Road Transport & Highways,Assam,Silchar,NHIDCL,562.0,562.0,223.99,61,61,2021-12-20,2027-01-07,2026-12-30,17.0,39.86,Hindustan Construction Company (HCC),0,Central,Complete,Obtained,Obtained,Complete,Single,0,2026-06-24,7.8,0,0,0,0.0,0.0,8.0,Low
PROJ-618314,4-Laning of Dhanehari Lailapur / Vairengte section from Existing Chainage km 12920 to km 43000 of NH 306 Design Chainage km 20000 to km 49360 on Silchar - Vairengte Sairang road in the State of Assam under Bharatmala Pariyojna on EPC mode. Project Length 29.360 km under NHO-NE Package-2,Roads & Highways,Ministry of Road Transport & Highways,Assam,Silchar,NHIDCL,1716.0,1716.0,1057.72,40,48,2023-03-31,2026-08-14,2027-03-31,82.0,61.64,Hindustan Construction Company (HCC),4,State,Partial,Obtained,Not Required,Complete,Open,5,2026-07-14,6.3,3,0,1,0.0,20.0,23.3,Low
PROJ-618436,4-Laning of Jamugurihat to end of Biswanath Chariali By-Pass from Km 182.000 to Km 208.000 of NH-52 on EPC mode in state of Assam under SARDP-NE,Roads & Highways,Ministry of Road Transport & Highways,Assam,Guwahati,NHIDCL,599.0,599.0,432.62,51,124,2015-03-31,2019-06-19,2025-07-30,100.0,72.22,Ashoka Buildcon Ltd,1,Central,Not Started,Obtained,Not Required,Partial,Single,4,2026-06-24,5.9,0,0,1,0.0,143.14,42.7,Medium
PROJ-618318,4-Laning of Kolasib - Sethawn section Package-5 of NH-6 from Existing Chainage km 86000 to km 107850 Design Chainage km 77500 to km 95500 on silchar - vairengte - sairang road under Bharatmala Pariyojna on EPC mode under NHO-NE Vairengte - Sairang Pkg-5,Roads & Highways,Ministry of Road Transport & Highways,Assam,Silchar,NHIDCL,720.0,720.0,259.85,68,68,2021-11-17,2027-07-07,2027-06-28,12.0,36.09,IRB Infrastructure Developers,0,State,Complete,Obtained,Not Required,Complete,Limited,1,2026-01-14,8.5,0,0,0,0.0,0.0,9.0,Low
PROJ-617943,4-laning of Navelim to Cuncolim Section of NH-66 from Km 554.245 to Km 561.480 on HAM Mode,Roads & Highways,Ministry of Road Transport & Highways,Tamil Nadu,Madurai,MoRTH,747.0,747.0,0.0,46,46,2024-12-20,2028-10-21,2028-10-21,0.0,0.0,GMR Infrastructure,0,Central,Complete,Obtained,Obtained,Complete,Open,0,2026-05-11,9.4,0,0,0,0.0,0.0,8.0,Low
PROJ-618438,"4-Laning of NH-37 Section between Demow to End of Moran Bypass From Km. 534.800 to Km. 561.700 including Emergency Landing Facility ELF under SARDP-NE, Phase 'A' in the State of Assam on EPC mode",Roads & Highways,Ministry of Road Transport & Highways,Assam,Guwahati,NHIDCL,386.0,386.0,680.44,102,115,2016-01-14,2024-07-20,2025-08-14,100.0,100.0,PNC Infratech Ltd,0,Externally Aided,Complete,Obtained,Obtained,Complete,Open,0,2026-03-14,7.8,1,0,0,0.0,12.75,8.0,Low
PROJ-618783,4-laning of Pilibhit - Sitarganj from Km. 32.500 to Km. 70.800 Pkg-2 of NH-30,Roads & Highways,Ministry of Road Transport & Highways,Punjab,Patiala,NHAI,1471.0,1471.19,470.11,38,57,2023-01-16,2026-03-13,2027-10-31,44.0,31.95,Shapoorji Pallonji Co,2,PPP,Complete,Obtained,Not Required,Partial,Open,2,2026-07-28,6.4,3,0,1,0.01,50.0,33.0,Low
PROJ-618319,"4-Laning of Sethawn - N. Kawnpui section Package-6 of NH-6 from Existing Chainage km 107850 to km 126315 Design Chainage km 95500 to km 111850 on Silchar-Vairengte- Sairang road, Vairengte - Sairang Pkg-6",Roads & Highways,Ministry of Road Transport & Highways,Assam,Silchar,NHIDCL,596.0,596.0,189.39,61,61,2021-12-20,2027-01-07,2026-12-30,7.0,31.78,Patel Engineering,1,Central,Complete,Obtained,Obtained,Complete,Single,0,2026-07-18,8.1,0,0,0,0.0,0.0,9.7,Low
PROJ-618315,4-Laning of Silchar - Dhanehari section from Existing Chainage km 263800 of NH 37 to km 12920 of NH 306 Design Chainage km 0000 to km 20000 on Silchar - Vairengte - Sairang road in the State of Assam under Bharatmala Pariyojna on EPC mode Package-1,Roads & Highways,Ministry of Road Transport & Highways,Assam,Silchar,NHIDCL,1257.0,1257.0,632.2,41,49,2023-02-28,2026-07-23,2027-03-31,60.0,50.29,PNC Infratech Ltd,2,State,Not Started,Pending,Obtained,Partial,Single,5,2026-04-20,3.8,0,0,1,0.0,19.51,22.9,Low
PROJ-618672,4-lanning of Gyaraspur to Rahatgarh section of NH-146 from Design Ch. 88361 to Ch 124470 in the state of MP on HAM mode,Roads & Highways,Ministry of Road Transport & Highways,Tripura,Dharmanagar,NHAI,903.0,592.44,169.82,36,36,2024-10-28,2027-11-05,2027-11-05,35.0,18.81,Afcons Infrastructure,0,Central,Partial,Obtained,Obtained,Partial,Limited,0,2026-05-04,8.7,0,0,0,0.0,0.0,8.0,Low
PROJ-618671,4-lanning of Rahatgarh to Berkhedi section of NH-146 from Design Ch 124470 to Ch. 134.549,Roads & Highways,Ministry of Road Transport & Highways,Manipur,Imphal,NHAI,618.0,342.69,53.19,33,33,2025-03-30,2027-12-20,2027-12-19,15.0,8.61,Patel Engineering,0,State,Complete,Obtained,Obtained,Complete,Single,0,2026-02-08,8.4,0,0,0,0.0,0.0,8.0,Low
PROJ-619103,4/6 Laning of Raipur-Simga Pkg-I from km. 0.00 to km. 48.58,Roads & Highways,Ministry of Road Transport & Highways,Chhattisgarh,Raipur,NHAI,1097.0,1172.36,905.32,30,131,2015-10-10,2018-04-20,2026-08-31,100.0,77.22,Dilip Buildcon Ltd,2,State,Partial,Obtained,Pending,Complete,Open,5,2026-02-19,5.0,1,0,1,6.87,336.67,49.0,Medium
PROJ-618495,4/6L Access Control Expressway from Design Chainage Km 515.000 to 528.300 Kunjwani to Sidhra Section of NH-44 and from Design Chainage Km 550.900 to Km 566.520 Domel to Katra Section Phase II-Package XVII,Roads & Highways,Ministry of Road Transport & Highways,West Bengal,Siliguri,NHAI,2895.0,2894.74,1016.96,35,64,2022-06-29,2025-06-13,2027-11-08,67.0,35.13,Hindustan Construction Company (HCC),4,Externally Aided,Not Started,Pending,Pending,Partial,Single,1,2026-01-25,6.0,0,0,1,0.0,82.86,47.4,Medium
PROJ-619318,4/6L Greenfield Ludhiana Rupnagar highway from Jn. with NE-5 village near to ManewalLudhiana to Jn. with NH-205 near Bheora Village Rupnagar from Km. 0.00 to Km. 37.7 including spur to Kharar with Ludhiana bypass of NH-205K Pkg-1,Roads & Highways,Ministry of Road Transport & Highways,Punjab,Ludhiana,NHAI,1369.0,1382.48,533.33,42,78,2021-05-27,2024-12-10,2027-12-10,15.0,38.58,IRCON International,4,Central,Complete,Pending,Pending,Complete,Single,4,2026-01-15,4.6,2,0,1,0.98,85.71,56.6,Medium
PROJ-618785,4/6L Greenfield LudhianaRupnagar highway from Jn. with NE-5 village near to ManewalLudhiana to Jn. with NH-205 near Bheora Village Rupnagar from Km 66.0 to Km 91.0 i/c spur to Kharar from Km 0.0 to Km 19.5 with Ludhiana bypass of NH-205K Pkg-3,Roads & Highways,Ministry of Road Transport & Highways,Punjab,Ludhiana,NHAI,1501.0,1815.13,1162.52,43,65,2021-07-30,2025-02-15,2026-12-31,80.0,64.05,Tata Projects Ltd,2,PPP,Complete,Obtained,Pending,Complete,Open,5,2026-01-04,6.0,0,1,1,20.93,51.16,45.2,Medium
PROJ-618969,4/6L of Spur to Haridwar Greenfield from Km. 0.000 to Km. 50.70,Roads & Highways,Ministry of Road Transport & Highways,Uttarakhand,Haridwar,NHAI,2156.0,2612.3,1543.12,39,58,2021-11-15,2025-02-19,2026-09-30,93.0,59.07,Afcons Infrastructure,1,State,Partial,Pending,Pending,Partial,Open,3,2026-02-21,3.7,1,1,1,21.16,48.72,45.7,Medium
PROJ-618517,4/6L of Bangalore - Pune Section of bypass connecting Dharwad - Hubli from km. 403.80 to km. 433.20,Roads & Highways,Ministry of Road Transport & Highways,Maharashtra,Pune,NHAI,1135.0,763.36,744.42,45,65,2021-12-27,2025-09-21,2027-05-31,83.0,65.59,IRB Infrastructure Developers,1,PPP,Not Started,Obtained,Not Required,Not Started,Limited,3,2026-07-31,5.7,0,0,1,0.0,44.44,32.3,Low
PROJ-619132,4/6L of Gurgaon - Pataudi - Rewari from km. 0.00 to km.43.87 of NH-352W,Roads & Highways,Ministry of Road Transport & Highways,Odisha,Sambalpur,NHAI,1810.0,1917.5,1267.55,42,76,2020-05-11,2023-11-23,2026-08-31,78.0,66.1,Tata Projects Ltd,3,Central,Complete,Obtained,Obtained,Not Started,Open,4,2026-05-14,4.4,0,0,1,5.94,80.95,45.9,Medium
PROJ-618567,4/6L of Northern Ayodhya Bypass starting Km. 112.540 and ending Km. 139.928 north of existing NH-27 part-1 and part-2 south of NH-27 from km 0.000 to km 5.000.,Roads & Highways,Ministry of Road Transport & Highways,Uttar Pradesh,Ayodhya,NHAI,2289.0,1834.25,285.67,41,41,2024-08-02,2028-01-06,2028-01-07,34.0,12.48,Adani Infra Ltd,0,Externally Aided,Complete,Obtained,Obtained,Complete,Limited,0,2026-02-17,8.9,0,0,0,0.0,0.0,8.0,Low
PROJ-618568,4/6L Southern Ayodhya Bypass from Km 5.000 to Km 37.172 starting near Km. 112.540 and ending at Km. 153.281 of NH-27,Roads & Highways,Ministry of Road Transport & Highways,Uttar Pradesh,Ayodhya,NHAI,2541.0,1983.05,318.53,38,38,2024-08-02,2027-09-27,2027-09-27,40.0,12.54,IRCON International,0,Central,Complete,Not Required,Obtained,Complete,Open,0,2026-07-06,9.1,1,0,0,0.0,0.0,8.0,Low
PROJ-618741,4L Greenfield Alignment from Kalyanapur to Tal Dashraha of NH-119D Pkg-III,Roads & Highways,Ministry of Road Transport & Highways,Karnataka,Belagavi,NHAI,1858.0,1969.3,957.28,35,73,2022-03-04,2025-02-15,2028-03-31,36.0,48.61,Shapoorji Pallonji Co,3,Central,Not Started,Pending,Obtained,Not Started,Open,1,2026-03-27,5.0,1,0,1,5.99,108.57,54.5,Medium
PROJ-618852,4L Sundar Nagar Bypass from Km.173.900 to Km.179.600 of NH-21,Roads & Highways,Ministry of Road Transport & Highways,Goa,South Goa,NHAI,191.0,192.11,182.6,28,54,2022-02-22,2024-06-14,2026-08-31,100.0,95.05,Hindustan Construction Company (HCC),4,Externally Aided,Partial,Pending,Obtained,Partial,Open,2,2026-02-05,6.7,0,0,1,0.58,92.86,44.8,Medium
PROJ-618811,4L Access Controlled Greenfield Highway Section Mancherial Warangal from Pangidipalle village at Design Ch. 72.350 Km to Oorugonda village at Design Ch. 112.240 KmPackage-III,Roads & Highways,Ministry of Road Transport & Highways,Telangana,Warangal,NHAI,1184.0,1170.64,209.72,55,58,2023-03-27,2027-10-21,2028-01-31,6.0,17.71,Megha Engineering (MEIL),1,PPP,Complete,Obtained,Obtained,Complete,Limited,1,2026-06-20,8.7,0,0,0,0.0,5.45,8.9,Low
PROJ-619143,4L Access Controlled Greenfield Highway section on NH-163G Khammam Vijayawada from BrahmanapalliK village at Design Ch. 250.400 Km to Remidicherla village at Design Ch. 280.200 KmPackage-II,Roads & Highways,Ministry of Road Transport & Highways,Andhra Pradesh,Vijayawada,NHAI,826.0,862.58,175.85,48,51,2023-03-24,2027-03-26,2027-06-30,26.0,20.39,Afcons Infrastructure,0,Externally Aided,Complete,Obtained,Obtained,Complete,Single,0,2026-04-20,7.1,1,0,0,4.43,6.25,8.0,Low
PROJ-618818,4L Access Controlled Greenfield Highway section on NH-163G Khammam Vijayawada from Remidicherla village at Design Ch. 280.200 Km to Jakkampudi village on NH-16 at Design Ch. 309.909 Km Package-III,Roads & Highways,Ministry of Road Transport & Highways,Andhra Pradesh,Vijayawada,NHAI,1183.0,1225.14,228.68,50,57,2023-03-20,2027-05-07,2027-12-30,6.0,18.67,Adani Infra Ltd,0,Externally Aided,Complete,Obtained,Obtained,Partial,Open,1,2026-05-19,7.3,0,0,0,3.56,14.0,14.0,Low
PROJ-618817,4L Access Controlled Greenfield Highway section on NH-163G Khammam Vijayawada from V. Venkatayapalem village at Design Ch. 220.480 Km to BrahmanapalliK village at Design Ch. 250.400 Km Package-I.,Roads & Highways,Ministry of Road Transport & Highways,Andhra Pradesh,Vijayawada,NHAI,973.0,1021.96,271.03,48,51,2023-03-16,2027-03-18,2027-06-30,46.0,26.52,PNC Infratech Ltd,0,Central,Complete,Obtained,Obtained,Complete,Limited,0,2026-01-23,9.7,1,0,0,5.03,6.25,8.0,Low
PROJ-618816,4L Access Controlled Greenfield Highway section on NH-163G Warangal-Khammam from Thallasenkesa village at Design Ch. 189.650 km to V.Vekatayapalem village in Khammam District at Design Ch. 220.480 KmPackage-III,Roads & Highways,Ministry of Road Transport & Highways,Telangana,Warangal,NHAI,1105.0,1098.05,168.28,51,51,2023-03-28,2027-07-03,2027-07-03,10.0,15.23,Megha Engineering (MEIL),1,PPP,Partial,Not Required,Obtained,Complete,Open,0,2026-08-06,9.3,0,0,0,0.0,0.0,8.0,Low
PROJ-618815,4L Access Controlled Greenfield Highway section on NH-163G Warangal-Khammam from Venkatpur village in Warangal District at Design Ch. 150.240 Km to Thallasenkesa village in Mahabubabed District at Design Ch. 189.650 kmPackage-II,Roads & Highways,Ministry of Road Transport & Highways,Telangana,Warangal,NHAI,1093.0,1083.11,408.59,37,48,2023-03-28,2026-04-18,2027-03-31,78.0,37.38,Megha Engineering (MEIL),4,Externally Aided,Complete,Pending,Obtained,Not Started,Open,4,2026-03-03,4.5,0,0,1,0.0,29.73,27.3,Low
PROJ-618814,4L Access Controlled Greenfield Highway section on NH163G Warangal-Khammam from Oorugonda village in Hanamkonda District at Design Ch. 112.240 Km to Venkatpur village in Warangal District at Design Ch. 150.240 KmPackage-I,Roads & Highways,Ministry of Road Transport & Highways,Telangana,Warangal,NHAI,1143.0,1140.82,160.19,50,62,2023-03-29,2027-06-12,2028-05-31,0.0,14.01,KNR Constructions Ltd,4,Central,Complete,Pending,Not Required,Complete,Single,5,2026-02-27,6.0,2,0,1,0.0,24.0,29.7,Low
PROJ-618813,4L Access Controlled Greenfield Section Mancherial Warangal from Narva village at Design Ch. 3.834 Km to Puttapaka village at Design Ch. 35.300 Km Package-I,Roads & Highways,Ministry of Road Transport & Highways,Telangana,Warangal,NHAI,1128.0,1104.27,161.67,46,56,2023-03-01,2026-12-22,2027-10-31,11.0,14.33,Patel Engineering,1,State,Partial,Pending,Not Required,Partial,Single,2,2026-03-21,3.7,2,0,1,0.0,21.74,21.1,Low
PROJ-618812,4L Access Controlled Greenfield Section Mancherial Warangal from Puttapaka village at Design Ch. 35.300 Km to Pangidipalle village at Design Ch. 72.350 KmPackage-II,Roads & Highways,Ministry of Road Transport & Highways,Telangana,Warangal,NHAI,1129.0,1145.41,210.45,53,59,2023-01-20,2027-06-13,2027-12-31,9.0,18.37,IRB Infrastructure Developers,1,Externally Aided,Complete,Obtained,Obtained,Partial,Limited,0,2026-04-29,8.6,0,0,0,1.45,11.32,10.9,Low
PROJ-618481,4L Bangalore-Chennai Expressway from Km. 230.000 to Km. 261.705 of Kanchepuram to Sriperumbudur Section Phase-III/Package-IV,Roads & Highways,Ministry of Road Transport & Highways,Tamil Nadu,Chennai,NHAI,3606.0,3605.73,987.38,40,68,2021-02-25,2024-07-09,2026-10-31,90.0,27.38,IRCON International,1,Central,Not Started,Obtained,Pending,Not Started,Limited,4,2026-05-04,5.0,1,0,1,0.0,70.0,47.2,Medium
PROJ-618923,4L Behsuma at Km 39.250 Ex. Km 39240 To Bijnor at Km 78.810 Ex. Km 86590 Design Length 39.560 Km of NH-119 Pkg-II,Roads & Highways,Ministry of Road Transport & Highways,Bihar,Muzaffarpur,NHAI,2158.0,2553.12,1234.06,38,46,2023-03-13,2026-05-19,2026-12-31,70.0,48.34,PNC Infratech Ltd,1,PPP,Complete,Pending,Obtained,Complete,Open,1,2026-06-06,5.9,3,1,1,18.31,21.05,27.1,Low
PROJ-618792,4L Bhiwani-Hansi road section of NH-148B,Roads & Highways,Ministry of Road Transport & Highways,Arunachal Pradesh,Tawang,NHAI,1330.0,1144.21,455.86,37,46,2022-11-04,2025-12-17,2026-08-31,100.0,34.28,NCC Limited,4,Externally Aided,Complete,Obtained,Obtained,Not Started,Limited,4,2026-08-04,4.2,2,0,1,0.0,24.32,25.1,Low
PROJ-618623,4L Boregaon Buzurg to Shahpur Pkg I of Boregaon Buzurg to Muktainagar of NH 753L,Roads & Highways,Ministry of Road Transport & Highways,Chhattisgarh,Bilaspur,NHAI,1504.0,1132.34,556.86,39,47,2022-11-04,2026-01-31,2026-10-09,90.0,37.03,NCC Limited,2,Central,Complete,Obtained,Pending,Not Started,Single,2,2026-02-17,3.8,2,0,1,0.0,20.51,20.4,Low
PROJ-618914,"4L Elevated Corridor and at-grade improvements from Design Ch0000 to Design Ch 19870 of Danapur Bihta Section, Design Ch0000 to Design Ch0231 connecting the existing RoB near Danapur station ,1.35 Km ramps and at-grade improvements to 4-lane section on Danapur side and Upgradation of existing Two lane carriageway to Four Lane carriageway from Design Ch19870 to Design Ch23500 of Bihta - Koilwar section",Roads & Highways,Ministry of Road Transport & Highways,Bihar,Bihta,NHAI,4433.0,2625.4,1578.15,47,59,2022-10-06,2026-09-08,2027-08-31,64.0,35.6,NCC Limited,3,Externally Aided,Not Started,Pending,Pending,Complete,Open,2,2026-05-03,3.7,3,0,1,0.0,25.53,29.6,Low
PROJ-618736,4L Elevated corridor of Kalimandir-Dimna Chowk-Baliguma Jamshedpur Section of NH-33 New NH-18 from km 241940 to km 251961 Length 10.021 km,Roads & Highways,Ministry of Road Transport & Highways,Jharkhand,Jamshedpur,NHAI,936.0,832.2,328.76,36,36,2024-03-07,2027-03-15,2027-03-15,50.0,35.12,KNR Constructions Ltd,1,Central,Partial,Obtained,Not Required,Complete,Open,0,2026-08-12,9.5,0,0,0,0.0,0.0,8.0,Low
PROJ-618841,4L Elevated Section and at-grade improvements at Begusarai town Simaria - Khagaria section from Km. 221.047 to Km. 225.302 of NH-31,Roads & Highways,Ministry of Road Transport & Highways,Ladakh,Leh,NHAI,491.0,348.38,354.17,38,59,2021-10-15,2024-12-23,2026-08-31,96.0,72.13,Tata Projects Ltd,3,Central,Complete,Pending,Obtained,Complete,Open,2,2026-01-20,5.2,2,0,1,0.0,55.26,37.6,Medium
PROJ-619065,4L Expressway from Km 26.400 to km 53.500 of Malur to Bangarpet section of Bangalore-Chennai Expressway Phase-I Package-II,Roads & Highways,Ministry of Road Transport & Highways,Tamil Nadu,Chennai,NHAI,1745.0,1729.63,1103.49,33,69,2020-12-18,2023-09-19,2026-09-15,100.0,63.24,PNC Infratech Ltd,2,PPP,Complete,Obtained,Not Required,Not Started,Open,2,2026-07-27,5.3,2,0,1,0.0,109.09,42.0,Medium
PROJ-618868,4L from Devinagar Bypass End Existing Km. 208.000 of NH 530B/Design Km. 66.000 to Kasganj Bypass End Existing Km.150.100 of NH 530B/ Design Km. 123.100 of NH 530B,Roads & Highways,Ministry of Road Transport & Highways,Tamil Nadu,Coimbatore,NHAI,2290.0,2223.71,1027.01,39,45,2023-03-20,2026-06-05,2026-12-15,77.0,44.85,Larsen & Toubro Ltd,3,Central,Not Started,Obtained,Obtained,Complete,Open,5,2026-07-11,6.3,1,0,1,0.0,15.38,21.6,Low
PROJ-618661,4L from km 0.000 to 42.040 Bhopal Ratnaigiri Tiraha to Vidisha Morikodi,Roads & Highways,Ministry of Road Transport & Highways,Madhya Pradesh,Bhopal,NHAI,1032.0,1038.18,179.87,37,37,2024-10-18,2027-11-12,2027-11-12,20.0,17.33,Shapoorji Pallonji Co,0,Central,Complete,Not Required,Obtained,Complete,Limited,1,2026-03-26,8.2,0,0,0,0.6,0.0,8.0,Low
PROJ-618830,4L from Km 147.450 Bhogu to Km 196.870 Sankha on NH-75 Sec-III,Roads & Highways,Ministry of Road Transport & Highways,Tamil Nadu,Madurai,NHAI,1518.0,1652.09,1131.52,37,54,2022-10-03,2025-11-08,2027-03-31,77.0,68.49,Megha Engineering (MEIL),4,Externally Aided,Complete,Pending,Pending,Complete,Limited,3,2026-05-30,4.6,1,0,1,8.83,45.95,40.2,Medium
PROJ-618832,4L from Km 55.00 Kuru to Km 95.400 Udaipura on NH-75 Sec-I,Roads & Highways,Ministry of Road Transport & Highways,Himachal Pradesh,Solan,NHAI,1275.0,1275.0,253.64,47,47,2024-02-14,2028-01-10,2028-01-10,11.0,19.89,Ashoka Buildcon Ltd,1,Central,Complete,Obtained,Obtained,Partial,Open,1,2026-08-02,7.9,0,0,0,0.0,0.0,8.0,Low
PROJ-618831,4L from Km 95.400 Udaipura to Km 147.450 Bhogu on NH-75 Sec-II,Roads & Highways,Ministry of Road Transport & Highways,Karnataka,Belagavi,NHAI,1437.0,1301.54,419.62,43,48,2023-03-24,2026-10-09,2027-03-31,29.0,29.2,Adani Infra Ltd,0,State,Complete,Obtained,Not Required,Complete,Open,1,2026-01-18,9.3,0,0,0,0.0,11.63,8.0,Low
PROJ-618705,"4L Godibandha to Ballhar Chhak, Ballhar Chhak to Banarpal & Banarpal to Start of Angul bypass at Km.314.130 to Km.321.035 of NH53, at Km.75.200 to Km.84.000 of NH149 & at Km.84.000 to Km.86.100 of NH55",Roads & Highways,Ministry of Road Transport & Highways,Uttarakhand,Roorkee,NHAI,973.0,973.0,241.06,38,38,2024-12-27,2028-02-23,2028-02-23,5.0,24.77,Ashoka Buildcon Ltd,0,State,Complete,Obtained,Obtained,Complete,Single,0,2026-05-22,9.0,0,0,0,0.0,0.0,8.0,Low
PROJ-618566,4L Green Field Northern East side Gorakhpur Bypass 26.616 Kms starting from NH-29E Chainage 83.308 and end at NH-28 Chainage 285.100,Roads & Highways,Ministry of Road Transport & Highways,Uttar Pradesh,Gorakhpur,NHAI,1974.0,1244.44,1035.52,34,47,2023-02-28,2026-01-02,2027-01-31,74.0,52.46,NCC Limited,4,PPP,Complete,Obtained,Pending,Partial,Limited,3,2026-05-29,4.5,1,0,1,0.0,38.24,30.1,Low
PROJ-618739,4L Greenfield Alignment of Amas to Shivrampur from 0.000 Km. to 55.002 Km. of NH 119 D Pkg-I,Roads & Highways,Ministry of Road Transport & Highways,Rajasthan,Jaipur,NHAI,1391.0,1427.43,642.43,38,66,2022-02-01,2025-03-29,2027-07-30,55.0,45.01,Tata Projects Ltd,2,Central,Complete,Pending,Obtained,Not Started,Open,1,2026-01-21,4.9,0,0,1,2.62,73.68,41.9,Medium
PROJ-618740,4L Greenfield Alignment of Shivrampur to Ramnagar from Km. 55.002 to Km. 109.300 of NH 119 D Pkg-II,Roads & Highways,Ministry of Road Transport & Highways,Gujarat,Jamnagar,NHAI,1494.0,1546.07,702.39,41,70,2022-02-02,2025-07-03,2027-11-30,51.0,45.43,Shapoorji Pallonji Co,4,Central,Complete,Obtained,Obtained,Not Started,Single,5,2026-07-28,7.2,1,0,1,3.49,70.73,48.0,Medium
PROJ-618807,"4L Greenfield Road connecting North and South industrial cluster of Khandaleru Creek near Krishnapatnam port at Thamminapatnam to Mollur from Km 0.0 to Km 16.046, Part I & 6L extension of dedicated port road of NH-67 Km 18.0 to Km 19.3, Part II",Roads & Highways,Ministry of Road Transport & Highways,Goa,South Goa,NHAI,609.0,559.98,579.22,37,53,2022-08-24,2025-09-24,2027-01-31,84.0,95.11,Adani Infra Ltd,4,State,Complete,Obtained,Obtained,Not Started,Limited,2,2026-05-06,5.8,3,0,1,0.0,43.24,37.7,Medium
PROJ-618654,4L Greenfield Rudhi to Deshgaon Pkg V of Betul-Khandwa/Deshgaon,Roads & Highways,Ministry of Road Transport & Highways,Chhattisgarh,Bilaspur,NHAI,521.0,469.68,199.48,35,58,2022-11-04,2025-10-05,2027-08-24,64.0,38.29,Ashoka Buildcon Ltd,4,State,Complete,Pending,Not Required,Complete,Open,4,2026-04-24,4.8,1,0,1,0.0,65.71,44.9,Medium
PROJ-618917,4L Greenfield starting from NH-30 near Saristabad Patna to Nathupur Project end point of Patna-Gaya-Dobhi Section of NH-83,Roads & Highways,Ministry of Road Transport & Highways,Bihar,Patna,NHAI,488.0,419.66,101.06,25,38,2023-07-17,2025-08-27,2026-09-15,88.0,20.71,Patel Engineering,3,Central,Complete,Pending,Obtained,Partial,Open,2,2026-03-24,6.4,0,0,1,0.0,52.0,33.7,Low
PROJ-618911,4L Greenfield Western Side spur of Rampur-Rudrapur Section from Km 0.000 to Km 13.700 connecting NH-24 to NH-87 bypassing rampur town,Roads & Highways,Ministry of Road Transport & Highways,Bihar,Patna,NHAI,646.0,637.83,369.67,35,63,2021-12-05,2024-11-02,2027-02-28,64.0,57.22,Adani Infra Ltd,2,PPP,Not Started,Obtained,Not Required,Partial,Single,3,2026-05-31,4.9,1,0,1,0.0,80.0,44.3,Medium
PROJ-619093,4L Ismailabad to Ambala Section of NH-152 Lot-4/Package-1,Roads & Highways,Ministry of Road Transport & Highways,Haryana,Ambala,NHAI,609.0,454.34,308.0,33,48,2023-02-28,2025-12-06,2027-02-28,76.0,50.57,NCC Limited,4,Central,Partial,Pending,Not Required,Not Started,Single,4,2026-05-05,6.4,2,0,1,0.0,45.45,39.5,Medium
PROJ-618867,4L Kasganj-Badaun Section from Km. 123.100 to Km. 179.500 Pkg-III of NH530B,Roads & Highways,Ministry of Road Transport & Highways,West Bengal,Durgapur,NHAI,2009.0,1936.61,590.99,50,57,2023-03-28,2027-05-29,2027-12-31,40.0,29.42,Adani Infra Ltd,0,Externally Aided,Complete,Obtained,Obtained,Complete,Open,1,2026-06-21,9.6,0,0,0,0.0,14.0,8.0,Low
PROJ-619292,4L Medinipur to Ballupur from Km. 458.65 to Km. 487.65 of NH-07Pkg-2,Roads & Highways,Ministry of Road Transport & Highways,Rajasthan,Bundi,NHAI,1093.0,1072.5,739.13,35,53,2022-03-30,2025-02-17,2026-08-15,94.0,67.62,Hindustan Construction Company (HCC),1,Central,Not Started,Pending,Pending,Partial,Open,2,2026-02-16,6.2,0,0,1,0.0,51.43,36.6,Medium
PROJ-618588,4L Mitigation Measure structures on CH/MH Border to Wainganga Bridge Section of NH-6 New NH-53,Roads & Highways,Ministry of Road Transport & Highways,Gujarat,Jamnagar,NHAI,540.0,468.92,464.29,33,67,2021-02-06,2023-11-07,2026-08-31,100.0,85.98,Megha Engineering (MEIL),4,PPP,Complete,Pending,Pending,Partial,Single,2,2026-08-02,4.7,1,0,1,0.0,103.03,45.2,Medium
PROJ-618735,4L of Chandesara to Khedakhajuriya from Km. 0.000 to - 750 & Km 0.000 to km 41.400 of NH-148NG Pkg-I,Roads & Highways,Ministry of Road Transport & Highways,Rajasthan,Ajmer,NHAI,910.0,976.55,587.81,29,57,2021-12-27,2024-05-31,2026-09-30,99.0,60.19,Ashoka Buildcon Ltd,4,PPP,Not Started,Pending,Not Required,Not Started,Open,1,2026-01-17,4.0,2,0,1,7.31,96.55,53.4,Medium
PROJ-619073,4L of 42.000 to km 80.00 of Dodaballapur Bypass to Hoskote section of NH-648 Old NH-207 [Bangalore Ring Road Pkg 2],Roads & Highways,Ministry of Road Transport & Highways,Haryana,Panipat,NHAI,1318.0,1846.52,1367.2,36,79,2020-02-28,2023-02-21,2026-09-30,99.0,74.04,IRB Infrastructure Developers,2,Central,Not Started,Pending,Pending,Partial,Open,3,2026-03-14,6.6,3,1,1,40.1,119.44,70.1,High
PROJ-618702,4L of Addahole Near Gundya to Bantwal Cross section Pkg-02 from Design Km 270.270 to Design km 318.55 including flyover at Kalladka Town including approaches from Km. 311.57 to Km. 313.67 of NH-75 Old NH-48,Roads & Highways,Ministry of Road Transport & Highways,Tamil Nadu,Coimbatore,NHAI,1660.0,1318.24,1452.0,35,76,2020-12-23,2023-11-22,2027-04-30,94.0,87.47,Dilip Buildcon Ltd,4,Central,Partial,Pending,Obtained,Complete,Limited,2,2026-01-04,4.6,0,0,1,0.0,117.14,44.5,Medium
PROJ-618906,4L of Amritsar-Ghoman - Tanda - Una Section from Km 8.270 to Km 54.000 of NH-503A Package-I,Roads & Highways,Ministry of Road Transport & Highways,Punjab,Amritsar,NHAI,858.0,1443.47,772.91,42,75,2020-12-23,2024-06-19,2027-03-31,69.0,53.55,Hindustan Construction Company (HCC),2,Central,Not Started,Pending,Not Required,Not Started,Open,4,2026-05-07,4.0,3,1,1,68.24,78.57,84.4,High
PROJ-618941,4L of Bamni - Rajura - Warur - Devada upto M.S. Border of NH - 930D from km 19.000 to km 51.985,Roads & Highways,Ministry of Road Transport & Highways,Odisha,Balasore,NHAI,968.0,1187.19,826.96,48,57,2022-03-30,2026-03-27,2026-12-31,78.0,69.66,KNR Constructions Ltd,2,Externally Aided,Not Started,Pending,Pending,Partial,Limited,5,2026-04-04,4.0,1,1,1,22.64,18.75,36.7,Medium
PROJ-619163,4L of Baramati to Indapur Pkg-II from km. 41.400 to km. 84.550 of NH-965G Saint Tukaram Marg,Roads & Highways,Ministry of Road Transport & Highways,Kerala,Kochi,NHAI,1471.0,1297.48,1071.0,32,71,2021-01-15,2023-09-08,2026-12-31,86.0,72.81,Shapoorji Pallonji Co,2,Central,Not Started,Pending,Not Required,Complete,Open,5,2026-06-12,7.2,3,0,1,0.0,121.88,50.0,Medium
PROJ-618782,4L of Bareilly-Pilibhit-Sitarganj from Km. 0.000 to Km. 32.500 of NH-30 Pkg-1,Roads & Highways,Ministry of Road Transport & Highways,Rajasthan,Kota,NHAI,1394.0,1394.14,622.58,37,50,2023-02-03,2026-03-13,2027-03-31,64.0,44.66,GMR Infrastructure,2,Central,Not Started,Obtained,Pending,Partial,Single,3,2026-01-11,6.3,1,0,1,0.01,35.14,30.1,Low
PROJ-618949,4L of Basukinath- Deoghar Section of NH-114A,Roads & Highways,Ministry of Road Transport & Highways,Jharkhand,Deoghar,NHAI,1445.0,1553.76,781.51,39,48,2022-09-06,2025-12-11,2026-08-31,91.0,50.3,Larsen & Toubro Ltd,3,Central,Complete,Obtained,Obtained,Not Started,Limited,2,2026-07-28,6.2,1,0,1,7.53,23.08,24.1,Low
PROJ-618809,4L of Beas-Mehta-Batala-Dera Baba Nanak from intersection with Jalandhar-Amritsar Highway NH-3 near Beas till start of Batala Bypass near Village Acchhal from Km. 0.000 to Km. 31.300 Pkg-1,Roads & Highways,Ministry of Road Transport & Highways,Punjab,Amritsar,NHAI,810.0,966.99,670.85,46,69,2021-08-16,2025-06-21,2027-05-31,68.0,69.38,Hindustan Construction Company (HCC),1,State,Not Started,Pending,Obtained,Not Started,Open,5,2026-02-27,6.0,1,1,1,19.38,50.0,49.9,Medium
PROJ-618887,4L of Bettadahalli- Shivamogga section from Km.170.415 to km. 226.750 of NH-206 Tumkur- Shivamogga Pkg-IV,Roads & Highways,Ministry of Road Transport & Highways,Himachal Pradesh,Bilaspur,NHAI,2083.0,2545.11,1645.24,57,98,2019-01-22,2023-10-19,2027-03-31,84.0,64.64,Shapoorji Pallonji Co,4,Externally Aided,Partial,Obtained,Not Required,Complete,Open,3,2026-05-29,5.4,1,1,1,22.18,71.93,56.0,Medium
PROJ-618889,"4L of Bhangbar Near Ranital to Kangra Bypass Section of Old NH-88 New NH-303,503 up to Intersection with NH-154 from Km 175.270 to Km 193.400 Pkg-VB",Roads & Highways,Ministry of Road Transport & Highways,West Bengal,Howrah,NHAI,1323.0,1829.49,1102.58,45,66,2021-03-18,2024-12-27,2026-09-30,97.0,60.27,Megha Engineering (MEIL),2,Central,Partial,Obtained,Pending,Partial,Open,2,2026-04-29,4.9,1,1,1,38.28,46.67,52.1,Medium
PROJ-618639,4L of Bilaspur to Urga km 0.00 to 70.2 of NH-130A,Roads & Highways,Ministry of Road Transport & Highways,Chhattisgarh,Bilaspur,NHAI,1856.0,2523.86,1470.78,47,80,2020-04-27,2024-03-24,2026-12-31,95.0,58.28,Shapoorji Pallonji Co,1,State,Partial,Obtained,Pending,Not Started,Limited,2,2026-06-25,4.7,1,1,1,35.98,70.21,61.4,Medium
PROJ-618962,4L of Budhni to Shahganj Bypass End Package-III of NH-146B from Km. 73.750 to Km. 102.000,Roads & Highways,Ministry of Road Transport & Highways,Kerala,Palakkad,NHAI,1103.0,770.21,196.68,41,41,2024-03-07,2027-08-17,2027-08-17,28.0,17.83,IRB Infrastructure Developers,0,Central,Complete,Obtained,Obtained,Complete,Open,0,2026-01-25,9.4,0,0,0,0.0,0.0,8.0,Low
PROJ-619214,4L of Channarayapatna Bypass and Hassan Bypass with structures in Devihalli - Hassan section,Roads & Highways,Ministry of Road Transport & Highways,Karnataka,Belagavi,NHAI,688.0,684.54,600.43,33,78,2020-04-29,2023-01-18,2026-10-31,82.0,87.27,Shapoorji Pallonji Co,4,Central,Not Started,Obtained,Pending,Not Started,Open,3,2026-02-11,6.4,2,0,1,0.0,136.36,53.2,Medium
PROJ-618668,4L of Chowka to Kaimaha near MP/UP Border section NH-34 from D. Ch. 145.000 to D. Ch. 197.266 excluding existing Chhatarpur bypass from D. Ch. 160.307 to D. Ch. 168.630 Package-4,Roads & Highways,Ministry of Road Transport & Highways,Jammu and Kashmir,Baramulla,NHAI,996.0,846.68,312.98,35,35,2024-10-18,2027-09-21,2026-08-08,49.0,31.42,GMR Infrastructure,0,PPP,Complete,Obtained,Obtained,Partial,Open,1,2026-01-20,7.5,1,0,0,0.0,0.0,8.0,Low
PROJ-618616,4L of Dhrol bypass section of NH-151A Approx. length 5.7 Km & widening upto 4 laning of missing link of Amran section of NH-151A Approx. length 6.55 Km from existing Ch. 42000 to 48500 of ongoing Dhrol-Bhadra-Pipaliya section of NH-151A,Roads & Highways,Ministry of Road Transport & Highways,Meghalaya,Jowai,NHAI,626.0,455.54,151.99,35,35,2024-03-06,2027-02-02,2027-02-02,35.0,24.28,Tata Projects Ltd,0,Central,Partial,Obtained,Obtained,Partial,Open,0,2026-05-12,7.3,1,0,0,0.0,0.0,8.0,Low
PROJ-618810,4L of existing Beas Baba Bakala - Dera Baba Nanak Section from start of Batala Bypass till intersection with Ajnala Gurdaspur Highway NH 354 near Dera Baba Nanak from Km. 31.300 to Km. 69.100 with Additional batala Bypass Pkg-II,Roads & Highways,Ministry of Road Transport & Highways,Jharkhand,Ranchi,NHAI,1003.0,993.6,800.86,44,65,2021-10-21,2025-06-21,2027-03-31,81.0,79.85,Tata Projects Ltd,2,PPP,Complete,Obtained,Obtained,Not Started,Limited,4,2026-06-01,4.6,2,0,1,0.0,47.73,34.2,Low
PROJ-618542,4L of existing Wayul Ganderbal Pandach Soura section of old NH-1 as a part of Srinagar Ring Road Phase IIA,Roads & Highways,Ministry of Road Transport & Highways,Jammu and Kashmir,Srinagar,NHAI,828.0,828.0,265.02,41,41,2024-12-16,2028-05-18,2028-05-18,0.0,32.01,Afcons Infrastructure,0,PPP,Complete,Not Required,Obtained,Complete,Single,0,2026-06-08,7.4,0,0,0,0.0,0.0,10.8,Low
PROJ-618793,4L of Fazilka to Abohar section of NH-07 including construction of Greenfield Abohar & Fazilka Bypasses,Roads & Highways,Ministry of Road Transport & Highways,Delhi,South Delhi,NHAI,1410.0,1674.04,913.89,37,54,2023-03-13,2026-04-14,2027-08-31,67.0,54.59,IRCON International,1,Externally Aided,Complete,Obtained,Pending,Partial,Limited,4,2026-08-06,6.9,0,1,1,18.73,45.95,39.2,Medium
PROJ-618645,4L of Gola-BokaroJaina More section from Km 53.600 to Km 21.110 of NH-320PKG-1,Roads & Highways,Ministry of Road Transport & Highways,Jammu and Kashmir,Jammu,NHAI,1008.0,1030.64,617.85,40,56,2022-02-25,2025-06-25,2026-10-31,78.0,59.95,GMR Infrastructure,3,PPP,Complete,Obtained,Not Required,Not Started,Limited,1,2026-01-31,5.3,3,0,1,2.25,40.0,31.3,Low
PROJ-619127,4L of Greenfield Alignment from Km. 47.000 to Km. 89.210 of Balbhadarpur to Bela Nawda Section of NH-119D,Roads & Highways,Ministry of Road Transport & Highways,West Bengal,Bagdogra,NHAI,2186.0,2118.46,764.97,47,72,2022-03-30,2026-03-10,2028-03-31,30.0,34.99,PNC Infratech Ltd,3,Central,Complete,Obtained,Not Required,Not Started,Limited,1,2026-03-16,5.7,1,0,1,0.0,53.19,36.2,Medium
PROJ-618776,4L of Greenfield section from Sirhind to Mohali,Roads & Highways,Ministry of Road Transport & Highways,Punjab,Mohali,NHAI,1238.0,1301.15,1391.6,37,54,2022-03-24,2025-05-07,2026-09-30,99.0,100.0,Adani Infra Ltd,4,State,Complete,Obtained,Not Required,Not Started,Limited,4,2026-02-24,4.2,2,0,1,5.1,45.95,38.9,Medium
PROJ-619317,4L of Hajipur-Muzaffarpur Section of the existing NH-77 from Km. 0000 Ramashish Chowk to Km. 46300 and new bypass starting at Km. 46300 and connecting NH-28 of E-W Corridor at Km. 515045,Roads & Highways,Ministry of Road Transport & Highways,Bihar,Muzaffarpur,NHAI,2723.0,2906.78,2160.8,30,194,2010-08-12,2013-02-06,2026-09-30,99.0,74.34,Adani Infra Ltd,1,PPP,Not Started,Pending,Obtained,Not Started,Single,2,2026-04-03,5.2,2,0,1,6.75,546.67,49.9,Medium
PROJ-618875,4L of Haridwar Nagina section Design Ch. LME from km 13.829 to km 17.110 & km 26.077 to km 27.508 and Design Ch. RME from km 13.839 to km 17.120 & km 26.078 to km 27.509 of EUP mitigation measures on NH74,Roads & Highways,Ministry of Road Transport & Highways,Uttarakhand,Haridwar,NHAI,184.0,142.11,119.67,27,61,2021-11-17,2024-02-27,2026-12-30,70.0,65.04,Dilip Buildcon Ltd,2,Central,Partial,Obtained,Not Required,Partial,Single,4,2026-06-29,4.0,2,0,1,0.0,125.93,44.1,Medium
PROJ-619217,4L of Haridwar-Nagina section from km. 0.00 to km. 71.614 of NH-74,Roads & Highways,Ministry of Road Transport & Highways,Uttarakhand,Haridwar,NHAI,1659.0,1622.49,1546.89,56,128,2015-12-01,2020-07-22,2026-08-15,100.0,93.24,GMR Infrastructure,3,State,Partial,Obtained,Obtained,Partial,Single,3,2026-05-21,7.2,1,0,1,0.0,128.57,43.5,Medium
PROJ-619153,4L of HP/Punjab Border - Mo from km. 11.00 to km. 42.00 of Old NH-20 New NH-154 Package-IA,Roads & Highways,Ministry of Road Transport & Highways,Punjab,Ludhiana,NHAI,1002.0,1363.04,819.72,38,69,2021-03-26,2024-05-17,2026-12-31,69.0,60.14,Shapoorji Pallonji Co,3,Central,Partial,Pending,Obtained,Not Started,Single,5,2026-02-02,6.1,2,1,1,36.03,81.58,67.9,High
PROJ-618557,4L of Indora Chowk to Pachpaoli and Agrasen Chowk - Ashoka Chowk,Roads & Highways,Ministry of Road Transport & Highways,Delhi,Dwarka,NHAI,1039.0,918.53,696.83,39,42,2023-03-20,2026-06-30,2026-09-15,84.0,67.07,GMR Infrastructure,0,Central,Complete,Obtained,Obtained,Complete,Single,0,2026-07-14,9.3,0,0,0,0.0,7.69,8.0,Low
PROJ-618622,4L of Indore - Boregaon Pkg-III [Balwara to Dhangaon] from km. 42.260 to km. 82.660 of NH347BG & 753L,Roads & Highways,Ministry of Road Transport & Highways,Madhya Pradesh,Indore,NHAI,1002.0,888.81,835.15,39,69,2021-01-21,2024-04-21,2026-10-18,92.0,83.35,NCC Limited,4,PPP,Partial,Obtained,Pending,Partial,Open,4,2026-04-21,7.2,1,0,1,0.0,76.92,47.4,Medium
PROJ-619092,4L of Jind-Gohana road Package-1 from km. 0.00 to km. 40.601 of NH-352 A under NHO,Roads & Highways,Ministry of Road Transport & Highways,Gujarat,Rajkot,NHAI,994.0,1606.82,1064.47,42,90,2019-01-25,2022-07-23,2026-07-31,100.0,66.25,GMR Infrastructure,2,Central,Partial,Obtained,Obtained,Partial,Open,5,2026-05-17,4.3,0,1,1,61.65,114.29,73.9,High
PROJ-618633,4L of Kadapa China Orampadu section of NH-716 Package I of Kadapa-Renigunta section,Roads & Highways,Ministry of Road Transport & Highways,Andhra Pradesh,Kadapa,NHAI,1733.0,1733.0,106.39,63,63,2022-12-05,2028-03-15,2028-03-14,5.0,6.14,IRB Infrastructure Developers,0,State,Complete,Obtained,Obtained,Complete,Open,0,2026-01-25,8.8,0,0,0,0.0,0.0,8.0,Low
PROJ-618765,4L of Karimnagar-Warangal section from km 49.500 to km 117.820 of NH-563,Roads & Highways,Ministry of Road Transport & Highways,Telangana,Warangal,NHAI,2147.0,2486.51,1272.62,40,54,2022-03-09,2025-07-16,2026-08-31,92.0,51.18,IRB Infrastructure Developers,1,Externally Aided,Partial,Obtained,Not Required,Not Started,Limited,4,2026-06-12,7.0,1,1,1,15.81,35.0,35.4,Medium
PROJ-618838,4L of Karwar Km. 281.980 of NH-62 Nagaur road to Dangiyavas of Jodhpur Ring Road Pkg-II,Roads & Highways,Ministry of Road Transport & Highways,Rajasthan,Jodhpur,NHAI,737.0,512.77,463.98,33,57,2021-11-26,2024-08-28,2026-08-31,100.0,62.96,IRB Infrastructure Developers,1,State,Not Started,Pending,Pending,Not Started,Limited,1,2026-01-09,7.0,0,0,1,0.0,72.73,45.1,Medium
PROJ-618921,4L of Kathlighat to Shakral Village from Km 128.835 to Km 146.300 of NH- 5 Shimla Bypass - Pkg I,Roads & Highways,Ministry of Road Transport & Highways,Himachal Pradesh,Shimla,NHAI,1703.0,2648.8,1182.61,49,64,2022-03-21,2026-04-21,2027-07-14,64.0,44.65,Afcons Infrastructure,2,State,Not Started,Pending,Not Required,Complete,Open,5,2026-03-14,4.8,1,1,1,55.54,30.61,57.6,Medium
PROJ-618584,4L of Kishanganj - Bahadurganj section from Km. 0.000 to Km. 23.649 & interchange at Start Point Length - 1.200 Km of NH-27,Roads & Highways,Ministry of Road Transport & Highways,Haryana,Rohtak,NHAI,963.0,855.56,181.12,35,35,2025-01-27,2027-12-19,2027-12-19,20.0,18.81,NCC Limited,0,Externally Aided,Complete,Obtained,Obtained,Partial,Limited,0,2026-01-10,7.6,1,0,0,0.0,0.0,8.0,Low
PROJ-618520,4L of km 0.00 to km 42.00 of Dobbaspet to Doddaballapura Bypass section of NH-648 old NH-207] [Bangalore Ring Road Pkg 1],Roads & Highways,Ministry of Road Transport & Highways,Rajasthan,Kota,NHAI,1439.0,1786.57,1294.84,32,74,2020-08-11,2023-04-18,2026-09-30,99.0,72.48,Ashoka Buildcon Ltd,4,Externally Aided,Complete,Pending,Not Required,Complete,Single,3,2026-07-24,4.3,2,1,1,24.15,131.25,57.8,Medium
PROJ-618545,"4L of Km.165.092 to Km.171.855 North Bound and from Km.166.895 to Km.173.638 South Bound, excl. certain reaches of North Bound and South Bound of Ramban to Banihal Pkg-III of Old NH-1A New NH-44",Roads & Highways,Ministry of Road Transport & Highways,Meghalaya,Tura,NHAI,614.0,444.76,306.05,37,71,2021-07-19,2024-08-03,2027-06-30,43.0,49.85,Dilip Buildcon Ltd,2,Central,Partial,Pending,Obtained,Not Started,Single,2,2026-02-18,6.6,3,0,1,0.0,91.89,49.1,Medium
PROJ-618945,4L of Kodad Design Km 0.00/Existing Km 185.00 of NH-65 to Khammam Design Km 31.800/Existing Km 29.400 of NH-365A,Roads & Highways,Ministry of Road Transport & Highways,Telangana,Khammam,NHAI,1149.0,1606.99,871.58,40,67,2021-01-22,2024-05-31,2026-08-31,100.0,54.24,IRB Infrastructure Developers,1,Central,Partial,Pending,Obtained,Partial,Open,1,2026-06-10,5.9,0,1,1,39.86,67.5,59.6,Medium
PROJ-618608,4L of left-over works including additional structures from Kerala/Tamil Nadu border to Kanyakumari Section from Km 43.0 to Km 96.174 of NH66,Roads & Highways,Ministry of Road Transport & Highways,Tamil Nadu,Chennai,NHAI,1564.0,1263.42,980.14,33,50,2022-11-09,2025-08-01,2026-12-31,82.0,62.67,IRCON International,4,State,Not Started,Obtained,Pending,Partial,Open,5,2026-05-18,3.6,1,0,1,0.0,51.52,42.8,Medium
PROJ-618709,4L of Left-Over Works of Hospet-Bellary -Karnataka/AP border from Km.280.080 Dec.Ch. to Km.375450Des.Ch. of NH-63 New-67,Roads & Highways,Ministry of Road Transport & Highways,Karnataka,Bengaluru,NHAI,1340.0,992.6,929.02,26,61,2023-03-06,2025-05-14,2028-04-10,93.0,69.33,Ashoka Buildcon Ltd,4,PPP,Partial,Pending,Obtained,Partial,Open,2,2026-08-13,5.3,3,0,1,0.0,134.62,47.8,Medium
PROJ-618778,4L of Madanapalle to Pileru Section from Km 0.000 to Km 55.900 of NH-71Package-I,Roads & Highways,Ministry of Road Transport & Highways,West Bengal,Bagdogra,NHAI,1877.0,1994.1,1182.65,35,54,2022-02-23,2025-01-12,2026-08-31,95.0,59.31,Megha Engineering (MEIL),4,State,Complete,Obtained,Pending,Partial,Open,1,2026-05-30,6.6,1,0,1,6.24,54.29,39.6,Medium
PROJ-618894,4L of Madathukulam - Pollachi from km. 74.38 to km. 116.95 of old NH-209 New NH-83,Roads & Highways,Ministry of Road Transport & Highways,Maharashtra,Amravati,NHAI,1772.0,1772.13,1062.67,46,92,2019-01-22,2022-12-03,2026-09-30,98.0,59.97,KNR Constructions Ltd,3,Central,Not Started,Obtained,Obtained,Partial,Limited,3,2026-05-27,4.2,3,0,1,0.01,100.0,47.9,Medium
PROJ-618563,4L of Madurai Ring Road Phase 1 [Vadipatti-Thamrapatti] from km 0.00 - km 29.960,Roads & Highways,Ministry of Road Transport & Highways,Tamil Nadu,Madurai,NHAI,900.0,900.05,903.57,39,92,2018-12-06,2022-03-15,2026-08-15,99.0,100.0,Shapoorji Pallonji Co,2,PPP,Partial,Obtained,Pending,Partial,Open,1,2026-07-03,4.1,3,0,1,0.01,135.9,44.6,Medium
PROJ-618929,4L of Moradabad western side spur connecting NH-734 & NH-24 from Km. 0.000 to Km. 33.200 Pkg-I,Roads & Highways,Ministry of Road Transport & Highways,Andhra Pradesh,Guntur,NHAI,1842.0,1843.54,1132.25,34,50,2022-11-02,2025-09-17,2026-12-31,83.0,61.42,Larsen & Toubro Ltd,4,Central,Partial,Pending,Pending,Not Started,Single,5,2026-02-14,6.2,0,0,1,0.08,47.06,40.7,Medium
PROJ-618927,4L of Moradabad-Thakurdwara-Kashipur Section from Km. 0.000 to Km. 38.77 of NH-734 Pkg-II,Roads & Highways,Ministry of Road Transport & Highways,Tripura,Agartala,NHAI,2007.0,1890.05,981.64,41,57,2022-10-07,2026-03-14,2027-06-30,55.0,48.91,Hindustan Construction Company (HCC),1,State,Partial,Pending,Pending,Not Started,Limited,1,2026-04-21,6.9,2,0,1,0.0,39.02,31.2,Low
PROJ-619307,4L of Munger Mirzachauki section from Km 157350 to Km 193931 Pkg-4,Roads & Highways,Ministry of Road Transport & Highways,Sikkim,Namchi,NHAI,1377.0,1481.58,893.34,42,67,2021-02-03,2024-08-15,2026-08-31,93.0,60.3,Afcons Infrastructure,3,Externally Aided,Complete,Pending,Obtained,Complete,Open,3,2026-01-14,6.4,1,0,1,7.59,59.52,43.3,Medium
PROJ-619306,4L of Munger Mirzachauki section from Km 95580 to Km 125000 Pkg-2,Roads & Highways,Ministry of Road Transport & Highways,Sikkim,Gyalshing,NHAI,1021.0,1235.65,643.0,37,66,2021-02-10,2024-03-10,2026-08-20,96.0,52.04,Ashoka Buildcon Ltd,2,Central,Partial,Obtained,Not Required,Partial,Limited,5,2026-06-20,5.0,1,1,1,21.02,78.38,54.5,Medium
PROJ-619289,4L of Munger Mirzachauki section from Munger to Kharia village junction from Km 69520 to Km 95580 Pkg-1,Roads & Highways,Ministry of Road Transport & Highways,Madhya Pradesh,Jabalpur,NHAI,1660.0,1696.66,685.48,38,69,2021-01-28,2024-03-30,2026-10-31,83.0,40.4,Shapoorji Pallonji Co,3,Central,Partial,Pending,Obtained,Partial,Open,5,2026-08-08,6.3,0,0,1,2.21,81.58,46.9,Medium
PROJ-619305,4L of Munger Mirzachauki section from start of existing Bhagalpur bypass to Rasulpur from Km 125000 to Km 157350 Pkg-3,Roads & Highways,Ministry of Road Transport & Highways,Bihar,Bhagalpur,NHAI,1770.0,2024.59,675.5,38,71,2021-01-28,2024-04-12,2026-12-31,77.0,33.36,Afcons Infrastructure,3,Externally Aided,Complete,Pending,Pending,Complete,Single,4,2026-03-08,5.3,3,1,1,14.38,86.84,55.2,Medium
PROJ-618937,4L of Nagpur-Katol Section from Km. 13.00 to Km. 62.900 of NH-353J,Roads & Highways,Ministry of Road Transport & Highways,Maharashtra,Nagpur,NHAI,1167.0,1432.82,1181.42,32,74,2021-02-11,2023-10-28,2027-03-31,82.0,82.45,KNR Constructions Ltd,4,Externally Aided,Not Started,Obtained,Obtained,Complete,Limited,4,2026-07-25,5.4,3,1,1,22.78,131.25,60.6,Medium
PROJ-619162,4L of Najibabad Bypass from Km. 105.423 to Km. 118.373 excluding 2.45 Km. of NH-74 Bypass of NH-119,Roads & Highways,Ministry of Road Transport & Highways,Punjab,Bathinda,NHAI,578.0,566.9,440.93,29,55,2022-01-10,2024-06-20,2026-08-15,100.0,76.29,Megha Engineering (MEIL),1,Central,Not Started,Obtained,Obtained,Partial,Single,2,2026-03-17,6.2,3,0,1,0.0,89.66,44.3,Medium
PROJ-618667,4L of near Satai Ghat to Chowka section of NH-34 from D. Ch. 89.875 to D. Ch. 145.000 Package-3,Roads & Highways,Ministry of Road Transport & Highways,Jharkhand,Dhanbad,NHAI,1006.0,882.21,193.4,36,36,2024-10-18,2027-10-27,2027-10-26,38.0,19.22,Patel Engineering,0,Central,Complete,Obtained,Obtained,Complete,Limited,0,2026-04-21,7.6,0,0,0,0.0,0.0,8.0,Low
PROJ-618947,4L of NH-80 from km 215.00 to km 260.00 Mirza Chauki to Farkka Pkg-I,Roads & Highways,Ministry of Road Transport & Highways,Arunachal Pradesh,Itanagar,NHAI,1505.0,1508.21,1038.65,63,103,2018-03-24,2023-07-04,2026-10-31,92.0,68.87,IRCON International,1,PPP,Complete,Pending,Not Required,Complete,Single,1,2026-07-20,5.8,1,0,1,0.21,63.49,37.1,Medium
PROJ-618948,4L of NH-80 section of Mirza Chauki to Farakka section from existing km 190.00 to design km 200.75 junction at km 3.100 of NH 133 B and from existing km 260.00 to existing km 283.00 design km 274.133 in the state of Jharkhand package - II,Roads & Highways,Ministry of Road Transport & Highways,Jharkhand,Ranchi,NHAI,782.0,782.0,224.06,35,35,2025-02-27,2028-01-31,2028-01-31,9.0,28.65,Larsen & Toubro Ltd,1,Externally Aided,Complete,Obtained,Obtained,Complete,Open,0,2026-03-24,9.6,1,0,0,0.0,0.0,9.1,Low
PROJ-618644,4L of Ormanjhi-Gola section from Km 81.450 to Km 53.600 of NH- 320BPKG-II,Roads & Highways,Ministry of Road Transport & Highways,Chhattisgarh,Rajnandgaon,NHAI,1215.0,1462.19,993.6,40,58,2022-02-28,2025-06-20,2026-12-31,87.0,67.95,NCC Limited,4,PPP,Complete,Obtained,Not Required,Partial,Open,5,2026-07-25,5.3,1,1,1,20.34,45.0,43.9,Medium
PROJ-618642,4L of Palma to Gumla from km. 26.00 to km. 89.170 of NH-23,Roads & Highways,Ministry of Road Transport & Highways,Rajasthan,Ajmer,NHAI,1883.0,1895.75,1371.55,49,78,2020-03-04,2024-03-31,2026-09-15,100.0,72.35,Shapoorji Pallonji Co,2,State,Complete,Obtained,Obtained,Not Started,Open,4,2026-07-31,4.7,1,0,1,0.68,59.18,39.2,Medium
PROJ-618646,4L of Pathalgaon-Kunkuri-CG/JH Border section of NH-43 from Km. 00.000 to Km.104.250,Roads & Highways,Ministry of Road Transport & Highways,Uttar Pradesh,Varanasi,NHAI,3147.0,3147.0,0.03,56,56,2024-08-02,2029-04-06,2029-04-06,0.0,0.0,Adani Infra Ltd,1,PPP,Complete,Obtained,Obtained,Complete,Limited,0,2026-08-07,7.3,0,0,0,0.0,0.0,8.0,Low
PROJ-618786,4L of Phagwara - Hoshiarpur,Roads & Highways,Ministry of Road Transport & Highways,Himachal Pradesh,Bilaspur,NHAI,1196.0,1503.79,556.23,53,57,2022-11-09,2027-03-30,2027-07-31,20.0,36.99,GMR Infrastructure,3,Central,Complete,Pending,Pending,Complete,Open,2,2026-06-01,3.7,0,1,0,25.73,7.55,31.7,Low
PROJ-618777,4L of Pileru to Kalur Section from Km 55.900 to Km 92.800 & Km 94.500 to Km 95.717 of NH-71Package-II,Roads & Highways,Ministry of Road Transport & Highways,Delhi,South Delhi,NHAI,1877.0,592.85,246.42,44,54,2022-03-11,2025-11-18,2026-08-31,99.0,13.13,Dilip Buildcon Ltd,1,State,Complete,Pending,Not Required,Partial,Single,5,2026-03-01,3.7,3,0,1,0.0,22.73,22.3,Low
PROJ-618837,4L of Ratnagiri - Kolhapur section from km 112.340 to km 145.300 of NH-166 PkgIII,Roads & Highways,Ministry of Road Transport & Highways,Gujarat,Jamnagar,NHAI,1939.0,1910.41,1079.17,39,59,2022-02-08,2025-05-24,2027-01-07,69.0,55.66,Tata Projects Ltd,2,PPP,Partial,Pending,Obtained,Not Started,Limited,5,2026-03-18,7.0,0,0,1,0.0,51.28,38.4,Medium
PROJ-618836,4L of Ratnagiri - Kolhapur section from km 67.140 to km 112.340 of NH-166 Pkg II,Roads & Highways,Ministry of Road Transport & Highways,Bihar,Bihta,NHAI,1985.0,1798.0,1239.53,39,59,2022-02-11,2025-05-24,2027-01-12,82.0,62.44,Megha Engineering (MEIL),2,Central,Complete,Pending,Not Required,Complete,Open,2,2026-06-14,6.6,0,0,1,0.0,51.28,32.0,Low
PROJ-619149,4L of Ratnagiri - Kolhapur section of NH-166 from km 0.000 to km 19.769 and km 31.000 to km 67.140 Pkg I,Roads & Highways,Ministry of Road Transport & Highways,Karnataka,Bengaluru,NHAI,1774.0,2108.41,1444.74,33,57,2022-02-14,2024-11-21,2026-11-30,97.0,68.52,Larsen & Toubro Ltd,3,Externally Aided,Partial,Obtained,Pending,Complete,Limited,5,2026-05-06,5.9,1,1,1,18.85,72.73,56.4,Medium
PROJ-618952,4L of Sahibganj - Manihari Ganga Bridge including Manihari Bypass,Roads & Highways,Ministry of Road Transport & Highways,Sikkim,Gyalshing,NHAI,1955.0,1978.01,2025.05,97,133,2016-10-13,2024-10-31,2027-10-31,87.0,100.0,NCC Limited,1,Central,Partial,Obtained,Not Required,Partial,Single,2,2026-07-19,4.2,2,0,1,1.18,37.11,31.1,Low
PROJ-618896,4L of Sannur to Bikarnakatte section from Km 691.350 to Km 736.362 of NH-169 Karkala - Mangalore Package-III,Roads & Highways,Ministry of Road Transport & Highways,Manipur,Thoubal,NHAI,1386.0,2038.71,1251.68,43,73,2021-03-24,2024-10-08,2027-04-30,76.0,61.4,KNR Constructions Ltd,1,PPP,Partial,Pending,Obtained,Complete,Open,2,2026-07-06,6.5,1,1,1,47.09,69.77,65.3,High
PROJ-618922,4L of Shakral Village to Dhalli Section from Km 146.300 to Km 156.560 Shimla Bypass - Pkg II and Shimla connectivity from Km 0.000 to Km 0.725 of NH-5,Roads & Highways,Ministry of Road Transport & Highways,Himachal Pradesh,Shimla,NHAI,1956.0,2880.72,1505.86,59,68,2022-04-07,2027-03-03,2027-12-20,60.0,52.27,Adani Infra Ltd,1,State,Not Started,Pending,Pending,Partial,Single,5,2026-05-24,5.8,2,1,1,47.28,15.25,47.1,Medium
PROJ-618926,4L of Siwan- Masrakh section of Ram Janki Marg from Km 230.385 to Km 281.391 of NH-227A,Roads & Highways,Ministry of Road Transport & Highways,Maharashtra,Nagpur,NHAI,1431.0,1927.04,504.03,51,75,2022-08-23,2026-11-19,2028-11-19,11.0,26.16,Patel Engineering,3,Externally Aided,Not Started,Obtained,Obtained,Partial,Single,4,2026-03-06,5.0,1,1,1,34.66,47.06,59.2,Medium
PROJ-618798,4L of Sonauli - Gorakhpur,Roads & Highways,Ministry of Road Transport & Highways,Uttar Pradesh,Gorakhpur,NHAI,2556.0,2275.43,1328.22,38,57,2021-12-24,2025-03-05,2026-09-30,89.0,51.96,Tata Projects Ltd,1,Central,Not Started,Pending,Pending,Complete,Single,3,2026-07-25,4.7,3,0,1,0.0,50.0,40.2,Medium
PROJ-618744,4L of Thirumangalam to Vadugapatti section from km 0.000 to km 36.000 of NH-744,Roads & Highways,Ministry of Road Transport & Highways,Arunachal Pradesh,Naharlagun,NHAI,1077.0,791.6,685.52,36,54,2022-03-04,2025-02-21,2026-08-31,96.0,63.65,PNC Infratech Ltd,2,Central,Not Started,Obtained,Not Required,Not Started,Open,1,2026-06-07,6.5,2,0,1,0.0,50.0,36.9,Medium
PROJ-619219,4L of Tumkur-Shimoga Pkg-II from Km 65.195 Karadi to Km 121.900 Banawara of NH-206,Roads & Highways,Ministry of Road Transport & Highways,Goa,South Goa,NHAI,1506.0,1989.89,1298.78,44,106,2018-02-27,2021-10-14,2026-12-31,100.0,65.27,Adani Infra Ltd,4,Central,Complete,Pending,Not Required,Partial,Open,4,2026-03-15,6.8,1,1,1,32.13,140.91,61.6,Medium
PROJ-618543,4L of twin tube tunnel configuration including approaches from Marog to Digdol from Km.154.210 to Km.158.650 North Bound and from Km.155.940 to Km.160.260 South Bound of Ramban to Banihal Pkg-I of Old NH-1A New NH-44,Roads & Highways,Ministry of Road Transport & Highways,Sikkim,Gangtok,NHAI,1912.0,1034.3,406.09,49,78,2021-07-13,2025-08-12,2027-12-31,30.0,21.24,Patel Engineering,4,PPP,Not Started,Obtained,Not Required,Partial,Open,3,2026-06-30,6.5,0,0,1,0.0,59.18,42.1,Medium
PROJ-618640,4L of Urga - Pathalgaon from Km. 70.200 to km. 157.745 of NH-130A,Roads & Highways,Ministry of Road Transport & Highways,Uttar Pradesh,Lucknow,NHAI,2261.0,2860.36,1120.45,52,53,2022-03-30,2026-08-08,2026-08-31,82.0,39.17,IRCON International,2,Externally Aided,Not Started,Obtained,Pending,Complete,Limited,5,2026-05-18,3.7,3,1,0,26.51,1.92,30.7,Low
PROJ-618881,4L PS bijni to mandi section from Km 202.815 to Km 208.000 of NH-20 New NH-154 of Pathankot-Mandi Package-VB,Roads & Highways,Ministry of Road Transport & Highways,Himachal Pradesh,Mandi,NHAI,1113.0,1112.39,547.08,55,55,2023-02-21,2027-09-13,2027-09-13,35.0,49.15,Hindustan Construction Company (HCC),0,Central,Complete,Not Required,Obtained,Complete,Open,0,2026-06-26,7.6,0,0,0,0.0,0.0,8.0,Low
PROJ-618901,4L PS Divided Carriageway from Patan Near Rajpur to Gojariya From Km 52.000 to Km 128.940 of NH-68,Roads & Highways,Ministry of Road Transport & Highways,Tamil Nadu,Madurai,NHAI,1181.0,1098.23,934.16,39,60,2021-12-03,2025-03-07,2026-11-30,87.0,79.1,GMR Infrastructure,4,PPP,Not Started,Obtained,Pending,Not Started,Open,2,2026-01-07,7.1,0,0,1,0.0,53.85,41.9,Medium
PROJ-618931,4L PS from Ch. 179.780 in Bitada/Movi Village to Ch. 208.900 in Nasarpore Village of NH-56 Pkg-V,Roads & Highways,Ministry of Road Transport & Highways,Telangana,Nizamabad,NHAI,764.0,566.96,82.38,57,57,2023-03-03,2027-11-26,2027-11-26,10.0,10.78,Afcons Infrastructure,1,Central,Partial,Obtained,Not Required,Complete,Single,0,2026-04-13,9.1,0,0,0,0.0,0.0,8.0,Low
PROJ-618930,4L PS from Ch. 94.030 in Jabugam Village to Ch. 132.320 in Dhamasiya Village of NH-56 Pkg-III,Roads & Highways,Ministry of Road Transport & Highways,Jharkhand,Ranchi,NHAI,1188.0,898.0,179.47,56,56,2023-03-27,2027-11-25,2027-11-25,26.0,15.11,Megha Engineering (MEIL),0,State,Partial,Not Required,Obtained,Partial,Open,0,2026-03-06,9.2,0,0,0,0.0,0.0,8.0,Low
PROJ-618891,4L PS from Kalar Bala Village to Nauni Chowk of NH 205 from Km 41.000 to Km 58.450,Roads & Highways,Ministry of Road Transport & Highways,Madhya Pradesh,Rewa,NHAI,1244.0,786.91,145.72,40,44,2024-01-18,2027-05-12,2027-09-09,31.0,11.71,Ashoka Buildcon Ltd,0,PPP,Complete,Obtained,Not Required,Complete,Open,0,2026-06-07,8.1,0,0,0,0.0,10.0,8.0,Low
PROJ-618871,4L PS from Near Guddehosur to Start of Kushalnagara Bypass to near Hemmige Village Periyapatna - Hassan Road Jn from Km. 122.200 to Km. 144.900 of NH-275 Pkg. II,Roads & Highways,Ministry of Road Transport & Highways,Nagaland,Dimapur,NHAI,910.0,896.42,325.85,58,63,2023-02-01,2027-12-07,2028-05-03,15.0,35.81,Dilip Buildcon Ltd,0,PPP,Complete,Obtained,Obtained,Complete,Single,1,2026-03-30,9.0,0,0,0,0.0,8.62,12.2,Low
PROJ-618870,4L PS from near Hemmige Village Periyapatna - Hassan Road Jn. to near Hunsur - KR Nagar Jn section from Km. 144.900 to Km. 169.000 of NH-275 Pkg. III,Roads & Highways,Ministry of Road Transport & Highways,West Bengal,Kharagpur,NHAI,884.0,1726.65,447.11,50,60,2023-02-07,2027-04-02,2028-01-24,28.0,25.89,Tata Projects Ltd,3,PPP,Partial,Pending,Obtained,Complete,Limited,2,2026-06-10,5.7,0,1,1,95.32,20.0,53.2,Medium
PROJ-618872,4L PS from near Hunsur - KR Nagar Junction to near Yalachahalli village KR Nagara - Yelawala Road Junction fcrom Km 169.000 to Km 195.550 of NH-275 Pkg-IV,Roads & Highways,Ministry of Road Transport & Highways,Himachal Pradesh,Bilaspur,NHAI,1063.0,952.03,272.55,51,62,2023-02-09,2027-04-29,2028-03-26,20.0,25.64,GMR Infrastructure,4,Central,Not Started,Obtained,Obtained,Not Started,Single,1,2026-07-20,4.5,0,0,1,0.0,21.57,24.9,Low
PROJ-618873,4L PS from near Yalachahalli village KR Nagara - Yelawala Road junction to Srirangapatna Bypass Near Paschima Vahini from km 195.550 to Km 214.535 of NH-275 Pkg-V,Roads & Highways,Ministry of Road Transport & Highways,Manipur,Churachandpur,NHAI,1273.0,1203.2,462.59,50,62,2023-01-30,2027-04-06,2028-04-11,17.0,36.34,PNC Infratech Ltd,2,PPP,Not Started,Obtained,Pending,Partial,Limited,3,2026-01-26,6.4,1,0,1,0.0,24.0,31.0,Low
PROJ-618759,4L PS Mydukur - Badvel from Km 585.820 to Km 630.960 of NH-67,Roads & Highways,Ministry of Road Transport & Highways,West Bengal,Durgapur,NHAI,1064.0,1103.87,585.79,40,53,2022-05-25,2025-09-19,2026-10-31,90.0,53.07,Larsen & Toubro Ltd,2,PPP,Partial,Obtained,Pending,Partial,Open,4,2026-01-20,4.3,3,0,1,3.75,32.5,31.6,Low
PROJ-619080,4L PS of Ambala Ring Road of New NH-44,Roads & Highways,Ministry of Road Transport & Highways,Haryana,Ambala,NHAI,1093.0,1225.41,595.59,31,43,2023-02-27,2025-10-10,2026-09-13,93.0,48.6,Adani Infra Ltd,3,State,Partial,Pending,Not Required,Partial,Open,1,2026-08-02,3.7,2,1,1,12.11,38.71,36.5,Medium
PROJ-618791,4L PS under NH configuration of Manikpur-Sahebganj of NH-139W,Roads & Highways,Ministry of Road Transport & Highways,Jammu and Kashmir,Udhampur,NHAI,1539.0,1539.0,595.95,38,38,2024-10-18,2027-12-31,2027-12-31,28.0,38.72,NCC Limited,1,Externally Aided,Complete,Obtained,Not Required,Complete,Open,1,2026-07-26,7.9,0,0,0,0.0,0.0,8.0,Low
PROJ-618541,4L Ring road/bypass around Srinagar city from km 0.000 to km 42.100 Phase-I,Roads & Highways,Ministry of Road Transport & Highways,Jammu and Kashmir,Srinagar,NHAI,2920.0,2604.76,1832.29,35,68,2021-03-02,2024-02-02,2026-10-31,89.0,62.75,GMR Infrastructure,4,Central,Partial,Pending,Pending,Not Started,Open,5,2026-07-22,4.0,1,0,1,0.0,94.29,51.6,Medium
PROJ-619101,4L Shahpur to Muktainagar from Km. 186.000 to km 216.278 of NH 753L Pkg II of Boregaon Buzurg to Muktainagar,Roads & Highways,Ministry of Road Transport & Highways,Himachal Pradesh,Bilaspur,NHAI,784.0,659.52,330.42,39,47,2022-12-01,2026-03-14,2026-10-30,64.0,42.15,Dilip Buildcon Ltd,2,PPP,Complete,Pending,Pending,Partial,Single,3,2026-08-09,5.4,3,0,1,0.0,20.51,22.4,Low
PROJ-618761,4L Spur of Meerut-Garh-Mukteshwar section connecting NH-119 and NH-58 bypassing Meerut Town of NH 709 A,Roads & Highways,Ministry of Road Transport & Highways,Uttar Pradesh,Meerut,NHAI,992.0,977.73,865.93,40,58,2021-10-07,2025-02-16,2026-08-15,97.0,87.29,Megha Engineering (MEIL),4,PPP,Not Started,Obtained,Obtained,Complete,Limited,1,2026-05-14,4.1,2,0,1,0.0,45.0,35.4,Medium
PROJ-619218,4L Tumkur-Shimoga Pkg-I from Mallasandra to Karadi village of NH-206 from Km. 12.300 to Km. 65.195,Roads & Highways,Ministry of Road Transport & Highways,Tripura,Udaipur,NHAI,1364.0,1692.12,1336.55,44,102,2018-02-27,2021-10-14,2026-08-31,100.0,78.99,Adani Infra Ltd,2,State,Complete,Obtained,Obtained,Not Started,Open,4,2026-06-02,4.7,0,1,1,24.06,131.82,53.7,Medium
PROJ-618544,"4L twin tube tunnel including approaches from Digdol to Khuni Nallah North Bound connecting with existing major bridge on NB and South Bound connecting with Tunnel T4 ,Single tube tunnel of Ramban to Banihal Pkg-II of Old NH-1A New NH-44",Roads & Highways,Ministry of Road Transport & Highways,Himachal Pradesh,Solan,NHAI,1402.0,1020.99,1054.8,35,63,2021-07-13,2024-06-07,2026-09-30,87.0,75.24,IRCON International,2,State,Not Started,Obtained,Not Required,Partial,Single,1,2026-03-13,6.3,3,0,1,0.0,80.0,44.7,Medium
PROJ-618662,4L Vidisha Gyaraspur section of NH-146 from Design Chainage km 59475 existing chainage km 81240 to Design Chainage km 88361 existing chainage km 110.315,Roads & Highways,Ministry of Road Transport & Highways,Tamil Nadu,Madurai,NHAI,980.0,980.0,113.09,41,41,2024-10-18,2028-03-13,2028-03-11,12.0,11.54,IRB Infrastructure Developers,0,PPP,Complete,Obtained,Obtained,Complete,Limited,0,2026-07-19,7.6,0,0,0,0.0,0.0,8.0,Low
PROJ-618697,4LPS Access Controlled Highway of Bellary Bypass Balance work from Ch. 254750 to Ch. 266837 and construction of 4LPS from Ch. 277.690 to Ch. 278.690 at D. Hirehal Village Balance work of NH 150A of Bellary Byrapura Section,Roads & Highways,Ministry of Road Transport & Highways,Goa,Vasco da Gama,NHAI,626.0,284.05,113.26,30,44,2024-02-07,2026-07-31,2027-10-14,39.0,18.09,IRB Infrastructure Developers,3,Externally Aided,Complete,Obtained,Not Required,Not Started,Open,1,2026-04-03,5.4,2,0,1,0.0,46.67,32.4,Low
PROJ-618731,6 Lane Greenfield Varanasi- Ranchi- Kolkata Highway from Chatra to junction with NH- 100 in Deoria village from km 222.000 to km 253.000 Pkg -9,Roads & Highways,Ministry of Road Transport & Highways,Uttar Pradesh,Varanasi,NHAI,1418.0,1418.0,143.72,64,64,2023-03-29,2028-07-16,2028-07-16,0.0,10.14,GMR Infrastructure,1,State,Complete,Obtained,Obtained,Partial,Open,0,2026-05-31,7.2,0,0,0,0.0,0.0,8.0,Low
PROJ-618730,6 Lane Greenfield Varanasi- Ranchi- Kolkata Highway from Deoria village to Donoreshan village from km 253.000 to km 288.600 Pkg -10,Roads & Highways,Ministry of Road Transport & Highways,Uttar Pradesh,Varanasi,NHAI,1546.0,1546.0,183.44,62,62,2023-03-29,2028-05-29,2028-05-29,6.0,11.87,PNC Infratech Ltd,0,Central,Complete,Obtained,Obtained,Complete,Limited,1,2026-06-30,7.5,0,0,0,0.0,0.0,8.0,Low
PROJ-618729,6 Lane Greenfield Varanasi- Ranchi- Kolkata Highway from Donoreshan village to junction with NH-20 in Bongabar village from km 288.600 to km 325.500 Pkg -11,Roads & Highways,Ministry of Road Transport & Highways,Uttar Pradesh,Varanasi,NHAI,1856.0,1856.0,261.78,63,63,2023-03-29,2028-07-05,2028-07-05,0.0,14.1,Larsen & Toubro Ltd,0,Central,Complete,Obtained,Obtained,Complete,Limited,0,2026-05-30,8.3,1,0,0,0.0,0.0,8.0,Low
PROJ-619077,6 laning of Balance Work of Chennai - Tada from km. 21.40 to km. 54.40,Roads & Highways,Ministry of Road Transport & Highways,Tamil Nadu,Chennai,NHAI,465.0,472.37,389.77,28,105,2017-12-06,2020-03-27,2026-08-31,100.0,82.51,GMR Infrastructure,2,Central,Not Started,Obtained,Pending,Not Started,Open,2,2026-06-13,5.6,2,0,1,1.58,275.0,48.7,Medium
PROJ-617913,6-laning of km 9.900 to km 19/948 Aramgarh to Shamshabad Section of Hyderabad-Bangalore section of NH-44 Under NHO EPC basis in the state of Telangana,Roads & Highways,Ministry of Road Transport & Highways,Telangana,Hyderabad,MoRTH,283.0,300.7,480.41,28,101,2018-01-18,2020-05-09,2026-06-30,93.0,100.0,IRCON International,4,Central,Partial,Pending,Obtained,Partial,Single,1,2026-05-07,6.3,2,0,1,6.25,260.71,51.3,Medium
PROJ-619074,6-laning of Krishnagiri Km.0.000 to Walajahpet Km.148.300 section on NH-46 under NHDP-V,Roads & Highways,Ministry of Road Transport & Highways,Goa,Mormugao,NHAI,1673.0,781.74,707.81,47,200,2009-12-27,2013-12-04,2026-08-31,100.0,42.31,KNR Constructions Ltd,3,Externally Aided,Partial,Obtained,Not Required,Complete,Limited,2,2026-07-31,4.7,3,0,1,0.0,325.53,44.8,Medium
PROJ-617939,6-Laning of Pune-Hyderabad Section of NH-65 from Km 493/0 to Km 524/0 from Sangareddy X Roads to Madinaguda in the State of Telangana,Roads & Highways,Ministry of Road Transport & Highways,Maharashtra,Pune,MoRTH,1298.0,1298.0,0.0,39,40,2023-03-27,2026-07-03,2026-08-03,46.0,0.0,NCC Limited,0,Externally Aided,Partial,Obtained,Obtained,Partial,Open,1,2026-07-14,8.5,0,0,0,0.0,2.56,8.0,Low
PROJ-618720,6L Access Controlled Greenfield Highway from Audireddipalle Ch. 160000 to Mallapalle Ch. 176000Package-07,Roads & Highways,Ministry of Road Transport & Highways,Meghalaya,Jowai,NHAI,987.0,848.06,338.45,36,50,2023-02-21,2026-03-06,2027-04-30,74.0,34.29,Afcons Infrastructure,1,PPP,Not Started,Pending,Not Required,Partial,Open,2,2026-07-28,6.7,1,0,1,0.0,38.89,29.7,Low
PROJ-618721,6L Access Controlled Greenfield Highway from Chandrasekharapuram Ch. 228000 to Polavaram Ch. 260000of [NH-544G] Package-11,Roads & Highways,Ministry of Road Transport & Highways,Maharashtra,Solapur,NHAI,1293.0,1110.33,358.41,36,54,2023-02-15,2026-02-10,2027-08-31,64.0,27.72,Patel Engineering,1,Central,Partial,Obtained,Pending,Complete,Open,5,2026-05-08,6.4,2,0,1,0.0,50.0,37.0,Medium
PROJ-618718,6L Access Controlled Greenfield Highway from Kavulakuntla Ch. 196000 to Narayanmpet Ch. 203500Package-09,Roads & Highways,Ministry of Road Transport & Highways,Nagaland,Dimapur,NHAI,1092.0,956.4,242.13,48,58,2023-02-21,2027-02-07,2027-12-31,55.0,22.17,PNC Infratech Ltd,3,PPP,Complete,Obtained,Pending,Partial,Limited,4,2026-06-19,4.8,2,0,1,0.0,20.83,22.0,Low
PROJ-618719,6L Access Controlled Greenfield Highway from Mallapalle Ch. 176000 to Kavulakuntla Ch. 196000 Package-08,Roads & Highways,Ministry of Road Transport & Highways,Arunachal Pradesh,Itanagar,NHAI,909.0,751.81,290.04,36,53,2023-02-24,2026-02-10,2027-07-31,66.0,31.91,Tata Projects Ltd,2,Central,Complete,Obtained,Not Required,Not Started,Single,5,2026-05-10,6.9,2,0,1,0.0,47.22,34.9,Low
PROJ-619126,6L Access Controlled Greenfield Highway from Marripudi Ch. 285500 to Somavarappadu Ch. 314600 of [NH-544G] Package-13,Roads & Highways,Ministry of Road Transport & Highways,Bihar,Muzaffarpur,NHAI,976.0,798.71,370.82,36,50,2023-02-18,2026-02-09,2027-04-30,73.0,37.99,Afcons Infrastructure,1,PPP,Not Started,Obtained,Obtained,Not Started,Single,2,2026-04-27,6.7,1,0,1,0.0,38.89,29.7,Low
PROJ-619123,6L Access Controlled Greenfield Highway from Narayanmpet Ch. 203500 to Chandrasekharpuram Ch. 228000Package-10,Roads & Highways,Ministry of Road Transport & Highways,Delhi,South Delhi,NHAI,814.0,678.21,223.35,36,53,2023-02-24,2026-02-10,2027-07-31,66.0,27.44,Megha Engineering (MEIL),4,Externally Aided,Not Started,Pending,Obtained,Complete,Single,3,2026-04-06,4.0,0,0,1,0.0,47.22,37.7,Medium
PROJ-619125,6L Access Controlled Greenfield Highway from Somavarappadu Ch.314.600 to Muppavaram Ch.343240 of [NH-544G] Package-14,Roads & Highways,Ministry of Road Transport & Highways,Mizoram,Aizawl,NHAI,1104.0,943.66,267.61,36,56,2023-02-18,2026-02-11,2027-10-31,45.0,24.24,Adani Infra Ltd,1,State,Partial,Pending,Obtained,Complete,Open,3,2026-02-11,4.0,0,0,1,0.0,55.56,35.7,Medium
PROJ-618968,6L access control Greenfield highway of Vill-Khyawari to Vill-Latifpur at Saharanpur Bypass from Km. 82.000 to Km. 119.790 Pkg-4,Roads & Highways,Ministry of Road Transport & Highways,Maharashtra,Nashik,NHAI,1428.0,1439.35,1394.63,42,65,2021-03-18,2024-09-02,2026-08-31,99.0,96.89,IRB Infrastructure Developers,1,Central,Complete,Obtained,Not Required,Partial,Single,5,2026-03-28,6.3,3,0,1,0.79,54.76,37.2,Medium
PROJ-618970,6L access control Greenfield highway of Vill-Lohadda to Vill-Karaunda Mahajan from Km. 27.000 to Km. 56.500 Pkg-2,Roads & Highways,Ministry of Road Transport & Highways,Bihar,Patna,NHAI,1335.0,1335.38,1253.61,42,66,2021-03-11,2024-09-02,2026-08-31,98.0,93.88,Larsen & Toubro Ltd,2,Central,Partial,Obtained,Obtained,Complete,Single,4,2026-03-20,5.9,3,0,1,0.03,57.14,40.5,Medium
PROJ-619216,6L access Controlled Greenfield Highway from Adhoya Musalmana to Sadopur section of Shamli -Ambala Package-III Design Ch. Form km 84.400 to km 121.786,Roads & Highways,Ministry of Road Transport & Highways,Haryana,Ambala,NHAI,1492.0,1122.86,791.92,35,55,2022-05-30,2025-05-01,2026-12-31,81.0,53.08,Hindustan Construction Company (HCC),4,PPP,Partial,Obtained,Pending,Complete,Single,5,2026-01-25,4.6,3,0,1,0.0,57.14,43.7,Medium
PROJ-618722,6L access Controlled Greenfield Highway from Gogwan Jalalpur Shamli to Ranipur Barsi Saharanpur of Shamli -Ambala section Package-I Design Ch. Form km 00.600 to km 45.500,Roads & Highways,Ministry of Road Transport & Highways,Haryana,Ambala,NHAI,1844.0,1247.55,759.32,35,57,2022-06-23,2025-05-15,2027-03-31,68.0,41.18,Larsen & Toubro Ltd,1,State,Partial,Pending,Pending,Partial,Limited,1,2026-07-15,6.9,3,0,1,0.0,62.86,42.7,Medium
PROJ-618712,6L Access Controlled Greenfield Highway from Kodur Ch. 0000 to Vanavolu Ch. 24300 of [NH-544G] Package-1,Roads & Highways,Ministry of Road Transport & Highways,Nagaland,Kohima,NHAI,913.0,798.25,357.89,37,51,2023-01-03,2026-02-03,2027-03-31,88.0,39.2,Hindustan Construction Company (HCC),1,Central,Not Started,Obtained,Not Required,Not Started,Single,3,2026-03-22,7.0,2,0,1,0.0,37.84,31.2,Low
PROJ-618714,6L Access Controlled Greenfield Highway from Nallacheruvu palli Ch. 96300 to Yerragudipadu Ch. 129000 of [NH-544G] Package-5,Roads & Highways,Ministry of Road Transport & Highways,Rajasthan,Ajmer,NHAI,1253.0,1095.78,389.19,48,64,2022-02-18,2026-02-10,2027-06-30,67.0,31.06,IRCON International,1,PPP,Partial,Obtained,Obtained,Not Started,Single,5,2026-01-06,3.7,1,0,1,0.0,33.33,27.4,Low
PROJ-618715,6L Access Controlled Greenfield Highway from Odulapalle Ch. 72000 to Nallacheruvu-palli Ch. 96300 of [NH-544G]Package-4,Roads & Highways,Ministry of Road Transport & Highways,Mizoram,Champhai,NHAI,1059.0,946.1,403.17,37,52,2023-01-03,2026-02-03,2027-04-30,77.0,38.07,IRCON International,3,Central,Partial,Obtained,Pending,Not Started,Open,2,2026-02-17,4.7,1,0,1,0.0,40.54,32.8,Low
PROJ-619124,6L Access Controlled Greenfield Highway from Polavaram Ch. 260000 to Marripudi Ch. 285500 of [NH-544G]Package-12,Roads & Highways,Ministry of Road Transport & Highways,Ladakh,Leh,NHAI,747.0,626.83,250.93,36,51,2023-02-18,2026-02-10,2027-05-31,70.0,33.59,Tata Projects Ltd,2,Central,Not Started,Obtained,Obtained,Partial,Open,4,2026-03-11,3.8,2,0,1,0.0,41.67,33.7,Low
PROJ-618723,6L access Controlled Greenfield Highway from Ranipur Barsi to Adhoya Musalmana section of Shamli -Ambala Package-II Design Ch. Form km 45.500 to km 84.400,Roads & Highways,Ministry of Road Transport & Highways,Haryana,Ambala,NHAI,1554.0,1241.89,847.9,35,56,2022-06-22,2025-05-16,2027-02-28,83.0,54.56,PNC Infratech Ltd,3,PPP,Partial,Pending,Not Required,Complete,Single,1,2026-07-11,6.2,3,0,1,0.0,60.0,42.2,Medium
PROJ-618717,6L Access Controlled Greenfield Highway from Vanavolu Ch. 24300 to Vankarakunta Ch. 45700 of [NH-544G] Package-2,Roads & Highways,Ministry of Road Transport & Highways,Ladakh,Leh,NHAI,751.0,626.91,261.4,38,50,2023-01-03,2026-03-01,2027-02-28,87.0,34.81,PNC Infratech Ltd,1,State,Partial,Pending,Not Required,Not Started,Open,1,2026-08-12,5.0,2,0,1,0.0,31.58,25.8,Low
PROJ-618716,6L Access Controlled Greenfield Highway from Vankarakunta Ch. 45700 to Odulapalle Ch. 72000 of [NH-544G]Package-3,Roads & Highways,Ministry of Road Transport & Highways,Chhattisgarh,Jagdalpur,NHAI,993.0,888.07,351.23,39,52,2022-12-12,2026-03-01,2027-03-31,77.0,35.37,Patel Engineering,1,Central,Partial,Obtained,Obtained,Not Started,Open,1,2026-08-08,4.6,2,0,1,0.0,33.33,25.0,Low
PROJ-618713,6L Access Controlled Greenfield Highway from Yerragudipadu Ch. 129000 to Audireddipalle Ch. 160000 of [NH 544G] Package-6,Roads & Highways,Ministry of Road Transport & Highways,Manipur,Churachandpur,NHAI,1200.0,1019.69,282.16,36,57,2023-02-15,2026-02-10,2027-11-30,47.0,23.51,KNR Constructions Ltd,1,Externally Aided,Not Started,Obtained,Obtained,Complete,Open,1,2026-05-24,4.5,1,0,1,0.0,58.33,37.0,Medium
PROJ-619212,6L Access Controlled Greenfield Highway of Julekal village to Dinnedevarapadu village from Km 242.200 to Km 280.400 Pkg-2,Roads & Highways,Ministry of Road Transport & Highways,Nagaland,Dimapur,NHAI,1228.0,1315.87,539.17,35,63,2022-01-27,2025-01-03,2027-04-30,71.0,40.97,Larsen & Toubro Ltd,2,Externally Aided,Complete,Obtained,Pending,Not Started,Open,3,2026-04-17,6.2,1,0,1,7.16,80.0,47.1,Medium
PROJ-619168,6L access controlled Greenfield highway of Junction of EPE Vill.-Mavikalan to Vill.-Lohadda from Km. 0.000 to Km. 27.000 Pkg-1,Roads & Highways,Ministry of Road Transport & Highways,Mizoram,Lunglei,NHAI,1602.0,1497.94,1423.29,42,65,2021-03-18,2024-09-02,2026-08-31,99.0,88.84,Adani Infra Ltd,4,PPP,Complete,Obtained,Not Required,Complete,Single,1,2026-07-05,5.1,2,0,1,0.0,54.76,36.1,Medium
PROJ-618632,6L Access Controlled Greenfield Highway of Nandinne village to Julekal village from Km 202.900 to Km 242.200 Pkg-1,Roads & Highways,Ministry of Road Transport & Highways,Goa,South Goa,NHAI,972.0,1044.06,459.49,35,55,2022-02-04,2025-01-03,2026-08-31,94.0,44.01,Shapoorji Pallonji Co,3,Central,Partial,Obtained,Obtained,Partial,Open,4,2026-05-03,4.6,3,0,1,7.41,57.14,45.5,Medium
PROJ-618757,6L access controlled Highway from Km 40080 to Km 86513 Mator to Barodameo Section,Roads & Highways,Ministry of Road Transport & Highways,Goa,Mormugao,NHAI,2010.0,1565.88,708.28,42,57,2022-09-27,2026-03-14,2027-06-30,37.0,35.24,PNC Infratech Ltd,2,Externally Aided,Partial,Obtained,Not Required,Partial,Open,4,2026-07-06,4.6,3,0,1,0.0,35.71,29.6,Low
PROJ-618647,6L Access Controlled Ludhiana-Bathinda Greenfield highway from Jn. with Amritsar-Bathanda Greenfield Road NH-754A near Rampura Phul to Jn. with Moga-Barnala Road NH-703 near village Tallewal from Km 0.0 to Km 30.3 of NH-754AD Pkg-1,Roads & Highways,Ministry of Road Transport & Highways,Punjab,Ludhiana,NHAI,907.0,1020.52,687.82,51,64,2021-06-24,2025-09-13,2026-10-31,82.0,67.4,PNC Infratech Ltd,3,Externally Aided,Partial,Obtained,Pending,Not Started,Limited,5,2026-06-14,4.7,1,1,1,12.52,25.49,34.2,Low
PROJ-619105,6L Access Controlled Ludhiana-Bathinda Greenfield highway from Jn. with Moga-Barnala Road NH-703 near village Tallewal to Jn. with Delhi-Katra Expressway NE-5 near Ludhiana village Ballowal from Km 30.300 to Km 75.543 of NH-754AD Pkg-2,Roads & Highways,Ministry of Road Transport & Highways,Punjab,Ludhiana,NHAI,1555.0,1564.66,711.39,75,75,2021-07-05,2027-09-29,2027-09-29,26.0,45.47,IRB Infrastructure Developers,0,Externally Aided,Complete,Not Required,Obtained,Complete,Limited,0,2026-01-31,8.4,0,0,0,0.62,0.0,8.0,Low
PROJ-619308,6L access-controlled highway from Ganeshpur tonear Mohand of Ganeshpur Dehradun section from Km.0 to Km.8.3 of NH-72A Package-1,Roads & Highways,Ministry of Road Transport & Highways,Uttarakhand,Dehradun,NHAI,836.0,835.74,811.86,34,69,2020-11-26,2023-10-07,2026-08-15,99.0,97.11,Afcons Infrastructure,3,Central,Not Started,Pending,Not Required,Not Started,Open,1,2026-02-23,6.8,3,0,1,0.0,102.94,49.4,Medium
PROJ-618758,6L accesscontrolled highway from km 0000 to km 40080 Paniyala to Mator Section of Paniyala-Barodameo ICR,Roads & Highways,Ministry of Road Transport & Highways,Gujarat,Rajkot,NHAI,1765.0,1239.24,571.41,48,48,2022-09-27,2026-09-15,2026-08-07,43.0,32.37,Megha Engineering (MEIL),0,PPP,Complete,Obtained,Obtained,Complete,Single,0,2026-03-13,7.9,0,0,0,0.0,0.0,8.0,Low
PROJ-618681,6L Aluru - Jakkuva Section of NH-130CD Road from km 365.033 to km 396.800 Pkg. 1,Roads & Highways,Ministry of Road Transport & Highways,Ladakh,Kargil,NHAI,1216.0,1241.66,703.33,38,67,2021-02-10,2024-03-29,2026-08-31,100.0,56.64,Ashoka Buildcon Ltd,4,State,Partial,Obtained,Obtained,Partial,Open,2,2026-07-26,4.0,2,0,1,2.11,76.32,46.1,Medium
PROJ-619099,6L Amritsar-Bathinda Greenfield section from Jn. with Moga Jalandhar road NH-703 near Dharamkot to Jn. with Bhagta Bhai Ka-Bhadaur Road near Dyalpura Bhai Ka from km 39.000 to km 93.000 of NH-754A Pkg-2,Roads & Highways,Ministry of Road Transport & Highways,Punjab,Amritsar,NHAI,1801.0,2172.71,1268.39,63,75,2021-03-30,2026-06-26,2027-06-30,67.0,58.38,Afcons Infrastructure,3,Central,Complete,Obtained,Not Required,Not Started,Single,5,2026-07-15,7.0,0,1,1,20.64,19.05,30.2,Low
PROJ-618618,6L Amritsar-Bathinda Greenfield section from Jn. with Bhagta Bhai Ka-Bhadaur Road near Dyalpura Bhai Ka to Jn. with Mandi Dabwali Bathinda Road on NH-54 near Sangat Kalan from km 93.000 to km 154.866 of NH-754A Pkg-3,Roads & Highways,Ministry of Road Transport & Highways,Punjab,Amritsar,NHAI,2029.0,2677.23,1442.16,63,76,2021-03-31,2026-06-16,2027-07-21,74.0,53.87,Larsen & Toubro Ltd,2,PPP,Partial,Pending,Not Required,Complete,Single,3,2026-02-21,3.5,0,1,1,31.95,20.63,35.6,Medium
PROJ-618617,6L Amritsar-Bathinda Greenfield section from village Tiba on NE-5A to Jn. with Moga Jalandhar road NH-703 near Dharamkot from km 0.000 to km 39.000 of NH-754A Pkg-1,Roads & Highways,Ministry of Road Transport & Highways,Punjab,Amritsar,NHAI,1229.0,1549.32,1014.98,43,80,2021-03-30,2024-11-13,2027-12-14,72.0,65.51,Patel Engineering,3,State,Partial,Pending,Not Required,Complete,Single,4,2026-04-14,3.6,3,1,1,26.06,86.05,61.4,Medium
PROJ-618738,6L Bridge and its approaches across River Ganga as Part of Patna Ring Road NH-131G starting from Km 8.480 near Sherpur to Km 23.000 near Dighwara,Roads & Highways,Ministry of Road Transport & Highways,Bihar,Patna,NHAI,6292.0,3351.62,734.19,59,78,2022-09-27,2027-09-05,2029-03-31,22.0,11.67,IRCON International,3,PPP,Partial,Obtained,Pending,Not Started,Open,2,2026-04-28,3.8,2,0,1,0.0,32.2,29.7,Low
PROJ-618805,6L Connectivity to Port Road from Sabbavaram Sheelanagar-NH516C,Roads & Highways,Ministry of Road Transport & Highways,Tamil Nadu,Tuticorin,NHAI,977.0,977.0,155.51,37,37,2024-12-31,2028-02-13,2028-02-12,7.0,15.92,Dilip Buildcon Ltd,0,Externally Aided,Complete,Obtained,Obtained,Complete,Open,0,2026-02-21,8.3,1,0,0,0.0,0.0,8.0,Low
PROJ-618499,6L Elevated Kanpur - Lucknow Exeressway Pkg-1 from Km. 10980 to Km. 28500,Roads & Highways,Ministry of Road Transport & Highways,Uttar Pradesh,Lucknow,NHAI,1973.0,1943.27,770.81,43,56,2021-12-29,2025-07-30,2026-08-31,100.0,39.07,IRB Infrastructure Developers,3,Central,Partial,Obtained,Not Required,Not Started,Limited,4,2026-03-08,5.7,0,0,1,0.0,30.23,26.5,Low
PROJ-618808,6L Elevated Kona Expressway from Km. 0.145 to Km. 7.337 of NH-117,Roads & Highways,Ministry of Road Transport & Highways,Uttarakhand,Haridwar,NHAI,1213.0,1203.11,433.18,44,57,2023-03-24,2026-12-03,2027-12-31,40.0,35.71,Megha Engineering (MEIL),1,Externally Aided,Complete,Pending,Obtained,Not Started,Single,1,2026-06-20,4.2,2,0,1,0.0,29.55,22.7,Low
PROJ-618704,6L Flyover including RE Wall approaches with Flexible Pavement in the Elephant Corridor of Angul Sambalpur Section of NH-42 New NH-55 Km.202.533,Roads & Highways,Ministry of Road Transport & Highways,Odisha,Sambalpur,NHAI,151.0,106.32,106.14,40,40,2023-09-19,2027-01-20,2026-08-31,100.0,70.29,Shapoorji Pallonji Co,0,Central,Partial,Obtained,Obtained,Complete,Open,0,2026-06-14,9.1,0,0,0,0.0,0.0,8.0,Low
PROJ-618516,6L from Sankeshwar Bypass to MH-KNT Border from Km. 555.017 to Km. 592.853 of NH-48 Pkg-II,Roads & Highways,Ministry of Road Transport & Highways,Mizoram,Lunglei,NHAI,1389.0,1066.86,1183.98,39,64,2022-01-20,2025-04-23,2027-05-31,85.0,85.24,Larsen & Toubro Ltd,3,Central,Not Started,Obtained,Not Required,Not Started,Open,2,2026-06-06,6.3,0,0,1,0.0,64.1,44.1,Medium
PROJ-618680,6L Greenfield Kandili - Aluru Section of NH-130-CD Road from km 342500 to km 365033 Package-OD-8,Roads & Highways,Ministry of Road Transport & Highways,Delhi,New Delhi,NHAI,1493.0,1912.84,1088.96,34,56,2021-12-20,2024-10-17,2026-08-31,100.0,56.93,Patel Engineering,2,State,Complete,Pending,Obtained,Partial,Open,3,2026-04-30,5.3,1,1,1,28.12,64.71,55.0,Medium
PROJ-618678,6L Greenfield Baunsaguar - Baraja Section of NH-130-CD Road from km 293000 to km 338500 Package OD-6,Roads & Highways,Ministry of Road Transport & Highways,Rajasthan,Bikaner,NHAI,1266.0,1635.44,1001.24,33,60,2021-08-26,2024-05-31,2026-08-31,100.0,61.22,Shapoorji Pallonji Co,4,PPP,Complete,Pending,Pending,Not Started,Single,1,2026-04-01,4.3,3,1,1,29.18,81.82,63.0,Medium
PROJ-618677,6L Greenfield Kaliagura Baunsaguar Section of NH-130-CD Road from km 249000 to km 293000 Package OD-5,Roads & Highways,Ministry of Road Transport & Highways,Manipur,Imphal,NHAI,1540.0,1918.49,1026.67,33,63,2021-09-03,2024-05-29,2026-11-30,98.0,53.51,NCC Limited,2,Central,Complete,Pending,Obtained,Complete,Open,5,2026-07-22,5.5,2,1,1,24.58,90.91,57.1,Medium
PROJ-618734,6L Greenfield Varanasi- Ranchi- Kolkata Highway from junction with NH-320 in Lepo village to Kamlapur villageJH/WB border from km 358.500 to km 387.200 Pkg -13,Roads & Highways,Ministry of Road Transport & Highways,Uttar Pradesh,Varanasi,NHAI,1154.0,1319.18,330.27,54,54,2023-03-29,2027-09-29,2027-09-29,25.0,25.04,Patel Engineering,4,Central,Complete,Pending,Pending,Complete,Open,5,2026-06-19,5.1,3,1,0,14.31,0.0,21.8,Low
PROJ-618733,6L Greenfield Varanasi- Ranchi- Kolkata Highway from junction with NH-20 in Bongabar village to junction with NH-30 in Lepo village from km 325.500 to km 358.500 Pkg -12,Roads & Highways,Ministry of Road Transport & Highways,Uttar Pradesh,Varanasi,NHAI,1526.0,1526.0,218.28,63,63,2023-03-29,2028-07-05,2028-07-05,0.0,14.3,Patel Engineering,0,Central,Partial,Not Required,Obtained,Complete,Single,0,2026-06-23,8.3,0,0,0,0.0,0.0,8.0,Low
PROJ-618732,6L Greenfield Varanasi- Ranchi- Kolkata Highway from Sonepurbigha village to junction with NH- 22 Chatra Bypass near Chatra from km 184.700 to km 222.000Pkg -8,Roads & Highways,Ministry of Road Transport & Highways,Uttar Pradesh,Varanasi,NHAI,1728.0,1728.0,200.25,62,62,2023-03-29,2028-05-22,2028-05-22,4.0,11.59,Adani Infra Ltd,0,PPP,Complete,Obtained,Obtained,Complete,Limited,0,2026-06-15,9.7,0,0,0,0.0,0.0,8.0,Low
PROJ-618724,6L Greenfield Varanasi-Ranchi-Kolkata Highway from Anarbansalea village to Sagrampur village From KM. 151200 to KM. 184700Package-7,Roads & Highways,Ministry of Road Transport & Highways,Uttar Pradesh,Varanasi,NHAI,1719.0,1723.42,340.33,51,51,2023-03-24,2027-06-30,2027-06-30,28.0,19.75,Ashoka Buildcon Ltd,0,Externally Aided,Complete,Obtained,Obtained,Complete,Open,0,2026-02-16,9.3,1,0,0,0.26,0.0,8.0,Low
PROJ-618727,6L Greenfield Varanasi-Ranchi-Kolkata Highway from junction with Bhabhua-Adhaura road in Bhairopur village to Konki village From KM. 54.000 to KM. 90.000Pkg-3,Roads & Highways,Ministry of Road Transport & Highways,Uttar Pradesh,Varanasi,NHAI,1577.0,1711.44,328.2,54,54,2023-03-27,2027-10-05,2027-10-05,26.0,19.18,Ashoka Buildcon Ltd,1,PPP,Complete,Obtained,Obtained,Complete,Limited,0,2026-03-24,8.5,0,0,0,8.53,0.0,8.0,Low
PROJ-618726,6L Greenfield Varanasi-Ranchi-Kolkata Highway from junction with Chandauli-Chainpur Road near Khainti village to junction with Bhabhua-Adhaura road near Palka village from Km. 27.000 to Km. 54.000 Pkg-2,Roads & Highways,Ministry of Road Transport & Highways,Uttar Pradesh,Varanasi,NHAI,1241.0,1341.52,252.44,54,54,2023-03-24,2027-10-05,2027-10-05,27.0,18.82,PNC Infratech Ltd,0,Central,Partial,Obtained,Obtained,Partial,Open,0,2026-07-24,7.2,0,0,0,8.1,0.0,8.0,Low
PROJ-618728,6L Greenfield Varanasi-Ranchi-Kolkata Highway from junction with NH-19 & Varanasi Ring Road near Rewasa village to junction with Chandauli-Chainpur road near Khainti village from Km. 0.000 to Km. 27.000 - Pkg-1,Roads & Highways,Ministry of Road Transport & Highways,Uttar Pradesh,Varanasi,NHAI,1433.0,1564.15,559.01,44,50,2023-03-24,2026-11-24,2027-05-18,48.0,35.74,Adani Infra Ltd,0,PPP,Partial,Obtained,Not Required,Complete,Open,1,2026-02-18,7.6,0,0,0,9.15,13.64,14.4,Low
PROJ-618725,6L Greenfield Varanasi-Ranchi-Kolkata Highway from Pachmon village to Anarbansalea village From KM. 116000 to KM. 151200 Package-6,Roads & Highways,Ministry of Road Transport & Highways,Uttar Pradesh,Varanasi,NHAI,1916.0,1920.21,431.04,53,53,2023-03-24,2027-09-03,2027-09-03,25.0,22.45,Larsen & Toubro Ltd,1,Central,Complete,Obtained,Obtained,Complete,Limited,0,2026-04-21,8.6,0,0,0,0.22,0.0,8.0,Low
PROJ-619111,6L Jakkuva Korlam Section of NH-130CD Road from km 396.800 to km 421.100 Pkg 2,Roads & Highways,Ministry of Road Transport & Highways,Himachal Pradesh,Dharamshala,NHAI,841.0,840.51,573.9,38,66,2021-02-09,2024-03-29,2026-08-15,100.0,68.24,Dilip Buildcon Ltd,3,State,Complete,Pending,Obtained,Partial,Open,5,2026-01-15,6.0,2,0,1,0.0,73.68,46.0,Medium
PROJ-619112,6L Kantakapalle Sabbavaram Section of NH-130CD Road from Km 445.100 to Km 464.662 Pkg-4,Roads & Highways,Ministry of Road Transport & Highways,Uttarakhand,Pantnagar,NHAI,1013.0,1012.57,702.4,43,70,2021-02-25,2024-10-04,2026-12-31,85.0,69.34,Tata Projects Ltd,2,State,Partial,Pending,Not Required,Partial,Open,1,2026-07-23,4.1,1,0,1,0.0,62.79,40.0,Medium
PROJ-618682,6L Korlam-Kantakapalle Section of NH-130CD Road from Km 421.100 to Km 445.100 Pkg-3,Roads & Highways,Ministry of Road Transport & Highways,Bihar,Darbhanga,NHAI,1113.0,1127.63,849.98,36,66,2021-02-25,2024-02-18,2026-08-15,100.0,75.38,NCC Limited,3,Central,Not Started,Pending,Not Required,Partial,Open,2,2026-04-10,4.4,2,0,1,1.31,83.33,48.2,Medium
PROJ-618598,6L Minor Bridge Paloli Palam at km. 203.160 & Major Bridge Morad at km. 204.895 and allied works,Roads & Highways,Ministry of Road Transport & Highways,Delhi,Dwarka,NHAI,210.0,216.94,190.46,27,79,2020-03-11,2022-06-11,2026-09-30,100.0,87.79,Dilip Buildcon Ltd,3,Central,Complete,Obtained,Obtained,Complete,Single,1,2026-08-02,6.5,2,0,1,3.3,192.59,42.4,Medium
PROJ-618601,6L of Kappirikkad to Thalikulam section from km 335.85 to km 369.015 of NH - 66 old NH-17,Roads & Highways,Ministry of Road Transport & Highways,Karnataka,Bengaluru,NHAI,4226.0,4225.59,3345.3,44,73,2021-06-08,2025-01-26,2027-06-30,95.0,79.16,NCC Limited,3,Externally Aided,Partial,Pending,Obtained,Partial,Open,4,2026-02-13,5.7,0,0,1,0.0,65.91,44.5,Medium
PROJ-619134,6L of Ambala-Chandigarh greenfield section from Km. 0.000 to Km. 25.000 with 4L spur to Lalru from Km. 0.000 to Km. 5.828 & spur to PR-7 road from Km. 0.000 to Km. 11.157,Roads & Highways,Ministry of Road Transport & Highways,Haryana,Ambala,NHAI,1642.0,1904.79,1277.92,42,54,2022-03-31,2025-10-12,2026-09-30,90.0,67.09,Patel Engineering,4,Externally Aided,Not Started,Obtained,Not Required,Partial,Open,4,2026-02-07,4.4,2,1,1,16.0,28.57,37.9,Medium
PROJ-618579,6L of Anandapuram Pendurthi Anakapalli Section from km. 681.000 to km. 731.780 of NH-16,Roads & Highways,Ministry of Road Transport & Highways,Assam,Nagaon,NHAI,2527.0,2957.25,2376.11,41,103,2018-01-19,2021-07-01,2026-08-31,100.0,80.35,Patel Engineering,2,Central,Not Started,Pending,Not Required,Partial,Limited,3,2026-08-15,4.4,1,1,1,17.03,151.22,54.6,Medium
PROJ-618531,6L of Aurangabad to Bihar-Jharkhand border Chordaha section from km. 180.000 to km. 209.827 of NH-2 PKG-01,Roads & Highways,Ministry of Road Transport & Highways,Maharashtra,Aurangabad,NHAI,1054.0,786.81,202.27,70,70,2021-02-10,2026-12-17,2026-12-17,38.0,19.19,IRCON International,0,PPP,Complete,Not Required,Obtained,Complete,Open,0,2026-05-23,9.3,0,0,0,0.0,0.0,8.0,Low
PROJ-618597,6L of Azhiyur-Vengalam from km. 189.200 to km. 230.400 of NH-66,Roads & Highways,Ministry of Road Transport & Highways,Jharkhand,Hazaribagh,NHAI,3206.0,3898.46,2406.73,45,89,2020-10-14,2024-07-04,2028-03-30,60.0,61.74,Adani Infra Ltd,3,State,Complete,Obtained,Not Required,Complete,Open,2,2026-06-24,6.4,0,1,1,21.6,97.78,50.9,Medium
PROJ-619109,6L of Badakumari - Karki Section from Km 179.000 to km 226.500 of NH-130-CD Package OD-3,Roads & Highways,Ministry of Road Transport & Highways,Jammu and Kashmir,Srinagar,NHAI,1102.0,1374.43,713.46,37,65,2021-03-25,2024-04-11,2026-08-31,100.0,51.91,Megha Engineering (MEIL),3,Central,Complete,Obtained,Not Required,Not Started,Single,3,2026-06-24,6.9,0,1,1,24.72,75.68,54.5,Medium
PROJ-618595,6L of Chengala - Neeleshwaram from km. 56.200 to km. 93.468,Roads & Highways,Ministry of Road Transport & Highways,Mizoram,Aizawl,NHAI,1746.0,2538.06,1447.45,46,82,2020-06-02,2024-04-15,2027-03-31,91.0,57.03,Ashoka Buildcon Ltd,4,Central,Complete,Obtained,Not Required,Not Started,Open,1,2026-02-05,5.2,0,1,1,45.36,78.26,64.4,Medium
PROJ-618585,6L of Gonde Km. 439.038 to Pimpri Sado Km. 459.905 section of NH-848 Old NH-3,Roads & Highways,Ministry of Road Transport & Highways,Assam,Tinsukia,NHAI,857.0,718.84,160.05,37,44,2024-02-28,2027-04-11,2027-11-04,40.0,18.68,Patel Engineering,3,State,Partial,Obtained,Not Required,Not Started,Limited,1,2026-04-09,3.9,1,0,1,0.0,18.92,19.3,Low
PROJ-618526,6L of Gundugolanu Design km 1023.280 to Kalaparru Design km 1050.680 of NH-5 New NH-16,Roads & Highways,Ministry of Road Transport & Highways,Chhattisgarh,Jagdalpur,NHAI,666.0,665.59,643.95,33,94,2018-10-31,2021-07-30,2026-08-31,96.0,96.69,IRCON International,1,Externally Aided,Partial,Obtained,Pending,Complete,Single,1,2026-02-15,5.1,3,0,1,0.0,184.85,43.1,Medium
PROJ-619213,6L of Hatibena - Badakumari Section from Km 146.50 to km 179.00 of NH-130-CD Package OD-2,Roads & Highways,Ministry of Road Transport & Highways,Delhi,Dwarka,NHAI,791.0,1070.63,733.61,37,67,2021-02-11,2024-03-02,2026-08-31,100.0,68.52,IRCON International,1,Central,Not Started,Obtained,Obtained,Complete,Limited,4,2026-03-29,4.5,0,1,1,35.35,81.08,60.5,Medium
PROJ-618610,6L of Jodhpur Romana Bathinda - Mandi Dabwali Punjab Haryana Border section of NH-54 from km. 0.000 to km. 27.400 of NH-54,Roads & Highways,Ministry of Road Transport & Highways,Rajasthan,Jodhpur,NHAI,789.0,1318.91,719.18,63,75,2020-05-19,2025-08-10,2026-08-31,99.0,54.53,Megha Engineering (MEIL),1,Central,Partial,Obtained,Not Required,Partial,Open,4,2026-08-10,4.6,3,1,1,67.16,19.05,53.5,Medium
PROJ-618513,6L of Kagal-Satara section from Km 592.500 to Km 658.000 of NH-48 Pkg-I,Roads & Highways,Ministry of Road Transport & Highways,Manipur,Thoubal,NHAI,2112.0,1435.46,634.07,37,62,2021-12-22,2025-01-11,2027-02-28,51.0,30.02,Tata Projects Ltd,1,State,Not Started,Pending,Obtained,Not Started,Single,4,2026-04-05,5.7,3,0,1,0.0,67.57,49.4,Medium
PROJ-618514,6L of Kagal-Satara section from Km 658.000 to Km 725.000 of NH-48 Pkg-II,Roads & Highways,Ministry of Road Transport & Highways,Kerala,Palakkad,NHAI,2331.0,317.4,206.68,36,60,2021-12-22,2024-12-15,2026-12-31,90.0,8.87,KNR Constructions Ltd,4,Central,Partial,Pending,Obtained,Partial,Open,2,2026-05-10,6.5,1,0,1,0.0,66.67,45.6,Medium
PROJ-618603,6L of Kodugallur to Edapppally section from km 397.750 to km 423.780 of NH - 66 old NH-17,Roads & Highways,Ministry of Road Transport & Highways,Himachal Pradesh,Dharamshala,NHAI,3466.0,3606.2,2178.55,41,67,2021-11-09,2025-04-21,2027-05-31,71.0,60.41,Dilip Buildcon Ltd,4,PPP,Not Started,Obtained,Pending,Complete,Open,1,2026-03-13,3.6,2,0,1,4.05,63.41,48.4,Medium
PROJ-618772,6L of Kumarajapet to Veera Kaveri Raja Puram from km 43.800 to km 61.380 of NH-716B Pkg-II,Roads & Highways,Ministry of Road Transport & Highways,Bihar,Muzaffarpur,NHAI,703.0,799.36,405.81,57,67,2021-02-10,2025-10-29,2026-09-15,100.0,50.77,Megha Engineering (MEIL),4,PPP,Not Started,Obtained,Not Required,Partial,Limited,5,2026-08-14,4.8,2,1,1,13.71,17.54,31.2,Low
PROJ-618631,6L of MH/KN Border Nimbal Village to KN/TS Border Singnodi Village from Km. 162.5 to Km. 203.100 in Raichur of NH-150C Pkg-IV,Roads & Highways,Ministry of Road Transport & Highways,Assam,Dibrugarh,NHAI,1500.0,1457.48,840.31,38,54,2022-03-16,2025-05-13,2026-08-31,100.0,56.02,IRCON International,4,PPP,Complete,Obtained,Obtained,Complete,Limited,4,2026-02-01,6.0,2,0,1,0.0,42.11,32.4,Low
PROJ-618630,6L of MH/KN Border Nimbal Village to KN/TS Border Singnodi Village from Km. 26.000 to Km. 97.000 in Gulbarga of NH-150C Pkg-II,Roads & Highways,Ministry of Road Transport & Highways,Mizoram,Aizawl,NHAI,2356.0,1923.3,1012.1,40,58,2022-02-24,2025-06-27,2026-12-31,81.0,42.96,Shapoorji Pallonji Co,3,Externally Aided,Complete,Obtained,Not Required,Partial,Open,4,2026-04-03,7.2,2,0,1,0.0,45.0,32.5,Low
PROJ-619211,6L of MH/KN Border Nimbal Village to KN/TS Border Singnodi Village from Km. 97.000 to Km. 162.500 in Yadgir of NH-150C Pkg-III,Roads & Highways,Ministry of Road Transport & Highways,Uttar Pradesh,Lucknow,NHAI,2105.0,2065.83,984.28,44,57,2022-03-04,2025-10-22,2026-11-30,74.0,46.76,GMR Infrastructure,1,PPP,Not Started,Pending,Not Required,Complete,Open,4,2026-04-02,6.7,2,0,1,0.0,29.55,27.9,Low
PROJ-619140,6L of Naidupeta Junction - Turpukanupur Section from km 57.046 to km 91.927,Roads & Highways,Ministry of Road Transport & Highways,Ladakh,Kargil,NHAI,1399.0,965.58,388.87,38,63,2022-08-10,2025-10-19,2027-10-31,54.0,27.8,Patel Engineering,1,State,Partial,Obtained,Not Required,Partial,Limited,4,2026-04-12,6.7,2,0,1,0.0,65.79,42.3,Medium
PROJ-619206,6L of Perole Nileshwar town to Taliparamba from Km 94.248 to Km 134.650 of NH-66,Roads & Highways,Ministry of Road Transport & Highways,Tripura,Dharmanagar,NHAI,3042.0,3867.66,2526.45,43,81,2020-06-19,2024-01-11,2027-03-31,87.0,65.32,Adani Infra Ltd,2,PPP,Not Started,Obtained,Pending,Complete,Single,4,2026-02-18,4.5,3,1,1,27.14,88.37,62.8,Medium
PROJ-618635,6L of Pondavakkam to Kannigaipair from km 96.040 to km 116.100 of NH 716B Pkg-IV,Roads & Highways,Ministry of Road Transport & Highways,Chhattisgarh,Rajnandgaon,NHAI,1360.0,1359.81,409.35,47,83,2021-02-10,2025-01-23,2027-12-31,45.0,30.1,KNR Constructions Ltd,3,Central,Complete,Pending,Pending,Partial,Limited,5,2026-03-15,5.3,0,0,1,0.0,76.6,45.5,Medium
PROJ-618599,6L of Ramanatukkara Junction to start of Valanchery bypass section of NH-66,Roads & Highways,Ministry of Road Transport & Highways,Goa,Vasco da Gama,NHAI,4919.0,4919.46,3765.27,42,67,2021-01-28,2024-07-19,2026-08-31,100.0,76.54,Ashoka Buildcon Ltd,2,State,Not Started,Obtained,Obtained,Not Started,Open,2,2026-02-16,5.0,3,0,1,0.01,59.52,43.7,Medium
PROJ-618596,6L of Taliparamba to Muzhappilangad from Km 134.650 to Km 170.6 of NH-66,Roads & Highways,Ministry of Road Transport & Highways,Kerala,Kochi,NHAI,2715.0,3557.65,2020.35,46,90,2020-08-03,2024-05-26,2028-01-31,84.0,56.79,PNC Infratech Ltd,3,State,Partial,Obtained,Not Required,Complete,Open,2,2026-03-13,4.4,2,1,1,31.04,95.65,59.3,Medium
PROJ-618602,6L of Thalikulam to Kodugallur section from km 369.015 to km 397.850 of NH - 66 old NH-17,Roads & Highways,Ministry of Road Transport & Highways,Goa,Panaji,NHAI,4302.0,4302.06,3312.68,44,72,2021-06-24,2025-02-14,2027-06-30,95.0,77.0,NCC Limited,3,Central,Not Started,Pending,Obtained,Complete,Single,1,2026-07-21,3.9,1,0,1,0.0,63.64,44.0,Medium
PROJ-618600,6L of Valanchery bypass to Kappirikkad of NH 66 from km. 298500 to km 335850,Roads & Highways,Ministry of Road Transport & Highways,Odisha,Rourkela,NHAI,4024.0,4023.94,2592.92,41,67,2021-02-10,2024-07-19,2026-08-31,100.0,64.44,Patel Engineering,1,PPP,Partial,Pending,Not Required,Partial,Open,3,2026-03-21,6.6,0,0,1,0.0,63.41,39.7,Medium
PROJ-618634,6L of Veera Kaveri Raja Puram to Pondavakkam from km 61.380 to km 96.040 of NH 716B Pkg-III,Roads & Highways,Ministry of Road Transport & Highways,Telangana,Warangal,NHAI,1440.0,1439.77,808.62,46,66,2021-03-31,2025-01-24,2026-09-15,99.0,56.15,KNR Constructions Ltd,4,Central,Complete,Pending,Obtained,Partial,Open,1,2026-01-14,4.2,2,0,1,0.0,43.48,32.1,Low
PROJ-618711,6L with access control provision Saharanpur bypass to Ganeshpur section from 13.89 Km to 41.820 Km of Delhi- Dehradun Economic Corridor package-2,Roads & Highways,Ministry of Road Transport & Highways,Uttarakhand,Dehradun,NHAI,797.0,560.03,508.43,30,52,2022-04-28,2024-11-03,2026-08-31,99.0,63.79,KNR Constructions Ltd,1,PPP,Not Started,Obtained,Pending,Complete,Limited,2,2026-07-24,6.6,1,0,1,0.0,73.33,43.7,Medium
PROJ-618564,6L with PS of Samakhiyali to Santalpur section from km. 339.700 to Km. 430.100 of NH-27,Roads & Highways,Ministry of Road Transport & Highways,Bihar,Bhagalpur,NHAI,1554.0,34.34,28.66,35,50,2023-01-17,2025-12-27,2027-03-31,65.0,1.84,IRB Infrastructure Developers,4,State,Not Started,Pending,Pending,Partial,Limited,1,2026-04-22,5.2,2,0,1,0.0,42.86,37.7,Medium
PROJ-619090,8L of Dwarka Expressway Pkg-II RuB near Dwarka Sector 21-DL/HR Border from 5.300 Km.to 9.500 Km. of NH-248BB,Roads & Highways,Ministry of Road Transport & Highways,Delhi,Dwarka,NHAI,2068.0,2670.22,2381.53,45,103,2018-01-18,2021-10-16,2026-08-31,100.0,89.19,Shapoorji Pallonji Co,3,Externally Aided,Complete,Obtained,Not Required,Partial,Open,5,2026-01-19,6.0,2,1,1,29.12,128.89,59.0,Medium
PROJ-619161,Access Controlled Highway of 4 Lane with Paved Shoulders from Tiruvallur Design Chainage Km 1756 to TN/AP Broder Design Chainage Km 6151 of NH-716 Chennai-Tirupati Package-1,Roads & Highways,Ministry of Road Transport & Highways,Tamil Nadu,Chennai,NHAI,1376.0,1247.7,181.78,34,37,2024-03-07,2026-12-27,2027-03-31,46.0,13.21,Hindustan Construction Company (HCC),0,Central,Complete,Obtained,Not Required,Complete,Limited,0,2026-06-17,8.7,1,0,0,0.0,8.82,8.0,Low
PROJ-618920,Access Controlled Highway of 4 Lane with Paved Shoulders from TN/AP Border Design Chainage Km 6151 to Puttur Design Chainage Km 81540 of NH-716 & 6 Lane with Paved Shoulders from Mallavaram to Renigunta,Roads & Highways,Ministry of Road Transport & Highways,Sikkim,Gangtok,NHAI,1347.0,1260.37,188.68,33,37,2024-03-11,2026-12-13,2027-03-31,42.0,14.01,Tata Projects Ltd,1,PPP,Complete,Obtained,Obtained,Partial,Open,0,2026-05-15,8.0,0,0,0,0.0,12.12,8.0,Low
PROJ-618505,Additional Structures on 6LGurgaon-Jaipur Section of NH-48 between KM 42.700 to KM 273.00,Roads & Highways,Ministry of Road Transport & Highways,Rajasthan,Jaipur,NHAI,410.0,290.64,200.31,23,49,2022-08-03,2024-06-25,2026-08-31,89.0,48.86,Afcons Infrastructure,2,PPP,Complete,Pending,Not Required,Partial,Open,2,2026-03-27,6.7,3,0,1,0.0,113.04,43.1,Medium
PROJ-618620,"Additional works 2VUPs, MR-10 junction flyover and underpass in Six lane Indore-Dewas section of NH-52 in the state of Madhya Pradesh on EPC Mode",Roads & Highways,Ministry of Road Transport & Highways,Madhya Pradesh,Indore,NHAI,208.0,211.27,150.59,23,56,2022-08-04,2024-07-17,2027-03-31,80.0,71.28,Shapoorji Pallonji Co,4,Central,Complete,Pending,Obtained,Partial,Open,2,2026-03-06,6.2,1,0,1,1.57,143.48,44.4,Medium
PROJ-618707,Additional works under BM1 to ensure road safety under 6L of Bengaluru Mysuru Access control with close toll from Km.17.300 to Km.136.300 of NH-275,Roads & Highways,Ministry of Road Transport & Highways,Karnataka,Bengaluru,NHAI,738.0,738.0,32.83,38,42,2024-11-08,2028-01-19,2028-05-16,13.0,4.45,KNR Constructions Ltd,0,Externally Aided,Complete,Obtained,Obtained,Complete,Open,0,2026-03-30,9.4,0,0,0,0.0,10.53,8.0,Low
PROJ-618503,Ahmedabad - Dholera Pkg III from km. 48.52 to km. 71.06 [Vejallka Village - Start of DSIR zone],Roads & Highways,Ministry of Road Transport & Highways,Gujarat,Ahmedabad,NHAI,1034.0,1155.41,1125.55,38,76,2020-05-05,2023-07-19,2026-08-31,100.0,97.42,Patel Engineering,1,Central,Complete,Pending,Obtained,Not Started,Single,3,2026-05-19,4.1,0,1,1,11.74,100.0,46.9,Medium
PROJ-618504,Ahmedabad - Dholera Pkg IV from km. 71.06 to km. 109.019 [Start of DSIR zone - Adhelai Village],Roads & Highways,Ministry of Road Transport & Highways,Gujarat,Ahmedabad,NHAI,1182.0,1358.73,1222.79,43,76,2020-05-05,2023-12-13,2026-08-31,98.0,90.0,NCC Limited,1,Externally Aided,Complete,Obtained,Obtained,Partial,Limited,3,2026-01-21,5.6,1,1,1,14.95,76.74,46.3,Medium
PROJ-618636,Akkalkot MH/KN border New Greenfield corridor from Km 512.000 to Km 548.400 of NH-150C part of Akkalkot KN/TS Border section Package XIV,Roads & Highways,Ministry of Road Transport & Highways,Haryana,Rohtak,NHAI,1371.0,1403.49,322.92,42,51,2023-03-28,2026-10-02,2027-06-30,58.0,23.01,KNR Constructions Ltd,4,PPP,Not Started,Obtained,Obtained,Partial,Open,2,2026-06-02,5.2,3,0,1,2.37,21.43,26.7,Low
PROJ-618795,Amritsar Bypass Pkg III from km. 71.496 to km. 105.158,Roads & Highways,Ministry of Road Transport & Highways,Punjab,Amritsar,NHAI,1475.0,1228.42,1222.67,43,71,2021-02-11,2024-08-30,2026-12-31,83.0,82.89,NCC Limited,1,Central,Not Started,Obtained,Pending,Not Started,Single,2,2026-04-04,5.6,0,0,1,0.0,65.12,43.5,Medium
PROJ-618794,Amritsarairport Junction - Ramdas from km. 100.835 to km. 139.813 Pkg - IV,Roads & Highways,Ministry of Road Transport & Highways,Chhattisgarh,Raipur,NHAI,525.0,416.58,395.48,33,69,2020-12-31,2023-09-17,2026-09-30,96.0,75.33,Adani Infra Ltd,4,Central,Partial,Obtained,Pending,Partial,Single,1,2026-06-02,5.6,3,0,1,0.0,109.09,46.9,Medium
PROJ-618775,Ara Bypass,Roads & Highways,Ministry of Road Transport & Highways,Madhya Pradesh,Sagar,NHAI,226.0,226.0,5.95,25,25,2025-03-19,2027-04-05,2027-04-05,26.0,2.63,Ashoka Buildcon Ltd,1,Central,Complete,Obtained,Obtained,Complete,Single,0,2026-07-06,8.1,0,0,0,0.0,0.0,8.0,Low
PROJ-617947,Arawali Kante section of NH-17New NH-66 4L PS from Km.241/300 to 281/300,Roads & Highways,Ministry of Road Transport & Highways,Arunachal Pradesh,Tawang,MoRTH,1007.0,1443.09,0.17,43,120,2016-03-31,2019-11-13,2026-03-31,80.0,0.01,Larsen & Toubro Ltd,3,PPP,Partial,Obtained,Obtained,Partial,Limited,1,2026-07-06,6.9,0,1,1,43.31,179.07,62.4,Medium
PROJ-618604,Aroor-Thuravoor Thekku,Roads & Highways,Ministry of Road Transport & Highways,Delhi,Dwarka,NHAI,2430.0,2382.83,1802.58,41,52,2022-08-18,2026-01-30,2026-12-07,92.0,74.18,Dilip Buildcon Ltd,3,PPP,Complete,Obtained,Obtained,Complete,Limited,2,2026-05-10,3.7,1,0,1,0.0,26.83,20.5,Low
PROJ-619152,Bakhtiyarpur Km 153.300 to Mokama Km 197.900,Roads & Highways,Ministry of Road Transport & Highways,Goa,North Goa,NHAI,1899.0,1898.84,1799.23,48,129,2015-12-01,2019-12-10,2026-08-31,100.0,94.75,IRB Infrastructure Developers,4,PPP,Complete,Pending,Obtained,Partial,Limited,1,2026-08-03,5.2,0,0,1,0.0,168.75,41.6,Medium
PROJ-618861,Bakhtiyarpur-Rajauli Pkg-II from km. 54.405 to km.101.630,Roads & Highways,Ministry of Road Transport & Highways,Arunachal Pradesh,Naharlagun,NHAI,897.0,1397.47,914.25,34,72,2020-09-09,2023-07-11,2026-08-31,98.0,65.42,Shapoorji Pallonji Co,4,Externally Aided,Complete,Obtained,Obtained,Complete,Open,5,2026-04-15,5.2,1,1,1,55.79,111.76,72.7,High
PROJ-618862,Bakhtiyarpur-Rajauli Pkg-III from km. 101.630 to km.152.520,Roads & Highways,Ministry of Road Transport & Highways,Uttar Pradesh,Varanasi,NHAI,2156.0,3046.61,1818.91,46,72,2020-09-09,2024-06-27,2026-08-31,99.0,59.7,Patel Engineering,3,PPP,Partial,Pending,Obtained,Complete,Limited,2,2026-04-05,4.4,0,1,1,41.31,56.52,58.8,Medium
PROJ-618637,Bal. Works of Fagne Km. 510.000 to Maharashtra/Gujarat Border Km. 650.794,Roads & Highways,Ministry of Road Transport & Highways,Maharashtra,Mumbai,NHAI,1654.0,1672.89,1447.76,33,84,2019-12-27,2022-09-18,2026-12-31,100.0,86.54,Dilip Buildcon Ltd,4,PPP,Complete,Obtained,Obtained,Complete,Open,4,2026-02-15,6.1,3,0,1,1.14,154.55,45.4,Medium
PROJ-619347,Balance Work Estimate of Rehabilitation and Up-gradation of NH- 43 from Km. 468.600 to Km. 531.250 Pathalgaon to kunkuri Section to two-lane with paved shoulder in the State of Chhattisgarh on SBD mode under NHO under Annual plan 2025-26,Roads & Highways,Ministry of Road Transport & Highways,Chhattisgarh,Raipur,MoRTH,201.0,201.0,0.0,27,27,2026-03-06,2028-06-07,2028-06-07,0.0,0.0,Larsen & Toubro Ltd,0,State,Complete,Obtained,Obtained,Complete,Limited,0,2026-03-09,9.6,0,0,0,0.0,0.0,8.0,Low
PROJ-618942,Balance work of 2L PS from Km 30.800 to Km 70.800 and 2L with Rigid Carriageway from Km 70.800 to km 84.120 of Khanapur- KA/GOA Border section of NH-4A,Roads & Highways,Ministry of Road Transport & Highways,Goa,North Goa,NHAI,227.0,149.44,110.31,28,62,2022-01-17,2024-05-21,2027-03-31,85.0,48.59,Tata Projects Ltd,3,PPP,Partial,Pending,Pending,Partial,Limited,3,2026-08-14,5.5,1,0,1,0.0,121.43,46.8,Medium
PROJ-619089,Balance work of 4L of NarimbangloJatinga Junction- Harangajoroad section from Km 0.000 to Km 49.230 of NH-27,Roads & Highways,Ministry of Road Transport & Highways,Jammu and Kashmir,Baramulla,NHAI,1910.0,2745.74,1393.08,46,53,2022-03-03,2026-01-15,2026-08-03,98.0,50.74,Larsen & Toubro Ltd,4,PPP,Complete,Pending,Not Required,Complete,Open,3,2026-05-18,4.3,2,1,1,43.76,15.22,41.7,Medium
PROJ-618594,Balance work of 4L Panvel to Indapur section of NH-66 Old NH- 17 from km 0.000 Panvel to km 42.300 Kasu,Roads & Highways,Ministry of Road Transport & Highways,Tripura,Dharmanagar,NHAI,330.0,196.87,184.17,22,45,2022-12-13,2024-10-22,2026-08-31,99.0,55.81,Adani Infra Ltd,3,PPP,Not Started,Obtained,Not Required,Not Started,Open,5,2026-05-08,4.0,3,0,1,0.0,104.55,50.7,Medium
PROJ-618592,"Balance work of 8 nos. of Elephant Underpasses EUPs, 1 no. of Vehicular Underpass VUP, 1 nos. of Light Vehicular Underpass LVUP, 1 nos. of Pedestrian Underpass PUP, 1 nos. of Foot Over Bridge FOB and A2 side approach of Jharpokharia Flyover at Km.215.270 in Baharagora-Singhara section of NH-49",Roads & Highways,Ministry of Road Transport & Highways,Maharashtra,Aurangabad,NHAI,321.0,244.85,55.3,31,49,2023-09-26,2026-05-02,2027-10-31,25.0,17.23,Hindustan Construction Company (HCC),2,Externally Aided,Complete,Pending,Not Required,Partial,Single,5,2026-06-10,5.1,0,0,1,0.0,58.06,38.1,Medium
PROJ-618296,Balance work of Construction of 2-lane with hard shoulder of Kohima - Jessami road on NH-29 old NH-150 from existing km 98.380 near Chizami vill. to km120.367 Nagaland/Manipur Border [Design km 95.700 to design km 117.200] [Design Length 21.500 km] in the state of Nagaland Under Bharatmala Pariyojna on EPC Mode Package-V under NHO,Roads & Highways,Ministry of Road Transport & Highways,Manipur,Imphal,NHIDCL,331.0,331.0,268.18,68,76,2020-03-30,2025-11-21,2026-07-31,98.0,81.02,NCC Limited,0,PPP,Complete,Obtained,Obtained,Complete,Single,0,2026-06-26,8.2,0,0,0,0.0,11.76,8.0,Low
PROJ-618009,Balance work of Construction of Ring Road for Raebareli City on eastern side of NH-24B Phase-1 on EPC mode.,Roads & Highways,Ministry of Road Transport & Highways,Uttar Pradesh,Gorakhpur,MoRTH,320.0,347.8,0.0,28,85,2019-12-10,2022-04-04,2026-12-31,95.0,0.0,Patel Engineering,4,State,Complete,Obtained,Not Required,Partial,Open,2,2026-07-21,4.4,0,0,1,8.69,203.57,45.1,Medium
PROJ-618031,Balance work of Construction of Two/Four lane with paved shoulder from Km 422.000 to 523.600 Chitradurga to Shivamogga of NH-13 in the state of Kanataka on EPC mode.,Roads & Highways,Ministry of Road Transport & Highways,Chhattisgarh,Raipur,MoRTH,517.0,517.0,121.75,60,68,2021-01-01,2025-12-30,2026-08-30,98.0,23.55,Larsen & Toubro Ltd,0,Externally Aided,Complete,Obtained,Obtained,Complete,Open,1,2026-08-06,9.0,0,0,0,0.0,13.33,8.0,Low
PROJ-617945,Balance work of NH-66 from design Km 84/00 to Km 87/100 Indapur Bypass and Km 91/600 to Km 99/100 Mangaon Bypass to four lane with paved shoulder in State of Maharashtra under NHO on EPC Mode.,Roads & Highways,Ministry of Road Transport & Highways,Maharashtra,Mumbai,MoRTH,354.0,354.0,0.0,25,25,2025-03-23,2027-04-08,2027-04-08,67.0,0.0,Adani Infra Ltd,1,State,Complete,Obtained,Obtained,Complete,Open,1,2026-03-26,7.5,0,0,0,0.0,0.0,8.0,Low
PROJ-618198,Balance work of Rehabilitation and Up-gradation to 2-lane road with paved shoulders configuration for NH- 965DD from Pacharal-Mandangad-Mhapral-Rajewadi Upto Junction of NH-66 Ch-22700 to 75100 Km and Ambadave connector Birth place of Dr. Babasaheb Ambedkar Ch-0000 to 7325 Km length Km 59.725 in the state of Maharashtra on EPC mode. Balance Work,Roads & Highways,Ministry of Road Transport & Highways,Maharashtra,Mumbai,MoRTH,389.0,341.69,170.26,69,101,2018-03-27,2024-01-04,2026-08-31,93.0,43.77,Dilip Buildcon Ltd,2,PPP,Not Started,Obtained,Not Required,Complete,Limited,5,2026-03-12,4.7,3,0,1,0.0,46.38,38.1,Medium
PROJ-618235,Balance work of Rehabilitation and Up-gradation to 4-Lane configuration of Ras-Beawar Section Km 00.000 to km 30.050 of NH-158 in the State of Rajasthan under Green National Highway Corridor Project GNHCP.,Roads & Highways,Ministry of Road Transport & Highways,Rajasthan,Jaipur,MoRTH,278.0,278.0,99.13,24,24,2025-01-10,2026-12-27,2026-12-27,56.0,35.66,Megha Engineering (MEIL),0,Externally Aided,Complete,Not Required,Obtained,Complete,Open,1,2026-02-24,9.3,1,0,0,0.0,0.0,8.0,Low
PROJ-618593,Balance work of Rehabilitation and Upgradation to four laning of Baharagora Singhara section of NH-49 from Km.229.727 to Km.238.990 Length 9.263 Km. including construction of five nos. of Elephant Underpasses EUP and fourteen nos. of Animal Underpasses AUP inside the buffer zone of Similipal Tiger Reserve Area in Bangriposi Ghat section in the State of Odisha on EPC Mode,Roads & Highways,Ministry of Road Transport & Highways,Odisha,Bhubaneswar,NHAI,263.0,163.07,13.82,32,32,2025-03-21,2027-11-22,2027-11-22,10.0,5.25,PNC Infratech Ltd,0,Central,Complete,Obtained,Obtained,Complete,Limited,0,2026-05-12,7.4,1,0,0,0.0,0.0,8.0,Low
PROJ-618507,"Balance work of Six Laning of Shamlaji-Motachiloda from Km. 401.200 to Km.494.410 section Design Chainage Km.447.385 to Km 540.595, Length- 93.210 Km of old NH-8 NH-48 in the state of Gujarat on single Percentage Item Rate Contract",Roads & Highways,Ministry of Road Transport & Highways,Gujarat,Ahmedabad,NHAI,467.0,501.48,577.62,12,27,2024-06-07,2025-06-06,2026-08-31,92.0,100.0,Hindustan Construction Company (HCC),4,State,Partial,Pending,Not Required,Not Started,Limited,2,2026-07-13,5.3,0,0,1,7.38,125.0,52.6,Medium
PROJ-618349,Balance work of Widening to 2 Two lane with hard shoulder of Churachandpur to Tuivai section of NH-102B from Design Chainage km 118850 to km 130000 Package-4A in the State of Manipur on EPC Mode,Roads & Highways,Ministry of Road Transport & Highways,Manipur,Churachandpur,NHIDCL,204.0,204.0,112.41,76,76,2020-04-27,2026-08-29,2026-08-29,26.0,55.1,Dilip Buildcon Ltd,0,State,Complete,Obtained,Obtained,Complete,Open,0,2026-01-23,8.6,1,0,0,0.0,0.0,10.9,Low
PROJ-618348,Balance work of Widening to 2 Two lane with hard shoulder of Churachandpur to Tuivai section of NH-102B from km 130.000 to km 141.029 Package-4B in the State of Manipur on EPC Mode,Roads & Highways,Ministry of Road Transport & Highways,Manipur,Churachandpur,NHIDCL,178.0,178.0,97.93,77,77,2020-06-15,2026-11-07,2026-11-07,9.0,55.02,Hindustan Construction Company (HCC),0,Central,Partial,Obtained,Not Required,Complete,Open,0,2026-01-15,7.6,1,0,0,0.0,0.0,18.6,Low
PROJ-619321,Balance work of widening to two laning/re-alignment and geometric improvement from Km. 11000 to Km. 114618 with rectification of damaged stretches and provision of protection works in vulnerable location of NH-44 in the State of Mizoram.,Roads & Highways,Ministry of Road Transport & Highways,Mizoram,Aizawl,MoRTH,171.0,171.0,0.0,31,31,2025-10-08,2028-05-12,2028-05-12,2.0,0.0,Ashoka Buildcon Ltd,0,Central,Complete,Obtained,Obtained,Complete,Open,1,2026-07-13,9.5,0,0,0,0.0,0.0,8.0,Low
PROJ-618898,Balance Works for Four laning of Vikravandi to Sethiyathope section from Km 0.0 to Km 65.96 of NH-45C in Tamil Nadu under NHDP Phase-IV on EPC mode,Roads & Highways,Ministry of Road Transport & Highways,Tamil Nadu,Chennai,NHAI,1163.0,834.46,264.13,29,29,2025-01-22,2027-06-24,2027-06-24,38.0,22.71,KNR Constructions Ltd,1,Central,Complete,Obtained,Not Required,Complete,Limited,0,2026-06-07,9.2,1,0,0,0.0,0.0,8.0,Low
PROJ-618522,Balance Works for six laning of Sriperumbudur to karaipettai section of NH-4 New NH-48 from 37000 Existing Km 37000 to Km 71015 Existing Km 71000 in Tamilnadu on EPC mode underNHDP Phase-V,Roads & Highways,Ministry of Road Transport & Highways,Uttarakhand,Dehradun,NHAI,411.0,411.16,134.65,29,34,2024-06-07,2026-10-27,2027-03-31,38.0,32.75,PNC Infratech Ltd,3,Externally Aided,Partial,Obtained,Not Required,Not Started,Open,3,2026-02-26,5.2,1,0,1,0.04,17.24,20.2,Low
PROJ-619160,Balance works in AP Portion and punch list items in TN & AP portion of NH-205,Roads & Highways,Ministry of Road Transport & Highways,Kerala,Thrissur,NHAI,167.0,113.46,98.52,27,39,2022-10-06,2025-01-04,2026-01-05,100.0,58.99,KNR Constructions Ltd,1,PPP,Not Started,Obtained,Pending,Partial,Limited,4,2026-05-11,7.1,3,0,1,0.0,44.44,36.6,Medium
PROJ-618784,Balance works of 4 lane divided carriageway of Missing Link section of NH-39 Rewa Bypass from junction with NH 30 near Bela to Junction with MPRDC ring road near Silpara on SH 9 design length 13.100 km on EPC Mode under Bharatmala Pariyojana in the State of Madhya Pradesh,Roads & Highways,Ministry of Road Transport & Highways,Madhya Pradesh,Rewa,NHAI,355.0,355.36,253.13,32,42,2023-08-16,2026-04-23,2027-01-31,84.0,71.23,IRB Infrastructure Developers,4,Central,Partial,Obtained,Obtained,Complete,Open,3,2026-07-01,6.0,0,0,1,0.1,31.25,25.9,Low
PROJ-618574,Balance Works of 4L of NH-31D from Km. 113.200 to Km. 154.854 Package-II A Ghoshpukur-Salsalabari Section,Roads & Highways,Ministry of Road Transport & Highways,Meghalaya,Tura,NHAI,1818.0,962.31,461.0,43,43,2023-11-14,2027-06-01,2027-06-01,61.0,25.36,NCC Limited,0,Central,Complete,Obtained,Obtained,Complete,Open,0,2026-04-21,7.8,0,0,0,0.0,0.0,8.0,Low
PROJ-619222,"Balance works of four lane from km 43.950 Thiruvallur Bypass to km 61.470 Veppampattu Bypass passing through Thannerkulam, Thozur and Sevapet Bypass 17.520 kms of Tirupathi- Tiruttani- Chennai section of NH 205",Roads & Highways,Ministry of Road Transport & Highways,Tamil Nadu,Chennai,NHAI,468.0,699.68,595.08,30,53,2022-03-08,2024-09-20,2026-08-15,98.0,85.05,IRCON International,1,State,Not Started,Obtained,Pending,Complete,Open,2,2026-01-05,6.8,2,1,1,49.5,76.67,69.8,High
PROJ-619039,"Balance Works of Rehabilitation and Up gradation of NH-43 New NH-30 from Krn 162120 to Krn 173500 Length 11.380 Km. Keshkal Bypass 4-Lane with Paved shoulder in the State Of Chhattisgarh under NHDP-IV through Engineering, Procurement & Construction EPC Basis",Roads & Highways,Ministry of Road Transport & Highways,Chhattisgarh,Raipur,MoRTH,308.0,308.0,0.0,36,36,2025-06-16,2028-06-10,2028-06-10,0.0,0.0,PNC Infratech Ltd,0,Externally Aided,Complete,Obtained,Obtained,Complete,Single,0,2026-07-16,7.7,0,0,0,0.0,0.0,8.0,Low
PROJ-619199,Bangalore Chennai Expressway Phase-II Pkg-I from km.71.000 to Km 96.000 Bethamangala in the state of Karnataka to Byreddypalli,Roads & Highways,Ministry of Road Transport & Highways,Karnataka,Bengaluru,NHAI,1410.0,1410.01,744.42,46,69,2020-12-04,2024-10-09,2026-09-15,99.0,52.8,Afcons Infrastructure,2,Externally Aided,Complete,Obtained,Pending,Complete,Open,2,2026-05-06,5.1,3,0,1,0.0,50.0,34.7,Low
PROJ-618475,Bangalore Chennai Expressway Phase-II Pkg-II from km.96.000 to Km 127.000 Baireddypalle to Bangarupalem section,Roads & Highways,Ministry of Road Transport & Highways,Tamil Nadu,Chennai,NHAI,2548.0,2548.04,1332.41,52,68,2021-02-19,2025-06-07,2026-10-30,94.0,52.29,Shapoorji Pallonji Co,4,Central,Complete,Pending,Pending,Partial,Open,2,2026-03-17,5.6,1,0,1,0.0,30.77,27.2,Low
PROJ-618476,Bangalore Chennai Expressway Phase-II Pkg-III from km.127.000 to Km 156.000 Bangarupalem to Gudipala section,Roads & Highways,Ministry of Road Transport & Highways,Tamil Nadu,Chennai,NHAI,1407.0,1407.33,868.62,46,69,2020-11-23,2024-10-03,2026-08-31,99.0,61.72,GMR Infrastructure,1,Externally Aided,Complete,Pending,Pending,Not Started,Open,2,2026-02-18,4.6,3,0,1,0.02,50.0,36.7,Medium
PROJ-618477,Bangalore Chennai Expressway Phase-III Package I Gudipala to Walajajhpet from Km 156.000 to Km 180.000,Roads & Highways,Ministry of Road Transport & Highways,Tamil Nadu,Chennai,NHAI,1482.0,1481.87,746.74,43,70,2020-10-21,2024-05-28,2026-08-31,99.0,50.39,Larsen & Toubro Ltd,1,Externally Aided,Complete,Obtained,Pending,Partial,Single,3,2026-04-06,5.5,2,0,1,0.0,62.79,39.6,Medium
PROJ-618478,Bangalore Chennai Expressway Phase-III Package II Walajahpet to Arakkonam from Km 180.000 to Km 204.500,Roads & Highways,Ministry of Road Transport & Highways,Tamil Nadu,Chennai,NHAI,1107.0,1106.65,593.0,42,68,2021-01-08,2024-07-14,2026-08-31,93.0,53.57,Tata Projects Ltd,2,PPP,Complete,Obtained,Not Required,Not Started,Limited,3,2026-06-28,4.9,0,0,1,0.0,61.9,38.3,Medium
PROJ-618479,Bangalore Chennai Expressway Phase-III Package III Arakkonam to Kancheepuram from Km 204.500 to Km 230.000,Roads & Highways,Ministry of Road Transport & Highways,Tamil Nadu,Chennai,NHAI,1525.0,1525.1,360.95,44,85,2020-12-08,2024-07-29,2027-12-31,54.0,23.67,Ashoka Buildcon Ltd,4,PPP,Partial,Pending,Obtained,Partial,Single,3,2026-03-10,5.5,0,0,1,0.01,93.18,45.4,Medium
PROJ-618519,Bangalore Ring Road STRR-NH-948A- Package-I of Phase-III from Belagondapalli TN to TN/KNT border from km 144.480 to 179.969,Roads & Highways,Ministry of Road Transport & Highways,Madhya Pradesh,Ujjain,NHAI,1261.0,1218.47,777.0,38,58,2022-03-16,2025-05-16,2026-12-31,93.0,61.62,Adani Infra Ltd,4,Central,Partial,Obtained,Pending,Partial,Open,1,2026-08-04,5.1,0,0,1,0.0,52.63,36.5,Medium
PROJ-618706,Bangalore-Nidagatta Pkg. I,Roads & Highways,Ministry of Road Transport & Highways,Tamil Nadu,Coimbatore,NHAI,3496.0,4087.42,4315.21,45,104,2018-02-13,2021-11-09,2026-09-30,99.0,100.0,Hindustan Construction Company (HCC),1,Central,Complete,Pending,Obtained,Partial,Single,4,2026-06-17,4.5,0,1,1,16.92,131.11,49.1,Medium
PROJ-619072,Bangalore/TN border to Hoskote,Roads & Highways,Ministry of Road Transport & Highways,Bihar,Bhagalpur,NHAI,1182.0,1297.76,1153.14,36,57,2022-02-14,2025-02-14,2026-11-30,95.0,88.86,NCC Limited,3,Externally Aided,Not Started,Pending,Pending,Complete,Open,1,2026-03-24,4.2,1,0,1,9.79,58.33,47.9,Medium
PROJ-618863,Barhi-Koderma Section of NH31 km 0.00 - km 27.5,Roads & Highways,Ministry of Road Transport & Highways,West Bengal,Asansol,NHAI,662.0,826.59,825.2,89,114,2017-02-27,2024-08-03,2026-08-31,98.0,99.83,Hindustan Construction Company (HCC),2,PPP,Not Started,Obtained,Not Required,Partial,Single,3,2026-01-28,4.1,1,1,1,24.86,28.09,38.0,Medium
PROJ-618533,Barwa Adda Km. 398.240 to Panagarh Km. 521.120,Roads & Highways,Ministry of Road Transport & Highways,Ladakh,Leh,NHAI,1560.0,1568.22,1694.94,73,192,2010-08-17,2016-09-26,2026-08-31,100.0,100.0,Hindustan Construction Company (HCC),3,Central,Complete,Obtained,Obtained,Partial,Open,3,2026-07-09,4.8,0,0,1,0.53,163.01,40.6,Medium
PROJ-618799,Belakeri Port to Kumta - Sirsi road from km 0.00 - km 4.265 of Belekeri Port Road Link Rd. and km 4.965 - km 60.00 of SH-69,Roads & Highways,Ministry of Road Transport & Highways,Gujarat,Gandhinagar,NHAI,440.0,456.79,471.12,56,104,2018-03-27,2022-12-07,2026-11-30,95.0,100.0,IRCON International,4,Externally Aided,Partial,Pending,Obtained,Not Started,Open,4,2026-01-25,5.2,3,0,1,3.82,85.71,53.8,Medium
PROJ-619164,Belgaum-Khanapur Pkg I Km 0.000-Km 30.800 of NH-4A,Roads & Highways,Ministry of Road Transport & Highways,Uttarakhand,Pantnagar,NHAI,1214.0,1195.74,917.82,42,109,2018-03-04,2021-09-02,2027-03-31,76.0,75.6,Dilip Buildcon Ltd,1,State,Complete,Obtained,Not Required,Complete,Open,2,2026-03-22,4.2,1,0,1,0.0,159.52,37.9,Medium
PROJ-617908,Bemetara Bypass NH 30,Roads & Highways,Ministry of Road Transport & Highways,Rajasthan,Bikaner,MoRTH,162.0,162.0,0.0,40,40,2024-01-08,2027-04-28,2027-04-28,42.0,0.0,PNC Infratech Ltd,0,Central,Complete,Obtained,Obtained,Complete,Open,0,2026-05-15,9.2,0,0,0,0.0,0.0,8.0,Low
PROJ-618664,Berkhedi to Godpehra on NH-44 Sagar link road,Roads & Highways,Ministry of Road Transport & Highways,Madhya Pradesh,Sagar,NHAI,525.0,471.31,385.98,33,59,2022-02-03,2024-11-03,2026-12-31,93.0,73.52,KNR Constructions Ltd,2,Central,Partial,Pending,Not Required,Complete,Open,3,2026-06-06,7.1,1,0,1,0.0,78.79,43.8,Medium
PROJ-618523,Bhadrak KM 136.500 to Baleshwar KM 199.141,Roads & Highways,Ministry of Road Transport & Highways,Bihar,Muzaffarpur,NHAI,845.0,1394.82,783.98,82,144,2014-11-27,2021-09-15,2026-11-30,91.0,56.21,NCC Limited,4,PPP,Complete,Pending,Pending,Complete,Limited,4,2026-07-29,5.5,1,1,1,65.07,75.61,79.8,High
PROJ-618925,Bijnor-Kotawali,Roads & Highways,Ministry of Road Transport & Highways,Nagaland,Mokokchung,NHAI,301.0,334.48,299.77,26,66,2021-02-25,2023-05-02,2026-08-15,99.0,89.62,Megha Engineering (MEIL),2,Central,Complete,Pending,Obtained,Complete,Limited,4,2026-06-24,6.8,3,1,1,11.12,153.85,50.5,Medium
PROJ-618572,Binnaguri Bypass-Descoped portion of Ghoshpukur-Dhupguri Section of NH-31Dpkg-1,Roads & Highways,Ministry of Road Transport & Highways,Nagaland,Mokokchung,NHAI,310.0,306.02,4.77,32,32,2025-03-21,2027-11-06,2027-11-06,4.0,1.54,Afcons Infrastructure,0,Externally Aided,Complete,Obtained,Not Required,Complete,Open,1,2026-01-03,9.4,0,0,0,0.0,0.0,8.0,Low
PROJ-618693,Bodhre - Dhule,Roads & Highways,Ministry of Road Transport & Highways,Chhattisgarh,Rajnandgaon,NHAI,1345.0,1292.7,837.67,42,67,2021-02-03,2024-07-27,2026-08-31,98.0,62.28,Ashoka Buildcon Ltd,1,Central,Partial,Obtained,Obtained,Partial,Single,2,2026-03-11,5.9,1,0,1,0.0,59.52,36.3,Medium
PROJ-618825,Bridge over Ganga River at d/s of Farraka Barrage including Approaches connecting Farakka-Raiganj,Roads & Highways,Ministry of Road Transport & Highways,Tamil Nadu,Coimbatore,NHAI,622.0,646.1,628.08,40,98,2018-08-09,2021-12-18,2026-09-30,97.0,97.21,IRB Infrastructure Developers,2,Central,Complete,Pending,Pending,Complete,Limited,3,2026-01-23,5.7,3,0,1,3.87,145.0,47.7,Medium
PROJ-619150,BRT Tiger Reserve Boundary Km.287.500 to Bangalore Section Km.458.420 of NH-209 in Karnataka,Roads & Highways,Ministry of Road Transport & Highways,Karnataka,Bengaluru,NHAI,2083.0,2859.93,2242.71,40,126,2016-04-07,2019-08-20,2026-09-30,100.0,78.42,Megha Engineering (MEIL),3,State,Partial,Obtained,Not Required,Not Started,Open,4,2026-07-26,5.2,2,1,1,37.3,215.0,66.0,High
PROJ-618619,Bypass on Western side of Gwalior City,Roads & Highways,Ministry of Road Transport & Highways,Madhya Pradesh,Gwalior,NHAI,999.0,999.0,195.31,33,33,2025-03-30,2028-01-12,2028-01-12,0.0,19.55,KNR Constructions Ltd,1,Externally Aided,Complete,Obtained,Obtained,Partial,Open,0,2026-07-19,9.2,0,0,0,0.0,0.0,8.0,Low
PROJ-619043,Capacity Augmentation in the stretch of DhulePimpalgaon section of NH60 Km. 261.720 to Km. 380.000 by Construction of Slip/Service Road on either side at various locations total length 30.30 Km LHSRHS and Flyover 2 x 30m at Sawadgaon Phata Km. 310.415,Roads & Highways,Ministry of Road Transport & Highways,Bihar,Bhagalpur,NHAI,342.0,342.0,10.9,10,22,2025-12-09,2026-10-17,2027-10-16,5.0,3.19,Hindustan Construction Company (HCC),1,Central,Not Started,Pending,Obtained,Not Started,Limited,4,2026-01-29,6.0,2,0,1,0.0,120.0,48.3,Medium
PROJ-619204,"Capacity Augmentation in the stretch of Pimpri Sado Vadape section of NH848 Km. 460900 to Km. 537000 by Construction of Slip/Service Road on either side at various locations total length 25.140 Km LHSRHS, Flyover 2 x 25m at Borivali Junction Km. 528550 & LVUP 1 x 15m at Sherekarpada Km. 528800",Roads & Highways,Ministry of Road Transport & Highways,Bihar,Patna,NHAI,372.0,372.0,1.5,23,23,2025-12-09,2027-10-27,2027-10-27,1.0,0.4,IRCON International,0,State,Complete,Obtained,Not Required,Complete,Open,0,2026-02-26,9.4,0,0,0,0.0,0.0,8.0,Low
PROJ-619086,Chengapalli km 102.035 to Neelambur Km144.680 and Madukkarai Km 170.880 to Walayar K183.010 Package No. NS-2/BOT/TN-08,Roads & Highways,Ministry of Road Transport & Highways,Gujarat,Dholera,NHAI,1247.0,285.55,7.24,41,204,2009-10-18,2013-03-07,2026-10-30,100.0,0.58,Hindustan Construction Company (HCC),2,Externally Aided,Complete,Pending,Not Required,Not Started,Open,5,2026-02-28,6.7,2,0,1,0.0,397.56,46.4,Medium
PROJ-618209,Construction & up gradation of existing road to 2-Lane with paved shoulder from existing chainage km 468000 to km 489350 Design Chainage km 465150 to km 471500 of NH-07 Old NH-58 including Joshimath bypass on EPC mode in the state of Uttarakhand Length 6.35 km,Roads & Highways,Ministry of Road Transport & Highways,Uttarakhand,Dehradun,MoRTH,259.0,259.0,0.0,42,65,2022-03-15,2025-09-13,2027-08-27,37.0,0.0,Ashoka Buildcon Ltd,1,PPP,Not Started,Pending,Obtained,Not Started,Open,3,2026-04-10,5.6,2,0,1,0.0,54.76,41.4,Medium
PROJ-618449,Construction & Upgradation of existing road to 2-lane with paved shoulder from km27.200 End of Rongli bypass to km37.600New Rolep Bridge of Rhenok-Menla spur NH-717B on EPC Mode under SARDP-NE Phase-A in Sikkim Pkg-II B,Roads & Highways,Ministry of Road Transport & Highways,Sikkim,Gangtok,NHIDCL,230.0,244.91,249.71,33,75,2020-07-09,2023-04-15,2026-09-30,86.0,100.0,Ashoka Buildcon Ltd,1,State,Not Started,Pending,Not Required,Partial,Open,4,2026-04-21,4.0,3,0,1,6.48,127.27,55.7,Medium
PROJ-618446,Construction & Upgradation of existing road to 2-lane with paved shoulder from New Rolep Bridge at km 37.600 to Chochenpheri at km 52.00 in the section of Rongli to Chochenpheri of NH 717B Pkg-II C,Roads & Highways,Ministry of Road Transport & Highways,Kerala,Thrissur,NHIDCL,493.0,478.79,395.19,43,72,2020-10-07,2024-05-23,2026-09-30,79.0,80.16,Shapoorji Pallonji Co,1,Externally Aided,Complete,Obtained,Obtained,Partial,Limited,1,2026-07-27,6.5,2,0,1,0.0,67.44,38.5,Medium
PROJ-618427,Construction & upgradation of existing road to 2-lane with paved shoulder including geometric improvement of Kafer- Lava More section from km 40.00 to km 61.100 of NH717-A on EPC under SARDP-NE A in state of West Bengal Pkg-VA,Roads & Highways,Ministry of Road Transport & Highways,West Bengal,Kolkata,NHIDCL,311.0,273.78,268.2,33,78,2020-06-25,2023-04-05,2026-12-31,96.0,86.24,Shapoorji Pallonji Co,2,State,Not Started,Pending,Pending,Not Started,Open,4,2026-04-16,6.0,0,0,1,0.0,136.36,49.1,Medium
PROJ-618429,Construction & upgradation of existing road to 2-lane with paved shoulder including geometric improvement of sect. from Pedong bypass to Reshi Border km 79.700 to km 96.254 of NH-717A under SARDP-NE-A on EPC as part of Alternate connectivity to Gangtok Lava More-Reshi Border Pkg-VB,Roads & Highways,Ministry of Road Transport & Highways,Sikkim,Gangtok,NHIDCL,345.0,395.59,418.73,22,74,2020-06-29,2022-04-17,2026-08-31,97.0,100.0,GMR Infrastructure,1,Externally Aided,Partial,Pending,Obtained,Not Started,Open,2,2026-02-05,3.9,2,1,1,14.66,236.36,52.7,Medium
PROJ-618395,"Construction & Upgradation to 2-lane with paved shoulder from Design Ch. Km 51700 at Premnagar km 66315 to Km 66535 New Thatri at Start of Km 83rd, Tunnel Km 82665 of 14.835 Km design length on Chenani-Sudhmahadev-Goha Khellani-Kishtwar-Vailoo Donipawa-Ashajipora section of NH-244 in the UT of J&K on EPC Mode under NHO-Gen Pkg - 2",Roads & Highways,Ministry of Road Transport & Highways,Tamil Nadu,Chennai,NHIDCL,512.0,512.0,164.66,23,67,2021-03-30,2023-02-24,2026-10-31,53.0,32.16,Ashoka Buildcon Ltd,2,PPP,Partial,Pending,Not Required,Not Started,Limited,5,2026-06-12,5.0,1,0,1,0.0,191.3,47.3,Medium
PROJ-618400,Construction & Upgradation to 2-lane with paved shoulder from Design Km 67.805 at the end of Km 83rd Tunnel near Dhrabshalla Ex. Km 83905 to Km 80.675 start of Kishtwar Bypass - Dulhasti Ex. Km 970751 of 12.870 Km length on chenani-Sudhmahadev-Goha Khellani-Kishtwar-vailoo-Donipawa-Ashajipora seition of NH-244 in the UT of J&K on EPC Mode under NHO-Gen Pkg-3,Roads & Highways,Ministry of Road Transport & Highways,Tripura,Dharmanagar,NHIDCL,399.0,399.0,120.09,21,53,2021-03-30,2022-12-31,2025-08-31,99.0,30.1,IRCON International,1,Central,Not Started,Pending,Not Required,Partial,Single,5,2026-06-12,5.8,0,0,1,0.0,152.38,45.3,Medium
PROJ-617968,Construction & Widening Including Augustmuni Bypass Ch-16.545 to Ch - 19.890 to 2L/PS from Km 16.545-Km 33.130 & 45.980 -57.975 Augustmuni to Kund & Guptkashi to Sitapur on NH 109 in UK,Roads & Highways,Ministry of Road Transport & Highways,Punjab,Patiala,MoRTH,419.0,419.0,426.18,35,84,2017-03-20,2020-02-16,2024-03-15,95.0,100.0,Afcons Infrastructure,4,State,Partial,Pending,Pending,Complete,Single,2,2026-01-29,4.1,3,0,1,0.0,140.0,51.2,Medium
PROJ-618289,Construction and up gradation to 4-Lane of existing two lane with paved shoulder from Hapachara to Tulungia road of NH-117 of existing Km 0.00 to km 14.050 and Design Km 0.000 to km 14.660 under BMP on EPC mode,Roads & Highways,Ministry of Road Transport & Highways,Maharashtra,Nagpur,NHIDCL,225.0,225.0,209.95,33,72,2020-03-17,2022-12-26,2026-03-31,98.0,93.31,IRCON International,3,State,Not Started,Pending,Obtained,Partial,Open,3,2026-07-23,5.8,0,0,1,0.0,118.18,46.2,Medium
PROJ-618393,"Construction for Mitigation Measures of 10 Nos. Landslides, 01 No. Sinking Zones and 1 No. of Minor Bridge in between at Ch. Km 368.00 to Km 433.00 on NH-07 on EPC Mode in Uttarakhand Package-1",Roads & Highways,Ministry of Road Transport & Highways,Uttarakhand,Dehradun,NHIDCL,217.0,217.0,117.83,24,24,2023-12-07,2025-12-05,2024-02-29,100.0,54.3,IRCON International,1,Central,Complete,Obtained,Obtained,Complete,Open,0,2026-01-10,8.4,1,0,0,0.0,0.0,8.0,Low
PROJ-618391,"Construction for Mitigation Measures of 5 Nos. Landslides, 05 No. Sinking Zones and 01 No. Bridge from Ch. 450.00 to Ch. 468.00 18 Km. Length on NH-07 Package-III",Roads & Highways,Ministry of Road Transport & Highways,Arunachal Pradesh,Tawang,NHIDCL,250.0,250.0,100.93,24,39,2023-12-07,2025-12-05,2027-02-24,88.0,40.37,Larsen & Toubro Ltd,4,State,Partial,Pending,Obtained,Not Started,Limited,2,2026-06-18,3.8,3,0,1,0.0,62.5,47.4,Medium
PROJ-618392,"Construction for Mitigation Measures of 5 Nos. Landslides, 5 Nos. Sinking Zones in between Ch. 433.00 to 450.00 BANERPANI VILLAGE on NH-07 on EPC mode in the state of Uttarakhand Package-2",Roads & Highways,Ministry of Road Transport & Highways,Uttarakhand,Dehradun,NHIDCL,260.0,260.0,0.0,30,38,2023-12-07,2026-06-08,2027-01-31,68.0,0.0,Afcons Infrastructure,3,Central,Complete,Obtained,Pending,Complete,Open,2,2026-04-30,5.6,1,0,1,0.0,26.67,22.1,Low
PROJ-617923,Construction of Daspalla Bypass from km 195.250 To 200.635 of NH-57 including land acquisition in the state of Odisha on EPC mode under Annual Plan 2022-23.,Roads & Highways,Ministry of Road Transport & Highways,Odisha,Bhubaneswar,MoRTH,156.0,156.0,53.05,51,51,2023-02-28,2027-05-16,2027-05-16,25.0,34.01,Patel Engineering,1,Central,Complete,Obtained,Not Required,Complete,Limited,0,2026-05-07,8.9,0,0,0,0.0,0.0,8.0,Low
PROJ-618356,Construction of 2 -Lane with paved shoulders road from Tamenglong to Mahur in the state of Manipur from km 31.430 at Old Tamenglong to km 43.480 ending near Phelong on EPC Mode Package-3,Roads & Highways,Ministry of Road Transport & Highways,Manipur,Imphal,NHIDCL,234.0,234.0,201.13,21,61,2021-03-30,2022-12-20,2026-04-15,98.0,85.95,IRCON International,4,Externally Aided,Complete,Pending,Not Required,Not Started,Open,1,2026-02-21,6.5,0,0,1,0.0,190.48,43.2,Medium
PROJ-618357,Construction of 2 -Lane with paved shoulders road from Tamenglong to Mahur NH-137 in Manipur starting from km 54.180 near Azuram to km 80.630 near Mandeu on EPC Mode Package 5,Roads & Highways,Ministry of Road Transport & Highways,Manipur,Imphal,NHIDCL,478.0,478.0,330.13,20,53,2021-09-09,2023-05-19,2026-01-31,85.0,69.06,Ashoka Buildcon Ltd,1,Central,Partial,Pending,Obtained,Partial,Single,5,2026-03-06,6.9,0,0,1,0.0,165.0,43.1,Medium
PROJ-618358,Construction of 2 -Lane with paved shoulders road from Tamenglong to Mahur NH-137 starting from km 80.630 near Mandeu to km 96.870 near Jiri River on EPC Mode Package-6,Roads & Highways,Ministry of Road Transport & Highways,Sikkim,Gangtok,NHIDCL,311.0,311.0,231.08,20,52,2021-09-13,2023-05-20,2025-12-31,87.0,74.3,KNR Constructions Ltd,2,Central,Partial,Obtained,Not Required,Complete,Open,5,2026-03-04,3.7,2,0,1,0.0,160.0,45.0,Medium
PROJ-618034,Construction of 2 lane Barpeta Bypass from Km 77900Baradi to Km 86150 Deurikuchi Length8.25Km on NH-427 in the state of Assam under EPC ModeJob No.427/AS/2022-23/245,Roads & Highways,Ministry of Road Transport & Highways,Assam,Guwahati,MoRTH,174.0,174.0,11.38,41,41,2023-03-28,2026-08-14,2026-08-13,20.0,6.54,IRCON International,0,Central,Complete,Obtained,Obtained,Complete,Single,0,2026-02-22,8.5,0,0,0,0.0,0.0,8.0,Low
PROJ-618160,"Construction of 2 lane Major Bridge including approaches over Brahmaputra between Majuli on North Bank and Jorhat on South Bank from km. 11.690 to km. 19.715 length of bridge 6,812.5m Package - II on NH-715K in the state of Assam Job no. 715/AS/2020-21/213",Roads & Highways,Ministry of Road Transport & Highways,Assam,Jorhat,MoRTH,1019.0,1019.0,0.0,32,32,2025-03-29,2027-12-10,2027-12-10,3.0,0.0,Ashoka Buildcon Ltd,0,Central,Complete,Obtained,Obtained,Complete,Open,0,2026-03-20,9.4,0,0,0,0.0,0.0,8.0,Low
PROJ-618200,Construction of 2 lane with Paved Shoulder for Northern Bypass Phase-II of Kota city in the State of Rajasthan.,Roads & Highways,Ministry of Road Transport & Highways,Rajasthan,Kota,MoRTH,318.0,318.0,6.14,36,56,2022-03-31,2025-04-14,2026-11-30,50.0,1.93,PNC Infratech Ltd,4,Central,Complete,Pending,Not Required,Complete,Open,2,2026-02-20,4.3,0,0,1,0.0,55.56,36.9,Medium
PROJ-618011,Construction of 2 lane with paved shoulder for the work of Development of remaining sections of NH-325 Balotra to sanderao via Jalore to 2 lane with paved shoulder configuration by Construction of Byasses for town portions1 Asotra- Brahmdham bypass 2Siwana Bypass 3 Mokalsar Bypass 4 Major realignment at Kathadi 5 Major realignment at Bishangarh 6 Jalore Bypass 7 Ahore Town portion 8 Dujana Bypass in the state of Rajasthan on EPC Mode,Roads & Highways,Ministry of Road Transport & Highways,Rajasthan,Jaipur,MoRTH,411.0,411.0,85.69,29,59,2021-12-07,2024-05-11,2026-10-31,93.0,20.85,IRB Infrastructure Developers,4,Externally Aided,Partial,Obtained,Not Required,Partial,Open,5,2026-06-04,4.8,1,0,1,0.0,103.45,46.6,Medium
PROJ-618184,Construction of 2 Lane with paved shoulder from km 55.6 to km 90.7 existing chainages of NH-766C complete Realignment of 13.76 km with 2 major Bridges across Sharavathi Backwaters on EPC mode under Annual Plan 2022-23 in the state of Karnataka NH-766C-KNT-2022-23 dated 14.10.2022,Roads & Highways,Ministry of Road Transport & Highways,Karnataka,Bengaluru,MoRTH,314.0,314.0,160.08,37,59,2023-01-12,2026-02-12,2027-12-21,65.0,50.98,Larsen & Toubro Ltd,2,Central,Complete,Obtained,Obtained,Complete,Single,2,2026-06-07,6.9,2,0,1,0.0,59.46,36.7,Medium
PROJ-617929,Construction of 2 lane with paved shoulder of Kund Bypass from Design Km 35.130 to Km 47.700 existing Km 33.130 to Km 41.260 of NH-109 in the State of Uttarakhand,Roads & Highways,Ministry of Road Transport & Highways,Uttarakhand,Dehradun,MoRTH,247.0,247.0,114.6,26,106,2018-02-26,2020-05-06,2026-12-31,74.0,46.4,Afcons Infrastructure,3,Central,Partial,Pending,Obtained,Not Started,Open,4,2026-05-26,7.2,3,0,1,0.0,307.69,50.0,Medium
PROJ-618420,"Construction of 2 lane with paved shoulder of Shillong Western Bypass starting from NH-06 near Ladumsaw existing km 60.900 of old NH-40 to NH-106 old NH-44E, Package-II km 12800 to km 24700 under SARDP-NE Phase A in the State of Meghalaya on EPC Mode",Roads & Highways,Ministry of Road Transport & Highways,Meghalaya,Shillong,NHIDCL,686.0,686.0,357.32,42,42,2023-03-16,2026-09-01,2026-09-02,50.0,52.09,Megha Engineering (MEIL),0,PPP,Partial,Obtained,Obtained,Complete,Single,0,2026-02-10,7.4,0,0,0,0.0,0.0,8.0,Low
PROJ-618202,Construction of 2 lane with paved shoulders Baramulla Bypass Greenfield bypass from existing Ch. Km 47020 to Km 56720 and Design Ch. From 48500 to 62600 Total length 14.100 km on road Srinagar Baramulla Uri NH-01 in the UT of Jammu & Kashmir under Project.Package-III,Roads & Highways,Ministry of Road Transport & Highways,Jammu and Kashmir,Srinagar,MoRTH,992.0,992.0,112.16,41,52,2023-03-22,2026-09-01,2027-07-31,47.0,11.31,Afcons Infrastructure,2,Central,Partial,Obtained,Not Required,Complete,Single,3,2026-02-20,4.7,2,0,1,0.0,26.83,23.2,Low
PROJ-618413,Construction of 2 laning with Hard shoulder of Peren-Dimapur section on NH 129A from Design Km 146.208 to Km 163.592 Length- 17.384 km in the state of Nagaland on EPC mode under NHO-TSP Package-III,Roads & Highways,Ministry of Road Transport & Highways,Nagaland,Dimapur,NHIDCL,178.0,199.02,111.71,52,67,2021-02-11,2025-06-06,2026-08-30,96.0,56.13,PNC Infratech Ltd,1,Externally Aided,Partial,Obtained,Obtained,Not Started,Limited,2,2026-06-21,6.9,2,1,1,11.81,28.85,29.6,Low
PROJ-618127,Construction of 2- Lane with paved shoulder from km 56.45 Dharampur More to 93.050 Pakur of NH-333A in the State of Jharkhand on EPC mode,Roads & Highways,Ministry of Road Transport & Highways,Jharkhand,Ranchi,MoRTH,256.0,256.0,10.06,49,49,2023-03-27,2027-05-03,2027-05-03,15.0,3.93,Afcons Infrastructure,0,Central,Complete,Obtained,Obtained,Complete,Open,0,2026-04-18,9.0,0,0,0,0.0,0.0,8.0,Low
PROJ-618324,Construction of 2-lane Aizawl Bypass from km 15.200 to km 34.500 Package-3 on Sairang - Phaibawk section of NH-6 in the State of Mizoram under Bharatmala Pariyojna on EPC Mode under NHO-NE,Roads & Highways,Ministry of Road Transport & Highways,Mizoram,Aizawl,NHIDCL,721.0,721.0,102.62,68,68,2023-02-28,2028-11-10,2028-11-10,15.0,14.23,NCC Limited,1,Externally Aided,Complete,Obtained,Not Required,Complete,Limited,1,2026-04-01,7.4,0,0,0,0.0,0.0,8.0,Low
PROJ-617892,Construction of 2-lane road of Potin to Pangin section of NH-13 from Km 163.59 to Km 206.66 Package-5 on EPC Mode in the State of Arunachal Pradesh under Arunachal Pradesh Package of Roads and Highways of SARDP-NE [Job No SARDP-NE/P-P/Pkg-A/NH-13/Ar.Pr./PWD/2018-19/116],Roads & Highways,Ministry of Road Transport & Highways,Arunachal Pradesh,Itanagar,MoRTH,451.0,451.0,345.01,57,92,2019-03-01,2023-11-18,2026-10-31,97.0,76.5,GMR Infrastructure,4,PPP,Partial,Obtained,Pending,Not Started,Limited,5,2026-04-07,6.9,0,0,1,0.0,61.4,46.2,Medium
PROJ-618297,Construction of 2-lane with hard shoulder of Kohima - Jessami road on NH-29 Old NH-150 from existing Km 30.474 Near Kidwema road Chakahabama to existing Km 53.220 Near Kikruma Village Design Km 29.60 to Km 51.50 Design length-21.90 Km in the state of Nagaland Under Bharatmala Pariyojna on EPC Mode under NHO Package-II -Balance work,Roads & Highways,Ministry of Road Transport & Highways,Nagaland,Kohima,NHIDCL,356.0,356.0,0.0,70,82,2020-03-11,2026-01-04,2026-12-31,43.0,0.0,Patel Engineering,1,State,Not Started,Obtained,Not Required,Complete,Open,1,2026-06-09,4.1,0,0,1,0.0,17.14,15.1,Low
PROJ-618423,Construction of 2-Lane with hard shoulders of Merangkong-Tamlu-Mon MTM Road from existing Km 20.456 to Km 41.065 Design Km. 20 to Km. 40.0 Design Length-20.000 Km in the State of Nagaland under SARDP-NE Phase-A Pkg-2 Balance work,Roads & Highways,Ministry of Road Transport & Highways,Nagaland,Kohima,NHIDCL,216.0,216.0,173.12,89,96,2018-03-22,2025-08-21,2026-03-13,100.0,80.15,Patel Engineering,0,Central,Complete,Obtained,Obtained,Complete,Single,0,2026-03-23,8.2,0,0,0,0.0,7.87,8.0,Low
PROJ-619059,Construction of 2-Lane with hard shoulders of Merangkong-Tamlu-Mon Road on EPC Basis from existing road Km. 76.640 to Km 98.065 Design chainage Km. 63.800 to Km. 86.835 Design Length-23.035 Km in the state of Nagaland under SARDP-NE PKG-IV Balance work,Roads & Highways,Ministry of Road Transport & Highways,Nagaland,Kohima,NHIDCL,324.0,324.0,147.37,90,105,2018-03-22,2025-09-10,2026-12-31,79.0,45.48,Dilip Buildcon Ltd,1,State,Complete,Pending,Pending,Not Started,Open,3,2026-04-16,6.1,0,0,1,0.0,16.67,17.5,Low
PROJ-618422,"Construction of 2-lane with hard shoulders of Merangkong-Tamlu-Mon road Wakching Twon portion on EPC basis from existing Chainage Km 59000 to Km 73640 [Design Km. 59000 to Km, 72450] Design length - 13.450 Km under SARDP-NE package-V Balance work",Roads & Highways,Ministry of Road Transport & Highways,Madhya Pradesh,Rewa,NHIDCL,162.0,162.0,101.28,53,64,2021-03-31,2025-09-07,2026-07-31,100.0,62.52,Tata Projects Ltd,4,PPP,Complete,Pending,Not Required,Complete,Open,5,2026-02-15,4.0,2,0,1,0.0,20.75,23.3,Low
PROJ-618290,"Construction of 2-lane with Paved shoulder of Kohima- Bypass Road Connecting NH-39New NH-02, NH-150New NH-02, NH-61New NH-29, NH-39New NH-02 from Design Km 32.00 to Design Km 43.454Design Length-11.454 Km in the State of Nagaland under SARDP-NE on EPC Mode Package-IV",Roads & Highways,Ministry of Road Transport & Highways,Nagaland,Kohima,NHIDCL,202.0,202.0,102.32,21,77,2020-07-31,2022-04-17,2026-12-31,47.0,50.65,Ashoka Buildcon Ltd,4,PPP,Partial,Pending,Not Required,Not Started,Limited,2,2026-08-02,4.7,1,0,1,0.0,266.67,48.5,Medium
PROJ-618292,Construction of 2-Lane with paved shoulder of Kohima-Bypass Road connecting New NH-02 and New NH-29 from Design Km 10.500 to design Km 21.000 [Design Length- 10.500 km] including TUNNEL of 500m at Ch. 11.000 in the state of Nagaland Under SARDP-NE on EPC Mode Package-2,Roads & Highways,Ministry of Road Transport & Highways,Nagaland,Kohima,NHIDCL,277.0,277.0,201.99,27,88,2020-07-07,2022-10-15,2027-10-30,70.0,72.92,Patel Engineering,3,Central,Complete,Pending,Obtained,Complete,Open,5,2026-06-05,3.8,0,0,1,0.0,225.93,44.8,Medium
PROJ-618291,"Construction of 2-lane with Paved shoulder of Kohima-Bypass Road connecting NH- 39 New NH-02, NH150New NH-02, NH7-61 New NH-29 and NH-39 New NH-02 from Design km 21.000 to km 32.268 [Design length11.268 km] in the state of Nagaland Under SARDP-NE on EPC Mode Package- 3",Roads & Highways,Ministry of Road Transport & Highways,Nagaland,Kohima,NHIDCL,160.0,342.29,128.32,58,77,2020-07-31,2025-06-15,2026-12-31,40.0,37.49,Hindustan Construction Company (HCC),2,Central,Complete,Obtained,Pending,Partial,Open,5,2026-01-04,4.2,0,1,1,113.93,32.76,59.0,Medium
PROJ-618293,"Construction of 2-Lane with paved shoulder of Kohima-Bypass Road connecting NH-39New NH-02, NH-150New NH-02, NH-61New NH-29 and NH-39New NH-02 from design Km 0.00 to Km 10.500 in the State of Nagaland under SARDP-NE on EPC Mode Package-1 -Balance work",Roads & Highways,Ministry of Road Transport & Highways,Nagaland,Kohima,NHIDCL,232.0,350.88,120.92,76,76,2020-07-07,2026-11-08,2026-11-08,27.0,34.46,PNC Infratech Ltd,4,Central,Complete,Obtained,Obtained,Complete,Open,1,2026-02-25,5.4,3,1,0,51.24,0.0,38.0,Medium
PROJ-618421,"Construction of 2-Lane with paved shoulder of Shillong Western Bypass starting from NH-06 near Ladumsaw Existing km 60.900 of old NH-40 to NH106 old NH-44E, km 0000 to km 12800 Package-I under SARDP-NE PHASE A in the State of Meghalaya on EPC Mode Greenfield alignment",Roads & Highways,Ministry of Road Transport & Highways,Meghalaya,Shillong,NHIDCL,620.0,620.0,332.95,42,42,2023-03-07,2026-09-01,2026-09-02,75.0,53.7,KNR Constructions Ltd,1,PPP,Complete,Obtained,Obtained,Partial,Single,1,2026-02-11,7.6,0,0,0,0.0,0.0,8.0,Low
PROJ-618419,"Construction of 2-Lane with paved shoulders of Shillong Western Bypass starting from NH-06 near Ladumsaw existing Km 60.900 of old NH40 to NH106 old NH 44E Package-III, from km 24700 to km 38256 under SARDP-NE PHASE A in the state of Meghalaya on EPC Mode Greenfield alignment",Roads & Highways,Ministry of Road Transport & Highways,Meghalaya,Shillong,NHIDCL,562.0,562.0,340.17,42,42,2023-03-13,2026-09-01,2026-09-02,52.0,60.53,GMR Infrastructure,0,State,Complete,Obtained,Obtained,Complete,Open,0,2026-05-05,7.6,0,0,0,0.0,0.0,8.0,Low
PROJ-618363,Construction of 2-laning with hard shoulder configuration of Chhumkhum to Tlabung from Design Chainage Km 37.420 to Km 74.950 of NH-302 in Mizoram under Bharatmala Pariyojana on EPC mode [Pkg-B],Roads & Highways,Ministry of Road Transport & Highways,Mizoram,Aizawl,NHIDCL,741.0,741.0,494.49,18,66,2021-06-28,2023-01-09,2026-12-31,61.0,66.73,Dilip Buildcon Ltd,4,Externally Aided,Partial,Pending,Obtained,Partial,Open,4,2026-07-23,5.2,3,0,1,0.0,266.67,50.4,Medium
PROJ-618362,Construction of 2-laning with hard shoulder of Lunglei to Chhumkhum from Design Chainage Km 0.000 to Km 37.420 of NH-302 [Lunglei-Tlabung] Package-A,Roads & Highways,Ministry of Road Transport & Highways,Mizoram,Lunglei,NHIDCL,698.0,698.0,553.89,21,68,2021-03-30,2022-12-30,2026-11-15,65.0,79.35,KNR Constructions Ltd,1,State,Partial,Pending,Obtained,Not Started,Limited,3,2026-05-11,5.9,2,0,1,0.0,223.81,50.1,Medium
PROJ-618387,Construction of 2-laning with Hard shoulder of Ukhrul Tolloi - Tadubi section of NH-102A from Design Chainage km 9450 to km 50850 in the State of Manipur on EPC mode under NHO-NE Package-2,Roads & Highways,Ministry of Road Transport & Highways,Manipur,Imphal,NHIDCL,579.0,579.0,278.6,36,46,2023-03-07,2026-03-01,2026-12-31,80.0,48.12,Afcons Infrastructure,3,PPP,Complete,Obtained,Pending,Complete,Open,2,2026-01-27,6.2,3,0,1,0.0,27.78,24.9,Low
PROJ-618388,Construction of 2-laning with Hard shoulder road of Ukhrul - Tolloi - Tadubi section of NH-102A from Design Chainage 50.850 km to 81.870 km in the State of Manipur on EPC mode under NHO-TSP Package -3,Roads & Highways,Ministry of Road Transport & Highways,Manipur,Imphal,NHIDCL,316.0,316.0,257.41,40,64,2021-09-09,2025-01-20,2026-12-31,94.0,81.46,Larsen & Toubro Ltd,2,PPP,Complete,Obtained,Obtained,Not Started,Open,4,2026-03-20,4.9,1,0,1,0.0,60.0,39.3,Medium
PROJ-618389,Construction of 2-laning with Hard shoulder road of Ukhrul - Tolloi - Tadubi section of NH-102A from Design Chainage 81.870 km to 105.825 km in the State of Manipur on EPC mode under NHO-TSP Package -4,Roads & Highways,Ministry of Road Transport & Highways,Manipur,Imphal,NHIDCL,311.0,311.0,287.73,30,60,2021-09-07,2024-02-28,2026-08-31,97.0,92.52,Afcons Infrastructure,4,PPP,Complete,Pending,Obtained,Partial,Open,1,2026-06-15,4.4,2,0,1,0.0,100.0,43.8,Medium
PROJ-618445,Construction of 2-Laning with hard shoulders of Demwe-Brahmakund section of NH-13 from Ch.0.00 km to 18.464 km on EPC under SARDP-NE NHO-NE -Balance Work,Roads & Highways,Ministry of Road Transport & Highways,Tamil Nadu,Tiruchirappalli,NHIDCL,354.0,354.0,26.82,88,88,2020-08-19,2027-12-18,2027-12-18,20.0,7.58,NCC Limited,0,Externally Aided,Complete,Obtained,Obtained,Complete,Single,0,2026-04-02,7.2,0,0,0,0.0,0.0,8.0,Low
PROJ-618448,Construction of 2-Laning with Paved Shoulder of New Greenfield Alignment From Chochenpheri at Km 52000 to Helipad near Menla at Km 82000 of Rhenock-Menla Spur NH-717B Package-IIIA on EPC Basis under SARDP-NE Phase 'A' in the State of Sikkim.,Roads & Highways,Ministry of Road Transport & Highways,Sikkim,Gangtok,NHIDCL,817.0,786.6,474.96,38,79,2020-10-07,2023-12-09,2027-05-19,64.0,58.13,Hindustan Construction Company (HCC),2,Externally Aided,Partial,Pending,Obtained,Partial,Open,2,2026-07-19,3.8,0,0,1,0.0,107.89,41.8,Medium
PROJ-618447,Construction of 2-Laning with Paved Shoulder of New Greenfield Alignment From Helipad near Menla at Km 82000 to Menla at Km 94030 of Rhenock-Menla Spur NH-717B Package-IIIB on EPC Basis under SARDP-NE Phase 'A' in the State of Sikkim.,Roads & Highways,Ministry of Road Transport & Highways,Sikkim,Gangtok,NHIDCL,411.0,379.3,241.77,37,76,2021-01-18,2024-02-24,2027-05-31,83.0,58.82,Tata Projects Ltd,4,Central,Not Started,Obtained,Not Required,Complete,Single,5,2026-06-21,6.2,3,0,1,0.0,105.41,49.0,Medium
PROJ-618556,"Construction of 26 VUPs, Major Bridge, Service Road etc. on Lalitpur-Sagar-Lakhnadon section of NH-44 NS",Roads & Highways,Ministry of Road Transport & Highways,Madhya Pradesh,Sagar,NHAI,666.0,665.91,574.39,37,42,2023-02-01,2026-03-05,2026-08-10,97.0,86.24,Ashoka Buildcon Ltd,1,Central,Complete,Obtained,Obtained,Complete,Open,0,2026-07-28,7.7,0,0,0,0.0,13.51,8.2,Low
PROJ-619293,Construction of 4 Lane Access Controlled Bypass for Dehradun on NH307 from Design Chainage km 0050 Jhajra on NH-07 to Design Chainage km 12220 Asharori on EPC Mode in the State of Uttarakhand under NHO,Roads & Highways,Ministry of Road Transport & Highways,Uttarakhand,Dehradun,NHAI,716.0,337.11,191.78,41,41,2023-12-07,2027-04-23,2027-04-23,63.0,26.78,Hindustan Construction Company (HCC),1,Central,Complete,Obtained,Obtained,Complete,Open,0,2026-03-19,8.4,0,0,0,0.0,0.0,8.0,Low
PROJ-619253,Construction of 4 lane Bypass to Nalgonda Town lrorn Km 000 Existing Ch. 181590 to Km 14.00 Existing Ch. 28/685 ol Nakrekal to Nagarjunsagar Section of NH -565 in the State of Telangara on EPC under Annual Plan 2024 -25,Roads & Highways,Ministry of Road Transport & Highways,Nagaland,Kohima,MoRTH,516.0,516.0,0.0,35,35,2024-10-29,2027-10-06,2027-10-06,56.0,0.0,Ashoka Buildcon Ltd,0,Central,Complete,Obtained,Obtained,Complete,Limited,0,2026-04-11,7.8,1,0,0,0.0,0.0,8.0,Low
PROJ-617896,"Construction of 4 lane Gauripur Bypass Starting bfrom Km 852.56 of NH-31Dumardoha Pt-II and Terminating at Km 862.17 Baladmara via. Khudimari Pt.- II, Fulkumari, Charaldanga, Sajuakuti,Geramari Pt.-III and finally meeting at km 862.17 of NH-17New/ NH-31Old in the State of Assam under EPC Mode Job no. 31/AS/ 2023-24/265",Roads & Highways,Ministry of Road Transport & Highways,Assam,Guwahati,MoRTH,421.0,421.0,0.0,31,31,2024-03-15,2026-10-24,2026-10-24,34.0,0.0,Ashoka Buildcon Ltd,1,Central,Complete,Obtained,Obtained,Complete,Single,0,2026-04-29,9.1,1,0,0,0.0,0.0,8.0,Low
PROJ-618247,Construction of 4 lane Mirzapur bypass including bridge over river Ganga from km 0.000 to km 15.000 of NH 135A in the State of Uttar Pradesh on HAM Mode.,Roads & Highways,Ministry of Road Transport & Highways,Uttar Pradesh,Lucknow,MoRTH,1709.0,1709.0,0.0,58,58,2024-03-07,2029-01-17,2029-01-17,7.0,0.0,Patel Engineering,1,Central,Complete,Obtained,Obtained,Complete,Limited,0,2026-06-17,8.6,0,0,0,0.0,0.0,8.0,Low
PROJ-617969,Construction of 4 Lane ROB and its approaches at the level crossing LC No 29 B of Km 29 Ekangarsarai at NH 110 New NH 33 & Railway Km 32.63 at Fatwa FUT Islampur IPR section in the state of Bihar on EPC mode.,Roads & Highways,Ministry of Road Transport & Highways,Bihar,Patna,MoRTH,201.0,201.0,0.01,40,46,2023-03-11,2026-07-19,2026-12-31,62.0,0.0,Hindustan Construction Company (HCC),0,Central,Complete,Obtained,Not Required,Partial,Limited,0,2026-06-16,8.6,0,0,0,0.0,15.0,8.0,Low
PROJ-617905,Construction of 4 lane ROB with approaches in lieu of LC No. RV-172 at km 176.00 of NH-201 present NH-26 at Kesinga including land acquisition in the state of Odisha on EPC mode under Annual Plan 2021-22,Roads & Highways,Ministry of Road Transport & Highways,Odisha,Bhubaneswar,MoRTH,324.0,324.0,88.48,40,65,2021-12-30,2025-05-08,2027-05-20,78.0,27.31,Shapoorji Pallonji Co,2,Externally Aided,Partial,Obtained,Not Required,Partial,Single,5,2026-01-17,5.3,2,0,1,0.0,62.5,42.9,Medium
PROJ-618205,"Construction of 4 lane with paved shoulder from Existing Ch. 14200 to 24320 Design Ch. 14200 to 24400, Ch. 33760 to 42780 Design Ch. 35300 to 44294 & Ch. 43440 to 47020 Design Ch. 44958 to 48500 Delina Flyover including construction of flyover length 1.704 km of total length 22.736 kms in AOR of 760 BRTF on road SRINAGAR BARAMULA URI NH-01 in the UT of Jammu & Kashmir under project BEACON, Border Roads Organization BRO Package-IJob No NH-1-J&K-2022-23-110",Roads & Highways,Ministry of Road Transport & Highways,Jammu and Kashmir,Srinagar,MoRTH,823.0,823.0,298.96,38,54,2022-06-29,2025-08-24,2026-12-31,86.0,36.33,IRB Infrastructure Developers,2,Central,Partial,Obtained,Pending,Partial,Open,2,2026-02-21,6.2,0,0,1,0.0,42.11,29.4,Low
PROJ-618203,"Construction of 4 lane with paved shoulder Pattan bypass Greenfield bypass from existing Ch. Km 24320 to Km 33760 and Design Ch. from Km 24400 to Km 35300, total length 10.900 km on road SrinagarBaramulla Uri NH-01 in the UT of Jammu & Kashmir under Project BEACON, Border Roads Organization BRO on EPC mode. Package-II",Roads & Highways,Ministry of Road Transport & Highways,Jammu and Kashmir,Jammu,MoRTH,980.0,980.0,132.03,40,47,2023-03-22,2026-07-31,2027-02-28,57.0,13.47,Dilip Buildcon Ltd,1,State,Partial,Pending,Obtained,Not Started,Open,1,2026-01-28,6.6,2,0,1,0.0,17.5,18.7,Low
PROJ-619061,Construction of 4 lane with PS Idar-Badoli bypass section from design km 81/300 to km 95/500 of NH 168G in the State of Gujarat,Roads & Highways,Ministry of Road Transport & Highways,Gujarat,Ahmedabad,MoRTH,705.0,705.0,0.0,37,37,2025-03-27,2028-05-06,2028-05-06,7.0,0.0,Ashoka Buildcon Ltd,0,Central,Complete,Obtained,Obtained,Partial,Limited,0,2026-02-17,7.7,0,0,0,0.0,0.0,8.0,Low
PROJ-617919,Construction of 4 Nos Grade separtor between km. 281.000 to km. 307.600 km. 286.400 kumhari km. 299.000 Transport Nagar km. 302.000 Power House km. 304.000 Chandra Moura Chowk to km. 305.000 supeia of NH-53 old NH-06 Raipur -Durg 4 Lane on EPC mode in the state of chhattisgarh job NO. NH-53old NH-06 CG-2017-18-56,Roads & Highways,Ministry of Road Transport & Highways,Chhattisgarh,Raipur,MoRTH,349.0,349.0,304.04,34,89,2018-03-22,2021-01-27,2025-08-31,98.0,87.12,Patel Engineering,1,Externally Aided,Complete,Obtained,Pending,Complete,Limited,3,2026-07-05,4.6,3,0,1,0.0,161.76,42.7,Medium
PROJ-619057,Construction of 4-Lane Badarpur Bypass from Design Chainage km 27300 at crossing with NH-6 Old NH-44 Near Siddeswar Pt.-I Village to Design Chainage km 38600 on NH-37 Old NH-44 at Kandigram Chaita Village on Silchar - Churaibari stretch in the State of Assam on EPC Mode under Bharatmala Pariyojana in Economic Corridors Silchar- Churaibari Pkg-3,Roads & Highways,Ministry of Road Transport & Highways,Assam,Silchar,NHIDCL,574.0,574.0,330.98,41,49,2023-02-28,2026-08-09,2027-03-31,71.0,57.66,Afcons Infrastructure,4,Externally Aided,Complete,Pending,Not Required,Partial,Limited,1,2026-07-09,5.0,3,0,1,0.0,19.51,21.1,Low
PROJ-618373,"Construction of 4-Lane Bridge including approaches over River Brahmaputra between Dhubri on North Bank,Assam and Phulbari on south Bank,Meghalaya on NH-127B under JICA ODA Loan assistance Phase-III",Roads & Highways,Ministry of Road Transport & Highways,Assam,Guwahati,NHIDCL,4997.0,4997.0,3081.08,112,112,2019-05-06,2028-09-12,2028-09-12,77.0,61.66,IRB Infrastructure Developers,1,Central,Complete,Obtained,Obtained,Complete,Open,0,2026-07-31,7.0,0,0,0,0.0,0.0,8.0,Low
PROJ-619142,Construction of 4-lane connectivity to Banbasa ICP at India Nepal border from NH-09 old NH-125 Sitarganj-Tanakpur at Km 40.00 near Jagbuda bridge under Bharatmala Priyojana of NH-109D on EPC mode in the State of Uttarakhand,Roads & Highways,Ministry of Road Transport & Highways,Uttarakhand,Dehradun,NHAI,217.0,237.01,213.92,27,58,2022-06-17,2024-09-01,2027-04-11,75.0,90.26,Afcons Infrastructure,3,Central,Partial,Obtained,Not Required,Not Started,Single,3,2026-01-14,5.2,2,0,1,9.22,114.81,56.0,Medium
PROJ-618001,"Construction of 4-lane flyover at Amberpet-X road, Hyderabad on NH-202 in the State of Telangana",Roads & Highways,Ministry of Road Transport & Highways,Telangana,Hyderabad,MoRTH,217.0,265.88,172.17,62,98,2018-05-08,2023-06-28,2026-06-30,92.0,64.75,IRB Infrastructure Developers,3,PPP,Complete,Obtained,Obtained,Not Started,Limited,3,2026-02-17,4.7,1,1,1,22.53,58.06,50.1,Medium
PROJ-618166,Construction of 4-lane green field highway from Km. 35.000 to Km. 49.155 of NH-731A with paved shoulders on Hybrid Annuity Mode in the state of Uttar Pradesh,Roads & Highways,Ministry of Road Transport & Highways,Uttar Pradesh,Lucknow,MoRTH,698.0,698.0,0.04,46,54,2022-01-06,2025-10-29,2026-07-09,100.0,0.01,GMR Infrastructure,3,Central,Not Started,Pending,Obtained,Not Started,Limited,1,2026-08-13,4.9,2,0,1,0.0,17.39,23.5,Low
PROJ-618308,Construction of 4-Lane Panchgram Bypass from Design Chainage km 15500 on NH-37 Old NH-53 at Kalinagar Pt.-I Village to Design Chainage km 27300 at crossing with NH-6 Old NH-44 Near Siddeswar Pt.-I Village on Silchar - Churaibari stretch in the State of Assam on EPC Mode under Bharatmala Pariyojana in Economic Corridors Silchar- Churaibari Package-2,Roads & Highways,Ministry of Road Transport & Highways,Assam,Silchar,NHIDCL,676.0,728.97,339.78,47,48,2023-03-16,2027-02-09,2027-03-31,57.0,46.61,Larsen & Toubro Ltd,1,PPP,Partial,Obtained,Obtained,Complete,Limited,0,2026-01-06,8.6,0,0,0,7.84,2.13,8.4,Low
PROJ-618417,"Construction of 4-Lane with paved shoulder Agartala bypass Western side, length 25.402 km connecting NH-8 near Amtali to NH-108B near Lembuchhera in the state of Tripura on EPC basis under NHO-NE",Roads & Highways,Ministry of Road Transport & Highways,Tripura,Agartala,NHIDCL,2026.0,2026.0,462.34,48,48,2023-03-22,2027-03-09,2027-03-09,9.0,22.82,PNC Infratech Ltd,0,State,Complete,Obtained,Obtained,Complete,Open,0,2026-03-28,7.3,0,0,0,0.0,0.0,8.0,Low
PROJ-618320,Construction of 4-Laning of N. Kawnpui N. Mualvum Mualkhang via Khamrang Village section Package-7 of NH-6 from Existing Chainage km 127200 to km 142000 Design Chainage km 111850 to km 123400 on Silchar - Vairengte - Sairang road in the State of Mizoram on EPC mode,Roads & Highways,Ministry of Road Transport & Highways,Assam,Silchar,NHIDCL,866.0,866.0,190.01,57,57,2024-02-12,2028-10-28,2028-10-28,19.0,21.94,PNC Infratech Ltd,1,Central,Complete,Obtained,Obtained,Complete,Open,0,2026-03-31,9.3,0,0,0,0.0,0.0,8.0,Low
PROJ-618321,Construction of 4-Laning of West Serawlg-Sairang section of NH-6 from Existing Chainage km 142000 to km 158900 Design Chainage km 123400 to km 136260 on Silchar - Vairengte - Sairang road in the State of Mizoram under Bharatmala Pariyojna on EPC mode under NHO-NE Package-8,Roads & Highways,Ministry of Road Transport & Highways,Assam,Silchar,NHIDCL,876.0,876.0,288.34,57,57,2024-02-12,2028-11-01,2028-11-01,14.0,32.92,Dilip Buildcon Ltd,0,PPP,Complete,Obtained,Obtained,Complete,Single,1,2026-05-19,7.9,0,0,0,0.0,0.0,8.0,Low
PROJ-618869,"Construction of 4/6 lane Highway of Southern Bareilly Bypass, starting at Ch. 237000 of NH 530 near Jhumka chauraha, Dhantiya village and ending at Ch. 267000 of NH 30 near Invertis University including Trumpet Interchange",Roads & Highways,Ministry of Road Transport & Highways,West Bengal,Asansol,NHAI,1122.0,1869.59,620.25,42,42,2024-12-18,2028-06-23,2028-06-23,16.0,33.18,Afcons Infrastructure,1,Central,Partial,Pending,Not Required,Not Started,Open,1,2026-07-29,3.6,3,1,0,66.63,0.0,50.3,Medium
PROJ-618500,Construction of 4L Connector from Delhi Meerut Expressway Km 50.000 of Pkg IV to Km 8.520 of NH-235 Pkg-5,Roads & Highways,Ministry of Road Transport & Highways,Uttar Pradesh,Meerut,NHAI,1081.0,1116.19,455.0,31,60,2021-09-06,2024-03-29,2026-08-31,78.0,40.76,Afcons Infrastructure,3,Externally Aided,Partial,Pending,Pending,Complete,Limited,5,2026-07-13,5.8,2,0,1,3.26,93.55,51.4,Medium
PROJ-618609,Construction of 4L Flyover from MES College Junction to Bogmalo Junction on NH-566 from Km. 7.106 to Km. 10.460 and 4L VUP at Queeny Nagar Junction from Km. 3.330 to Km. 4.550,Roads & Highways,Ministry of Road Transport & Highways,Jharkhand,Jamshedpur,NHAI,463.0,316.28,168.21,30,40,2024-01-18,2026-07-31,2027-05-31,59.0,36.33,Ashoka Buildcon Ltd,1,PPP,Not Started,Obtained,Not Required,Not Started,Single,3,2026-02-18,5.9,1,0,1,0.0,33.33,27.8,Low
PROJ-619298,Construction of 6 Lane Elevated corridor from KM 612582 to KM 617540 including construction of Service Roads in Kolhapur City on NH -48 in the State of Maharashtra on EPC mode under NHO,Roads & Highways,Ministry of Road Transport & Highways,Maharashtra,Mumbai,NHAI,1039.0,1039.0,0.06,40,40,2026-02-02,2029-06-08,2029-06-08,0.0,0.01,KNR Constructions Ltd,0,PPP,Complete,Obtained,Obtained,Complete,Open,0,2026-05-21,7.5,1,0,0,0.0,0.0,8.0,Low
PROJ-618524,Construction of 6 lane elevated corridor including its approaches from Km. 629880 to Km. 634470 Design Chainage of NH-16 in Ranasthalam Town portion in the state of Andhra Pradesh on EPC Mode under NHO.,Roads & Highways,Ministry of Road Transport & Highways,Andhra Pradesh,Visakhapatnam,NHAI,258.0,192.85,55.83,32,37,2024-07-16,2027-03-20,2027-08-31,39.0,21.64,NCC Limited,3,Central,Complete,Obtained,Pending,Partial,Single,2,2026-04-20,6.4,3,0,1,0.0,15.62,18.7,Low
PROJ-617912,Construction of 6 lane flyover from Khapari ROB to Mihan Interchange design chainage km 8760 to 11450 L- 2.69 km and upgradation of existing 4L PS road to 6LPS with service road by flexible pavement design chainage km 11450 to 14500 L-3.05 [total project length 5.74 km] in section of Nagpur - Hyderabad NH-44 Old NH-7 in Nagpur district in the state of Maharashtra on HAM mode.,Roads & Highways,Ministry of Road Transport & Highways,Maharashtra,Nagpur,MoRTH,620.0,620.0,18.35,43,43,2024-03-15,2027-10-03,2027-10-02,8.0,2.96,KNR Constructions Ltd,0,PPP,Complete,Obtained,Obtained,Complete,Single,0,2026-06-23,9.5,0,0,0,0.0,0.0,8.0,Low
PROJ-618932,Construction of 6 lane Indore western bypass from km 0000 to Km 34000 Pkg -l in the State of Madhya Pradesh on Hybrid Annuity Mode under NHO,Roads & Highways,Ministry of Road Transport & Highways,Madhya Pradesh,Indore,NHAI,1535.0,1472.68,657.89,46,46,2024-02-28,2027-12-31,2027-12-31,28.0,42.86,Afcons Infrastructure,0,Central,Complete,Obtained,Obtained,Complete,Open,0,2026-03-05,9.4,0,0,0,0.0,0.0,8.0,Low
PROJ-618933,Construction of 6 lane Indore western bypass from km 34000 to Km 64000 Pkg-II in the state of Madhya Pradesh on Hybrid Annuity Mode under NHO,Roads & Highways,Ministry of Road Transport & Highways,Madhya Pradesh,Indore,NHAI,1431.0,1431.0,662.93,47,47,2024-03-08,2028-02-16,2028-02-16,18.0,46.33,Tata Projects Ltd,0,Externally Aided,Complete,Obtained,Not Required,Complete,Open,0,2026-04-22,7.9,0,0,0,0.0,0.0,9.5,Low
PROJ-618233,Construction of 6-lane bridge on Ganga on NH-96 and its approaches in Phaphamau Allahabad on EPC mode,Roads & Highways,Ministry of Road Transport & Highways,Odisha,Rourkela,MoRTH,1948.0,1465.41,0.43,67,99,2018-07-11,2024-02-15,2026-09-30,91.0,0.02,Larsen & Toubro Ltd,1,Central,Complete,Pending,Not Required,Partial,Open,5,2026-06-17,6.5,0,0,1,0.0,47.76,31.6,Low
PROJ-618250,Construction of 6-Lane Elevated / Extra Dose Cable Bridge on River Ganga parallel to & Western side of Digha-Sonepur Rail cum-Road Bridge of NH 139W in the State of Bihar,Roads & Highways,Ministry of Road Transport & Highways,Bihar,Patna,MoRTH,3064.0,3064.0,0.0,46,60,2024-01-05,2027-11-02,2028-12-30,19.0,0.0,Tata Projects Ltd,4,Externally Aided,Not Started,Pending,Pending,Complete,Open,5,2026-08-09,7.2,1,0,1,0.0,30.43,33.9,Low
PROJ-618591,"Construction of 6-lane flyover at Ainthapali junction and a 2-lane ROB LHS on NH-53 Earlier NH-6 in Sambalpur, on EPC mode in Odisha under NHO",Roads & Highways,Ministry of Road Transport & Highways,Odisha,Sambalpur,NHAI,374.0,211.74,106.91,33,33,2024-03-11,2026-12-18,2026-12-18,54.0,28.59,Megha Engineering (MEIL),0,PPP,Partial,Obtained,Obtained,Complete,Open,0,2026-01-12,9.1,0,0,0,0.0,0.0,8.0,Low
PROJ-618742,"Construction of 6-lane Greenfield corridor from Ramnagar to Kacchi Dargah NH-119D from Km 109700 to Km 122300, including widening of the existing NH-31 from Km 196700 to Km 198600, as part of the Amas-Darbhanga.",Roads & Highways,Ministry of Road Transport & Highways,Bihar,Darbhanga,NHAI,1113.0,1113.0,12.44,39,39,2025-01-27,2028-04-23,2028-04-23,1.0,1.12,Hindustan Construction Company (HCC),0,PPP,Partial,Obtained,Obtained,Complete,Open,1,2026-03-15,9.7,0,0,0,0.0,0.0,8.0,Low
PROJ-618627,Construction of 7 Nos of Standalone safety structures/works at different locations on various NHs,Roads & Highways,Ministry of Road Transport & Highways,Odisha,Sambalpur,NHAI,169.0,112.03,26.78,24,24,2025-01-16,2027-01-27,2027-01-20,33.0,15.85,IRCON International,1,Central,Complete,Obtained,Obtained,Complete,Single,0,2026-05-17,7.2,0,0,0,0.0,0.0,8.0,Low
PROJ-619299,Construction of a 6-Lane Elevated Corridor from Km 593766 to Km 596620 Including Construction of Service Roads in Kagal City on NH-48 in the State of Maharashtra on EPC Mode.,Roads & Highways,Ministry of Road Transport & Highways,Maharashtra,Mumbai,NHAI,358.0,358.0,0.08,27,27,2026-03-05,2028-06-08,2028-06-08,0.0,0.02,Afcons Infrastructure,0,Central,Complete,Obtained,Obtained,Complete,Limited,0,2026-05-12,8.4,0,0,0,0.0,0.0,8.0,Low
PROJ-618228,construction of a new 4 lane Parallel to existing MG Setu with its approaces from km 0.00 to km 14.500 across river Ganga on NH-19 at Patna in the state of Bihar.,Roads & Highways,Ministry of Road Transport & Highways,Bihar,Patna,MoRTH,2926.0,2926.0,622.65,67,107,2019-02-12,2024-09-22,2027-12-31,75.0,21.28,Tata Projects Ltd,1,Central,Partial,Pending,Pending,Complete,Open,5,2026-03-05,7.0,2,0,1,0.0,59.7,43.5,Medium
PROJ-618234,Construction of a new 4-lane major bridge across river Kosi at Phulaut including Rehabilitation and upgradation of existing Birpur and Bihpur section of NH-106 from km 106.000 to km 136.000 to 2-lane with paved shoulders in the State of Bihar on EPC mode,Roads & Highways,Ministry of Road Transport & Highways,Bihar,Patna,MoRTH,1478.0,1478.0,901.52,69,101,2018-09-20,2024-06-06,2027-02-28,99.0,61.0,Ashoka Buildcon Ltd,2,PPP,Partial,Obtained,Obtained,Not Started,Open,5,2026-07-17,5.8,2,0,1,0.0,46.38,36.5,Medium
PROJ-618882,Construction of additional 3-Lane Bridge over River Ganga for connection between Buxar and Bharauli on NH-922 in the State of Uttar Pradesh and Bihar on Hybrid Annuity Mode,Roads & Highways,Ministry of Road Transport & Highways,Uttar Pradesh,Lucknow,NHAI,532.0,444.92,47.11,47,47,2024-03-15,2028-02-19,2028-02-19,22.0,8.86,Megha Engineering (MEIL),0,PPP,Complete,Obtained,Obtained,Partial,Open,0,2026-01-27,8.4,0,0,0,0.0,0.0,8.0,Low
PROJ-617893,Construction of additional major Bridge with 4- lane configuration of length 1.48 km on NH-60 NH-14 over River Kangshabati from Km. 117.770 to Km 119.250 and additional major Bridge with 4- lane configuration of length 0.900 km on NH-60 NH-14 over River Shilabati from Km. 173.220 to Km 174.120 in the district of Paschim Medinipur of West Bengal under Annual Plan for FY 2023-24 on EPC mode. Job No 014-W8-2023-24/527 .,Roads & Highways,Ministry of Road Transport & Highways,West Bengal,Kolkata,MoRTH,305.0,305.0,0.15,54,54,2023-11-16,2028-05-15,2028-05-15,0.0,0.05,Megha Engineering (MEIL),0,State,Complete,Obtained,Obtained,Partial,Single,0,2026-02-06,9.1,0,0,0,0.0,0.0,8.0,Low
PROJ-618508,Construction of Additional Structures including Approaches in Vadodara Surat Section of NH48 between existing Km. 108.000 to Km. 250.000,Roads & Highways,Ministry of Road Transport & Highways,Gujarat,Surat,NHAI,907.0,907.39,368.63,35,40,2024-03-06,2027-01-28,2027-06-30,49.0,40.63,NCC Limited,0,PPP,Complete,Obtained,Obtained,Partial,Limited,1,2026-01-18,8.0,0,0,0,0.04,14.29,8.1,Low
PROJ-618506,"Construction of Additional Structures, Improvement of Service Road & Maintenance of Six Lane Gurgaon-Jaipur Section of NH-48 old NH-8 between km 42700 to km 107100 in the State of Haryana",Roads & Highways,Ministry of Road Transport & Highways,Rajasthan,Jaipur,NHAI,402.0,240.02,131.79,35,35,2024-05-29,2027-05-05,2027-05-05,61.0,32.78,NCC Limited,0,State,Partial,Obtained,Obtained,Complete,Open,0,2026-01-11,7.8,0,0,0,0.0,0.0,8.0,Low
PROJ-618430,Construction of alternative highway to Gangtok in Sikkim via Bagrakot -Chuikhim-Nimbong -Kafer-Bakhim-Algarah-Rhenock in the State of West Bengal and from Rhenok-Rorathang-Pakyong along with spur from Aritar-Rolep-Menla in the State of Sikkim from Km 0.00 to Km 13.00 of Bagrakot -Kafer section of NH 717A on EPC Mode under Phase-A of SARDP-NE in the State of West Bengal PKG- IVA,Roads & Highways,Ministry of Road Transport & Highways,West Bengal,Kolkata,NHIDCL,403.0,403.0,261.9,48,101,2018-03-22,2022-04-03,2026-08-30,99.0,64.99,Tata Projects Ltd,2,Central,Not Started,Obtained,Not Required,Not Started,Open,5,2026-03-29,6.9,3,0,1,0.0,110.42,50.0,Medium
PROJ-618431,Construction of alternative highway to Gangtok in Sikkim via Bagrakot -Chuikhim-Nimbong -Kafer-Bakhim-Algarah-Rhenock in the State of West Bengal and from Rhenok-Rorathang-Pakyong along with spur from Aritar-Rolep-Menla in the State of Sikkim from Km 13.00 to Km 25.60 of Bagrakot -Kafer section of NH 717A on EPC Mode under Phase-A of SARDP-NE in the State of West Bengal PKG- IVB,Roads & Highways,Ministry of Road Transport & Highways,West Bengal,Kolkata,NHIDCL,296.0,296.0,255.94,60,105,2018-03-22,2023-04-05,2026-12-31,98.0,86.47,KNR Constructions Ltd,3,Central,Partial,Obtained,Pending,Not Started,Single,1,2026-02-20,3.6,0,0,1,0.0,75.0,43.9,Medium
PROJ-618066,Construction of Amethi bypass Part-II at km.30.050 of NH-931 under EPC mode in the state of Uttar Pradesh,Roads & Highways,Ministry of Road Transport & Highways,Uttar Pradesh,Lucknow,MoRTH,284.0,284.0,38.69,50,50,2022-12-12,2027-02-11,2027-02-11,48.0,13.62,Hindustan Construction Company (HCC),0,State,Complete,Obtained,Obtained,Partial,Limited,1,2026-06-25,9.3,1,0,0,0.0,0.0,8.0,Low
PROJ-619301,Construction of Approach Road to Rail-cum- Road Bridge across river Ganga at Munger Ghat NH-333 B,Roads & Highways,Ministry of Road Transport & Highways,Maharashtra,Thane,NHAI,538.0,633.91,573.97,94,157,2013-07-29,2021-05-28,2026-08-31,100.0,90.54,Larsen & Toubro Ltd,3,Central,Not Started,Obtained,Not Required,Not Started,Limited,1,2026-03-23,3.6,0,1,1,17.83,67.02,53.4,Medium
PROJ-618157,Construction of Ater realignment & Bhind bypass Total length. 21.50 km Section of NH-552Extn. to Two lane with paved shoulder configuration in the State of Madhya Pradesh on EPC mode.,Roads & Highways,Ministry of Road Transport & Highways,Madhya Pradesh,Bhopal,MoRTH,348.0,348.0,79.84,38,45,2023-03-27,2026-06-09,2026-12-31,79.0,22.94,Patel Engineering,1,Externally Aided,Complete,Pending,Pending,Not Started,Open,5,2026-03-10,7.1,2,0,1,0.0,18.42,22.4,Low
PROJ-618414,Construction of Balance work for 2-lane with hard shoulder of Peren- Dimapur section on NH-129A from Design Km 126.775 to Km 146.208 Length 19.433 Km in the state of Nagaland on EPC mode under NHO-TSP Package-II,Roads & Highways,Ministry of Road Transport & Highways,Nagaland,Dimapur,NHIDCL,259.0,259.0,136.09,56,56,2021-01-18,2025-09-09,2025-09-09,97.0,52.54,Larsen & Toubro Ltd,0,Externally Aided,Complete,Obtained,Obtained,Partial,Limited,0,2026-06-11,7.0,0,0,0,0.0,0.0,8.0,Low
PROJ-618433,Construction of Balance work of 2-Lane with PS of Joram Koloriang Road from existing Km122.600 to km138.00 [Design Km108.724 to Km123.714] in Arunachal Pradesh on EPC Mode under SARDP-NE Pkg-7,Roads & Highways,Ministry of Road Transport & Highways,Arunachal Pradesh,Itanagar,NHIDCL,185.0,185.0,156.42,62,110,2017-02-15,2022-04-02,2026-04-30,100.0,84.55,NCC Limited,1,Central,Complete,Pending,Pending,Complete,Limited,5,2026-03-17,6.1,3,0,1,0.0,77.42,46.1,Medium
PROJ-618437,"Construction of Balance Work of 4-Laning of NH-37 Section between End of Moran Bypass to Bogibeel junction near Lapetketa Km. 561.700-Km. 580.875 under SARDP-NE, Phase 'A' in the State of Assam on EPC mode Pkg-I Road works & Toll Plaza",Roads & Highways,Ministry of Road Transport & Highways,Assam,Guwahati,NHIDCL,274.0,274.0,116.66,110,115,2016-01-12,2025-03-14,2025-08-11,100.0,42.58,Hindustan Construction Company (HCC),1,Central,Complete,Obtained,Obtained,Complete,Open,0,2026-05-08,7.7,1,0,0,0.0,4.55,8.0,Low
PROJ-618441,"Construction of Balance Work of 4-Laning of the Section from Jhanji to Demow of NH-37 Old from Km 490.800 to Km 501.800 11.000 Km, under SARDP- NE under EPC Mode in the state of Assam Pkg-I Road Works",Roads & Highways,Ministry of Road Transport & Highways,Assam,Guwahati,NHIDCL,468.0,476.5,97.88,117,130,2016-01-04,2025-09-28,2026-10-31,87.0,20.54,Hindustan Construction Company (HCC),0,Central,Complete,Not Required,Obtained,Complete,Single,0,2026-03-05,8.8,1,0,0,1.82,11.11,8.0,Low
PROJ-618440,"Construction of Balance Work of 4-Laning of the Section from Jhanji to Demow of NH-37 Old from Km 490.800 to Km 534.800, under SARDP- NE on EPC Mode in the state of Assam Pkg- IV Structures & Toll Plaza",Roads & Highways,Ministry of Road Transport & Highways,Assam,Guwahati,NHIDCL,187.0,100.22,16.71,117,130,2016-01-04,2025-10-13,2026-10-31,58.0,8.94,Dilip Buildcon Ltd,0,Externally Aided,Complete,Obtained,Obtained,Complete,Single,0,2026-01-20,7.2,0,0,0,0.0,11.11,8.0,Low
PROJ-619013,"Construction of Balance Work of 4-Laning of the Section from Jhanji to Demow of NH-37 Old from Km 501.800 to Km 514.800 13.000 Km, under SARDP- NE under EPC Mode in the state of Assam Pkg-II Road Works",Roads & Highways,Ministry of Road Transport & Highways,Assam,Guwahati,NHIDCL,509.0,542.87,111.18,135,144,2014-10-31,2026-01-22,2026-10-31,74.0,20.48,Ashoka Buildcon Ltd,0,PPP,Complete,Obtained,Obtained,Complete,Single,1,2026-06-19,8.3,1,0,0,6.65,6.67,8.7,Low
PROJ-619060,"Construction of Balance Work of 4-Laning of the Section from Jhanji to Demow of NH-37 Old from Km 514.800 to Km 534.800 20.000 Km, under SARDP- NE under EPC Mode in the state of Assam Pkg-III Road Works",Roads & Highways,Ministry of Road Transport & Highways,Assam,Guwahati,NHIDCL,345.0,619.7,56.58,131,144,2014-10-31,2025-09-28,2026-10-31,72.0,9.13,Larsen & Toubro Ltd,1,PPP,Partial,Pending,Pending,Partial,Single,1,2026-03-31,6.3,0,1,0,79.62,9.92,46.2,Medium
PROJ-618442,"Construction of Balance Work of the 4-Laning of the Section from Jorhat to Jhanji of NH-37 Old from Km 477.000 to Km 490800 13.800 Km, under SARDP- NE under EPC Mode in the state of Assam Pkg-III Road Works",Roads & Highways,Ministry of Road Transport & Highways,Assam,Jorhat,NHIDCL,359.0,359.0,100.4,7,30,2024-01-10,2024-08-11,2026-06-30,100.0,27.97,Afcons Infrastructure,2,Central,Partial,Pending,Pending,Complete,Open,3,2026-01-24,3.6,0,0,1,0.0,328.57,44.4,Medium
PROJ-619186,Construction of Balance works of Major Bridge over Middle Strait Creek between Km.106.590 to km108.553 of NH-04 connecting South Andaman & Baratang Island in the Union Territory of Andaman & Nicobar Islands on EPC basis,Roads & Highways,Ministry of Road Transport & Highways,Himachal Pradesh,Bilaspur,NHIDCL,263.0,371.88,112.15,131,141,2015-03-31,2026-02-25,2026-12-31,13.0,30.16,Dilip Buildcon Ltd,2,Externally Aided,Complete,Pending,Not Required,Not Started,Open,1,2026-05-18,3.9,0,1,0,41.4,7.63,37.4,Medium
PROJ-618054,Construction of Balrampur bypass with 2L flexible pavement configuration from km.223.000 of NH-330 to km.328.300 of NH-730 under EPC mode,Roads & Highways,Ministry of Road Transport & Highways,Madhya Pradesh,Rewa,MoRTH,516.0,516.0,128.55,38,49,2022-12-13,2026-02-02,2026-12-31,56.0,24.91,Adani Infra Ltd,4,Externally Aided,Partial,Obtained,Pending,Complete,Limited,3,2026-05-07,6.0,0,0,1,0.0,28.95,26.4,Low
PROJ-618243,Construction of Basti Ring Road Phase-I with 4L configuration for Basti City in the state of Uttar Pradesh on HAM mode,Roads & Highways,Ministry of Road Transport & Highways,Uttar Pradesh,Lucknow,MoRTH,1139.0,1139.0,0.07,54,54,2022-12-08,2027-06-12,2027-06-12,37.0,0.01,GMR Infrastructure,0,Central,Complete,Obtained,Obtained,Complete,Limited,0,2026-07-21,9.4,0,0,0,0.0,0.0,8.0,Low
PROJ-618004,Construction of Bhabhua Bypass from Ch. 10800Design Ch. 10800 to Ch. 19860 Design Ch. 18150 and Chand Bypass from Ch. 38060 Design Ch. 36250 to Ch. 40460 Design Ch. 38650 and widening of existing road to 2 - lane with Paved shoulder from Ch. 40460 Design Ch. 38650 to Ch. 46860 Design Ch. 45050 of NH-219 Total length-16.150 Kmunder EPC mode in the state of Bihar,Roads & Highways,Ministry of Road Transport & Highways,Bihar,Patna,MoRTH,180.0,180.0,2.37,69,69,2022-02-17,2027-12-02,2027-12-02,2.0,1.32,IRCON International,0,Externally Aided,Complete,Not Required,Obtained,Complete,Single,0,2026-04-04,9.7,1,0,0,0.0,0.0,8.0,Low
PROJ-618083,Construction of byepass around Lohardaga town of NH-143A in the Sate of Jharkhand under EPC mode.,Roads & Highways,Ministry of Road Transport & Highways,Jharkhand,Ranchi,MoRTH,459.0,459.0,2.32,46,55,2022-02-22,2026-01-05,2026-09-30,5.0,0.51,Dilip Buildcon Ltd,2,PPP,Not Started,Obtained,Pending,Partial,Open,5,2026-08-16,5.3,0,0,1,0.0,19.57,22.9,Low
PROJ-619005,Construction of bypass around Chatra Town on NH-22 old NH-99 in the state of Jharkhand under EPC Mode,Roads & Highways,Ministry of Road Transport & Highways,Jharkhand,Ranchi,MoRTH,235.0,199.2,0.86,58,58,2023-03-17,2028-01-01,2028-01-01,13.0,0.37,KNR Constructions Ltd,0,Central,Complete,Obtained,Obtained,Complete,Open,0,2026-05-08,8.1,0,0,0,0.0,0.0,8.0,Low
PROJ-618028,"Construction of Bypass at Kuknoor, Yelburga, Gajendragada of Bhanapur Gaddanakeri section of NH-367 in the State of Karnataka under NHO on EPC mode under Annual Plan 2022-23. NH-367-KNT-2022-23-973 dated 08.02.2023",Roads & Highways,Ministry of Road Transport & Highways,Karnataka,Bengaluru,MoRTH,334.0,334.0,63.62,53,53,2023-02-08,2027-06-26,2027-06-25,36.0,19.05,PNC Infratech Ltd,1,Central,Complete,Obtained,Obtained,Complete,Open,1,2026-02-10,7.7,1,0,0,0.0,0.0,8.0,Low
PROJ-617930,Construction of Bypass on NH-59 from Km 336/350 to 349/910 13.56 km near Berhampur town including 4-lane RoB in the state of Odisha.,Roads & Highways,Ministry of Road Transport & Highways,Odisha,Berhampur,MoRTH,197.0,197.0,59.55,56,69,2021-03-31,2025-12-11,2026-12-31,70.0,30.23,Afcons Infrastructure,3,Externally Aided,Partial,Pending,Not Required,Complete,Open,4,2026-08-08,7.1,3,0,1,0.0,23.21,26.4,Low
PROJ-617904,Construction of Bypass road to Balangir town from km 72/400 Desing km 0/0 to km 79/800 Design km 11/670 of NH-26 in the State of Odisha.,Roads & Highways,Ministry of Road Transport & Highways,Odisha,Bhubaneswar,MoRTH,239.0,239.0,6.79,44,58,2022-02-22,2025-10-25,2026-12-31,55.0,2.84,Tata Projects Ltd,1,Central,Complete,Obtained,Obtained,Partial,Single,4,2026-03-09,3.6,1,0,1,0.0,31.82,22.1,Low
PROJ-617925,Construction of Bypass to Khordha town from Km 294/000 to 300/300 on NH-57 including LA in the State of Odisha on EPC mode.,Roads & Highways,Ministry of Road Transport & Highways,Odisha,Bhubaneswar,MoRTH,157.0,157.0,33.69,33,55,2022-02-09,2024-11-02,2026-08-31,92.0,21.46,Dilip Buildcon Ltd,2,Central,Complete,Obtained,Obtained,Not Started,Open,3,2026-08-12,3.6,1,0,1,0.0,66.67,41.8,Medium
PROJ-617962,"Construction of Bypass to Madurai Achambathu Viratipathu in between km 6/850 10/382 of NH 49 Extn New NH 85 including Land Acquisition on Engineering, Procurement & Construction EPC basis Contract under NH O Annual Plan 2021-22 in the state of Tamil Nadu job No.NH-49 Extn New NH 85 - TN-2021-22-997",Roads & Highways,Ministry of Road Transport & Highways,Tamil Nadu,Madurai,MoRTH,239.0,260.07,126.56,53,53,2022-03-21,2026-08-23,2026-08-23,94.0,48.66,Tata Projects Ltd,0,Central,Complete,Obtained,Not Required,Partial,Single,0,2026-03-28,9.1,0,0,0,8.82,0.0,8.0,Low
PROJ-618950,Construction of Bypass to NH-114A Connecting NH-333 and NH-133 Deoghar Bypass from design km 0.000 to design Km 49.000,Roads & Highways,Ministry of Road Transport & Highways,Jharkhand,Deoghar,NHAI,1565.0,1565.0,106.04,38,38,2024-11-27,2028-01-27,2028-01-27,12.0,6.78,Adani Infra Ltd,1,PPP,Complete,Obtained,Not Required,Complete,Open,1,2026-07-31,8.6,0,0,0,0.0,0.0,8.0,Low
PROJ-617890,Construction of Champawat Bypass with two lane with paved shoulder configuration starting from existing chainage 121.700 to existing chainage 129.450 Design Length 9.847 of NH-125 in District-Champawat in the state of Uttrakhand on EPC mode.,Roads & Highways,Ministry of Road Transport & Highways,Uttarakhand,Roorkee,MoRTH,221.0,221.0,0.0,34,34,2025-02-20,2027-12-31,2027-12-31,8.0,0.0,Shapoorji Pallonji Co,0,State,Complete,Obtained,Obtained,Complete,Open,0,2026-05-20,9.8,1,0,0,0.0,0.0,8.0,Low
PROJ-617951,Construction of Chintamani Bypass from Design Ch.0000 Existing Ch.428880 to Design Ch.15400 Existing Ch.444010 on NH-69 in the State of Karnataka in EPC Mode under NHO Annual Plan 2022-23. NH-69-KNT-2022-23-989 dated 24.03.2023,Roads & Highways,Ministry of Road Transport & Highways,Karnataka,Bengaluru,MoRTH,315.0,315.0,7.02,52,52,2023-03-24,2027-07-18,2027-07-18,14.0,2.23,Megha Engineering (MEIL),0,Externally Aided,Partial,Obtained,Obtained,Complete,Open,0,2026-02-09,8.0,0,0,0,0.0,0.0,8.0,Low
PROJ-618262,Construction of Deoria Bypass from existing Km. 27.140 to existing Km. 46.780 Design Km. 49.109 on NH727A Design length 21.969 Km. to four lane with paved shoulder configuration under Hybrid Annuity Mode HAM in the State of Uttar Pradesh,Roads & Highways,Ministry of Road Transport & Highways,Uttar Pradesh,Lucknow,MoRTH,1735.0,1735.0,0.0,52,52,2023-03-27,2027-07-31,2027-07-31,10.0,0.0,Shapoorji Pallonji Co,0,State,Complete,Not Required,Obtained,Partial,Limited,1,2026-07-10,8.3,0,0,0,0.0,0.0,8.0,Low
PROJ-618079,Construction of Dharmagarh Bypass on NH-130C including land acquisition in the state of Odisha on EPC Mode under Annual plan 2022-23.,Roads & Highways,Ministry of Road Transport & Highways,Odisha,Bhubaneswar,MoRTH,173.0,173.0,0.0,43,43,2023-03-13,2026-10-21,2026-10-21,15.0,0.0,Tata Projects Ltd,1,Central,Complete,Obtained,Obtained,Complete,Single,0,2026-08-11,8.7,0,0,0,0.0,0.0,8.0,Low
PROJ-619004,"Construction of Dubrajpur Bypass with 4-lane configuration of length 5.676 km on NH-60 new NH-14 from design chainage 0.00 existing km 316.135 on NH-60 to design chainage 5.676 existing km 320.980 on NH-60 in the district of Birbhum, West Bengal under Annual Plan 2022-23 in EPC Mode- reg. Job. No. 014-WB-2022-23/518 .",Roads & Highways,Ministry of Road Transport & Highways,West Bengal,Kolkata,MoRTH,561.0,561.0,0.31,57,57,2023-03-29,2027-12-18,2027-12-17,8.0,0.06,Tata Projects Ltd,0,Central,Complete,Obtained,Obtained,Complete,Single,1,2026-06-06,8.6,0,0,0,0.0,0.0,8.0,Low
PROJ-619271,Construction of Elevated Corridor at Kherwara Town on Udaipur Ratanpur Shamlaji Section of NH-48 in Udaipur District in the State of Rajasthan on EPC mode,Roads & Highways,Ministry of Road Transport & Highways,Rajasthan,Udaipur,NHAI,364.0,364.0,0.38,33,33,2026-03-30,2029-01-08,2029-01-08,0.0,0.1,Ashoka Buildcon Ltd,0,PPP,Complete,Obtained,Obtained,Complete,Open,0,2026-02-15,9.1,0,0,0,0.0,0.0,8.0,Low
PROJ-617935,"Construction of Elevated corridor from Km. 135.650 to 136.300 on 63, from Km. 249 to Km. 250.050 on old NH-4 and from Km. 192.910 to Km. 193.350 on NH-218 from decongestion of traffic in Ranichennamma circle in Hubli city in the state of Karnataka on EPC basis",Roads & Highways,Ministry of Road Transport & Highways,Karnataka,Bengaluru,MoRTH,298.0,349.49,232.09,45,75,2020-08-31,2024-06-04,2026-11-30,65.0,66.41,PNC Infratech Ltd,2,Central,Partial,Obtained,Obtained,Not Started,Single,5,2026-07-18,3.7,1,1,1,17.28,66.67,54.8,Medium
PROJ-618525,Construction of flyover at Gammon Junction at Km.903.265 on NH16 including vent at Diwancheruvu junction at Km.902.308 Blackspot ID No.AP03299 in Andhra Pradesh on EPC mode under NHO,Roads & Highways,Ministry of Road Transport & Highways,Andhra Pradesh,Visakhapatnam,NHAI,327.0,223.29,43.82,31,31,2025-03-07,2027-10-20,2027-10-20,19.0,13.4,Shapoorji Pallonji Co,0,Central,Complete,Obtained,Obtained,Complete,Open,1,2026-05-25,7.1,0,0,0,0.0,0.0,8.0,Low
PROJ-619141,Construction of four lane access controlled highway from Chillakuru cross road to Turpu KanupurPart 1 of Package - II km 0.000 131.500 of NH - 16 to km 23.770 on New NH-516W including six lane flyover and approaches on NH-16 length km 1.050 and six lane access controlled from Turpu Kanupur to Port South Gate Part 2 of Package - II km 23.770 to km 35.015 on New NH-516W in the state of Andhra Pradesh on HAM Mode under Bharatmala Pariyojana Phase I,Roads & Highways,Ministry of Road Transport & Highways,Andhra Pradesh,Visakhapatnam,NHAI,864.0,844.39,358.97,40,43,2022-08-10,2025-12-06,2026-03-08,56.0,41.55,IRCON International,0,Central,Complete,Obtained,Obtained,Complete,Open,0,2026-02-01,9.6,0,0,0,0.0,7.5,8.0,Low
PROJ-618853,Construction of Four lane Elevated Structure at Raniwada Circle in Sanchore City on NH-68,Roads & Highways,Ministry of Road Transport & Highways,Uttarakhand,Haridwar,NHAI,353.0,241.34,192.88,29,34,2024-01-29,2026-07-11,2026-11-22,89.0,54.64,Afcons Infrastructure,3,Central,Not Started,Obtained,Not Required,Not Started,Open,5,2026-04-14,5.3,1,0,1,0.0,17.24,24.2,Low
PROJ-619194,"Construction of Four Lane Gola Flyover at Km 99.850 of NH 730 Major Junction with State Highways -93 of Engineering, Procurement and Construction EPC mode in the State of Uttar Pradesh.",Roads & Highways,Ministry of Road Transport & Highways,Uttar Pradesh,Lucknow,MoRTH,168.0,168.0,0.0,31,31,2025-03-26,2027-10-29,2027-10-29,12.0,0.0,Patel Engineering,0,PPP,Complete,Not Required,Obtained,Partial,Limited,0,2026-08-01,9.8,0,0,0,0.0,0.0,8.0,Low
PROJ-618883,Construction of Four Lane Highway form Ghazipur- Ballia-UP/Bihar State Border Greenfield section of NH-31 Package I [from Hridaipur km 0.000 to Shahapur km 42.500] on EPC Mode in the state of Uttar Pradesh.,Roads & Highways,Ministry of Road Transport & Highways,Uttar Pradesh,Lucknow,NHAI,1706.0,1579.59,1447.58,33,47,2022-10-07,2025-07-02,2026-08-31,100.0,84.85,PNC Infratech Ltd,3,Central,Not Started,Obtained,Pending,Complete,Single,4,2026-03-20,7.0,1,0,1,0.0,42.42,36.0,Medium
PROJ-618884,Construction of Four Lane Highway from Ghazipur- Ballia-UP/Bihar State Border Greenfield section of NH-31 Package II [from Shahapur km 42.500 to Pindari km 78.150] on EPC Mode in the state of Uttar Pradesh.,Roads & Highways,Ministry of Road Transport & Highways,Uttar Pradesh,Lucknow,NHAI,1494.0,1311.44,775.96,36,47,2022-10-14,2025-10-26,2026-08-30,98.0,51.94,Megha Engineering (MEIL),3,State,Partial,Pending,Obtained,Not Started,Open,3,2026-07-17,7.1,1,0,1,0.0,30.56,28.6,Low
PROJ-619154,Construction of Four Lane Highway from Ghazipur- Ballia-UP/Bihar State Border Greenfield section of NH-31 Package III [from Pindari km 78.150 to Rawalganj Bypass Km 117.120] on EPC Mode in the state of Uttar Pradesh.,Roads & Highways,Ministry of Road Transport & Highways,Uttar Pradesh,Lucknow,NHAI,1494.0,1493.59,1044.81,35,49,2022-10-05,2025-08-28,2026-10-31,86.0,69.93,Megha Engineering (MEIL),4,PPP,Complete,Pending,Not Required,Complete,Single,2,2026-06-01,5.0,3,0,1,0.0,40.0,32.4,Low
PROJ-618885,Construction of Four Lane Highway from Ghazipur- Ballia-UP/Bihar State Border Greenfield section of NH-31 Package IV [from Buxur Spur of length km 17.270 on EPC Mode in the state of Uttar Pradesh.,Roads & Highways,Ministry of Road Transport & Highways,Uttar Pradesh,Lucknow,NHAI,618.0,549.02,286.1,32,50,2022-10-12,2025-06-14,2026-11-30,91.0,46.29,Shapoorji Pallonji Co,4,PPP,Complete,Pending,Pending,Complete,Open,4,2026-03-15,5.5,1,0,1,0.0,56.25,41.8,Medium
PROJ-618164,Construction of four lane highway with paved shoulder from Km.74.700 to Km.112.950 of NH-731A i/c Yamuna Bridge on HAM in the state of Uttar Pradesh.,Roads & Highways,Ministry of Road Transport & Highways,Uttar Pradesh,Lucknow,MoRTH,1142.0,1157.31,0.0,51,53,2022-03-30,2026-06-23,2026-08-31,100.0,0.0,KNR Constructions Ltd,1,State,Complete,Obtained,Obtained,Complete,Limited,0,2026-04-16,8.5,0,0,0,1.34,3.92,8.0,Low
PROJ-619300,Construction of Four Lane Nagpur-Katol section of NH-353J including Mitigation Structures from Design Ch. 37000 to Ch. 45990 Tiger Corridor-I Mitigation Structures from Design Ch. 37000 to Ch. 45990 Tiger Corridor-I in the State of Maharashtra on EPC Mode,Roads & Highways,Ministry of Road Transport & Highways,Maharashtra,Nagpur,NHAI,301.0,301.0,0.0,23,23,2026-01-13,2027-12-17,2027-12-17,0.0,0.0,GMR Infrastructure,1,Central,Partial,Obtained,Obtained,Complete,Open,0,2026-08-15,8.1,0,0,0,0.0,0.0,8.0,Low
PROJ-618003,Construction of four lane ROB and its approaches in lieu of existing Level Crossing No. RV-71 at km 435 on NH-217 New NH-353 at Khariar including land acquisition under NHO in Annual Plan 2021-22 for the state of Odisha for F.Y. 2021-22 to F.Y 2033-34,Roads & Highways,Ministry of Road Transport & Highways,Odisha,Bhubaneswar,MoRTH,154.0,154.0,25.17,37,58,2021-11-15,2024-12-26,2026-09-30,90.0,16.34,Patel Engineering,1,Central,Not Started,Pending,Obtained,Partial,Open,3,2026-01-07,5.6,3,0,1,0.0,56.76,41.9,Medium
PROJ-618790,Construction of four laning of Bakarpur- Manikpur road section starting from village Chitarsenpur km 0000 and terminating at SH-74 near Manikpur 38814 at NH-139W under Bharatmalapariyona,Roads & Highways,Ministry of Road Transport & Highways,West Bengal,Kolkata,NHAI,1422.0,1537.99,635.91,48,54,2023-03-27,2027-04-05,2027-09-30,49.0,41.35,IRCON International,1,State,Complete,Obtained,Obtained,Complete,Limited,1,2026-05-09,9.5,0,0,0,8.16,12.5,12.7,Low
PROJ-618059,Construction of four-lane Concrete Road from Police Headquarter Gondia City to Rawanwadi Village Birsi Airport Junction from design km 0.000 to km 15.781 existing km 39/720 of NH-753 to existing Km 8/400 of NH 543 on sections from Kohmara- Goregaon- Police HeadquarterKaranja - Collector Office Square - Balaghat T Point- Rawanwadi- Rajegaon of NH-753 and NH-543 in Gondia District in the state of Maharashtra. Total Length of the project 15.781 Km.,Roads & Highways,Ministry of Road Transport & Highways,Maharashtra,Mumbai,MoRTH,328.0,328.0,111.48,30,44,2023-02-14,2025-08-14,2026-10-30,34.0,33.99,Hindustan Construction Company (HCC),1,Central,Not Started,Obtained,Pending,Partial,Open,5,2026-08-10,5.9,1,0,1,0.0,46.67,36.3,Medium
PROJ-618120,construction of Four-Lane of chausa-Buxar Bypass from Km 45.000 to Km 65.915 Package - 2 in the State of Bihar on EPC Mode.,Roads & Highways,Ministry of Road Transport & Highways,Bihar,Patna,MoRTH,1060.0,1060.0,0.22,64,64,2022-09-22,2028-01-13,2028-01-13,4.0,0.02,IRB Infrastructure Developers,0,PPP,Partial,Obtained,Obtained,Complete,Open,0,2026-05-05,9.2,0,0,0,0.0,0.0,8.0,Low
PROJ-619068,Construction of Greenfield Connectivity to Jewar International Airport from DND-Faridabad-Ballabhgarh Bypass KMP Link - Spur to Delhi Mumbai Expressway,Roads & Highways,Ministry of Road Transport & Highways,Maharashtra,Mumbai,NHAI,2921.0,3485.77,1772.67,35,57,2022-07-07,2025-06-21,2027-04-16,76.0,50.85,Adani Infra Ltd,3,PPP,Partial,Pending,Obtained,Not Started,Open,2,2026-04-20,3.5,1,1,1,19.33,62.86,53.7,Medium
PROJ-618412,Construction of i Connecting Road from Z-Morh Tunnel to Zojila Tunnel Road Length 18.475km and ii 14.150 Km long 2-L Bi-directional single tube Zoji-la Tunnel across Zojila Pass on Sonamarg - Kargil section from Km 82 to Km 118 of NH-01 under PMDP,Roads & Highways,Ministry of Road Transport & Highways,Ladakh,Kargil,NHIDCL,6809.0,6809.0,3574.5,104,121,2018-01-18,2026-09-30,2028-02-28,69.0,52.5,NCC Limited,2,Central,Complete,Obtained,Pending,Complete,Open,1,2026-07-17,5.6,2,0,1,0.0,16.35,15.7,Low
PROJ-618405,"Construction of Intermediate Lane of Pango to Jorging Road from 0000 to Design Km Design Km 40000 Design Length 40.00 Km, Pkg-l, Greenfield Alignment in the State of Arunachal Pradesh on EPC mode Pkg-1",Roads & Highways,Ministry of Road Transport & Highways,Arunachal Pradesh,Itanagar,NHIDCL,898.0,898.0,255.52,42,42,2024-01-15,2027-07-16,2027-07-16,40.0,28.45,Larsen & Toubro Ltd,0,Externally Aided,Complete,Obtained,Obtained,Partial,Limited,1,2026-02-19,7.1,1,0,0,0.0,0.0,8.0,Low
PROJ-618403,Construction of Intermediate Lane Road with hard shoulder from design Km 0.000 to Km 17.387 Total length 17.387 km of Hunli to Ithun Bridge section on NH-913 Frontier Highway in State of Arunachal Pradesh on EPC mode under NHO-NE,Roads & Highways,Ministry of Road Transport & Highways,Arunachal Pradesh,Itanagar,NHIDCL,276.0,276.0,163.15,35,35,2024-02-27,2027-01-30,2027-01-30,56.0,59.11,NCC Limited,1,Central,Complete,Obtained,Obtained,Partial,Open,1,2026-04-15,7.2,0,0,0,0.0,0.0,8.0,Low
PROJ-618402,"Construction of Intermediate Lane with Hard Shoulder of Hunli to Hayuliang from Design Km 0.000 to Km 53.000 Design Length 53.000 km, Greenfield Section of Frontier Highway NH-913 in the State of Arunachal Pradesh on EPC Mode Package-I",Roads & Highways,Ministry of Road Transport & Highways,Arunachal Pradesh,Itanagar,NHIDCL,1262.0,1262.0,255.45,48,48,2024-02-27,2028-02-29,2028-03-01,19.0,20.24,Hindustan Construction Company (HCC),0,State,Complete,Obtained,Obtained,Complete,Single,1,2026-01-31,8.3,0,0,0,0.0,0.0,8.0,Low
PROJ-618401,"Construction of Intermediate Lane with Hard Shoulder of Hunli to Hayuliang Package-III from design Km 60.000 to Km 121.500 Design Length 61.500 km, Greenfield Section of Frontier Highway NH-913 in the State of Arunachal Pradesh on EPC Mode Pkg-3",Roads & Highways,Ministry of Road Transport & Highways,Arunachal Pradesh,Itanagar,NHIDCL,1419.0,1419.0,93.19,53,53,2024-02-27,2028-07-17,2028-07-17,2.0,6.57,Tata Projects Ltd,1,Externally Aided,Complete,Obtained,Not Required,Complete,Single,1,2026-02-18,9.7,1,0,0,0.0,0.0,8.0,Low
PROJ-617922,Construction of Jharsuguda Bypass including Land acqusition on NH-49 from km 258.636 to km 283.300 design chainage 258.636 to km 289.876 under NHO in Annual Plan 2022-23 for the state of Odisha Job No.NH-49-OD-2022-23-655,Roads & Highways,Ministry of Road Transport & Highways,Odisha,Bhubaneswar,MoRTH,587.0,587.0,52.58,69,69,2021-09-26,2027-07-07,2027-07-07,25.0,8.96,Afcons Infrastructure,0,Central,Partial,Obtained,Obtained,Complete,Open,0,2026-01-31,7.8,0,0,0,0.0,0.0,8.0,Low
PROJ-618068,"Construction of Kaithi-Padaria Kala bypass, Patna-Tamoli bypass, Jaso bypass and Nagod bypass total length 15.44 Km to 2-lane with paved shoulders flexible pavement on NH-943 in the State of Madhya Pradesh on EPC Mode.",Roads & Highways,Ministry of Road Transport & Highways,Bihar,Patna,MoRTH,158.0,158.0,36.36,43,58,2022-03-04,2025-10-06,2026-12-31,63.0,23.01,IRB Infrastructure Developers,1,PPP,Partial,Pending,Pending,Partial,Single,4,2026-02-08,3.9,3,0,1,0.0,34.88,31.2,Low
PROJ-618129,"Construction of Kasrawad bypass, Selani bypass, Khargone bypass & Bistan bypass Total length. 31.950 km Section of NH-347 C to Two lane with paved shoulder configuration in the State of Madhya Pradesh on EPC mode.",Roads & Highways,Ministry of Road Transport & Highways,Madhya Pradesh,Bhopal,MoRTH,468.0,468.0,167.65,45,45,2023-03-24,2026-12-31,2026-12-31,99.0,35.82,NCC Limited,0,Central,Complete,Obtained,Obtained,Partial,Limited,0,2026-03-08,7.3,0,0,0,0.0,0.0,8.0,Low
PROJ-618399,Construction of Kishtwar bypass with 2 lane with paved shoulder from Design Km. 80.675 Dulhasti to km 95.550 Bandarkoot of 14.88 km & a link road to Kishtwar town from 0000 to 1.871 of length1.871 Km on Khellani - Kishtwar - Chattroo section in UT of Jammu and Kashmir on EPC Mode Pkg-4,Roads & Highways,Ministry of Road Transport & Highways,Jammu and Kashmir,Jammu,NHIDCL,860.0,860.0,363.03,29,75,2021-03-30,2023-08-23,2027-06-30,51.0,42.21,PNC Infratech Ltd,2,Central,Partial,Obtained,Pending,Partial,Open,3,2026-07-26,3.6,0,0,1,0.0,158.62,42.7,Medium
PROJ-618554,Construction of left out portion of Agra Inner Ring Road connecting village Deori to NH-44 village Bad from Km. 0.000 to Km. 7.772,Roads & Highways,Ministry of Road Transport & Highways,Uttar Pradesh,Agra,NHAI,879.0,787.58,629.11,26,50,2022-07-15,2024-09-19,2026-08-31,94.0,71.57,KNR Constructions Ltd,1,Central,Not Started,Pending,Pending,Partial,Open,4,2026-06-23,6.9,2,0,1,0.0,92.31,48.3,Medium
PROJ-618404,Construction of lntermediate Lane Road with hard shoulder from design chainage Km 0.000 to Km 53.040 Existing Length68.500 Km & Total Design length 53.04 km of Tato to Monigong section of NH-913 Frontier Highway on Nafra Bomdila to Vijaynagar along China border in state of Arunachal pradesh on EPC mode,Roads & Highways,Ministry of Road Transport & Highways,Arunachal Pradesh,Itanagar,NHIDCL,626.0,626.0,269.64,47,47,2023-12-07,2027-11-14,2027-11-14,23.0,43.07,Afcons Infrastructure,1,PPP,Complete,Obtained,Obtained,Complete,Open,0,2026-02-18,7.9,0,0,0,0.0,0.0,8.1,Low
PROJ-617989,Construction of Major Bridge at Km.180.865 across river Krishna on NH 167 Hagari Jadcherla section,Roads & Highways,Ministry of Road Transport & Highways,Tamil Nadu,Madurai,MoRTH,157.0,187.61,103.33,32,98,2019-03-06,2021-11-06,2027-04-30,69.0,55.08,Tata Projects Ltd,3,PPP,Not Started,Obtained,Not Required,Not Started,Single,5,2026-07-17,6.7,0,1,1,19.5,206.25,57.8,Medium
PROJ-618956,Construction of Major Bridge over Baghmati and Lakhandei River along with Approaches from Design km.16.500 to km.21.500,Roads & Highways,Ministry of Road Transport & Highways,Maharashtra,Aurangabad,NHAI,499.0,380.3,57.23,38,49,2024-02-14,2027-04-30,2028-03-16,27.0,11.47,GMR Infrastructure,4,State,Not Started,Pending,Not Required,Partial,Open,3,2026-05-28,5.0,1,0,1,0.0,28.95,29.7,Low
PROJ-617895,Construction of Mangaldoi Bypass NH-15 starting at Ch 26400 and terminating at Ch 41505 under Rangia NH Division L 15.105 Km in the State of Assam. Job No. 15/AS/2021-22/234,Roads & Highways,Ministry of Road Transport & Highways,Assam,Guwahati,MoRTH,535.0,535.0,209.27,37,56,2022-03-30,2025-04-28,2026-12-09,76.0,39.12,IRB Infrastructure Developers,3,Central,Complete,Pending,Pending,Complete,Limited,4,2026-03-25,3.7,1,0,1,0.0,51.35,38.0,Medium
PROJ-618081,Construction of Mariahu Bypass with four lane paved shoulder configuration Km. 53.540 to Km.59.200 of NH-135A on EPC mode in the state of Uttar Pradesh,Roads & Highways,Ministry of Road Transport & Highways,Uttar Pradesh,Lucknow,MoRTH,438.0,362.39,81.45,36,46,2023-03-01,2026-02-28,2026-12-31,55.0,18.6,Patel Engineering,4,Externally Aided,Complete,Pending,Not Required,Partial,Single,3,2026-08-03,5.8,2,0,1,0.0,27.78,26.0,Low
PROJ-618253,Construction of missing link from Birhu to Lathiani from Km 35/550 Design chainage Km 0.000 to Km 42/800 Design Chainage Km 8.153on NH-503A including Lathiani Bridge on back water of Govindsagar and its approaches in Himachal Pradesh.,Roads & Highways,Ministry of Road Transport & Highways,Himachal Pradesh,Shimla,MoRTH,871.0,896.86,0.0,69,69,2023-06-23,2029-03-29,2029-03-29,0.0,0.0,Patel Engineering,0,PPP,Complete,Obtained,Obtained,Complete,Open,0,2026-08-04,7.4,0,0,0,2.97,0.0,8.0,Low
PROJ-618156,"Construction of Morena bypass, Ambah bypass & Porsa bypass Totat length 27.16 km Section of NH-552 Ext. to TWo lane with paved shoulder configuration in the state of Madhya Pradesh on EPC mode",Roads & Highways,Ministry of Road Transport & Highways,Madhya Pradesh,Bhopal,MoRTH,493.0,493.0,0.0,44,44,2023-02-08,2026-10-02,2026-10-02,74.0,0.0,Patel Engineering,1,Central,Complete,Obtained,Obtained,Complete,Single,0,2026-07-20,8.5,0,0,0,0.0,0.0,8.0,Low
PROJ-618159,"Construction of new 2 Lane with paved shoulders of NH Standards from km 0.080 to km 11.690 L11.610 km in Majuli and from km 19.715 to km 27.484 L 7.769 km in Jorhat on the newly declared NH 715K and construction of 1.10 km flyover on NH-715 with its approaches and service roads L1.10 km, Total Length 20.479 km in the State of Assam Job No. 715K/AS/2023-24/256",Roads & Highways,Ministry of Road Transport & Highways,Assam,Jorhat,MoRTH,382.0,382.0,28.96,37,37,2024-02-23,2027-03-28,2027-03-28,7.0,7.58,Afcons Infrastructure,0,PPP,Complete,Obtained,Obtained,Complete,Open,0,2026-04-06,9.8,0,0,0,0.0,0.0,8.0,Low
PROJ-618286,Construction of New 2-Lane Bridge with its approaches from km 0000 to Km 4385 across River Brahmaputra on NH-17 at Jogighopa in Assam on EPC mode,Roads & Highways,Ministry of Road Transport & Highways,Assam,Guwahati,NHIDCL,747.0,747.0,435.79,38,63,2021-09-09,2024-11-10,2026-12-18,81.0,58.34,PNC Infratech Ltd,4,Central,Complete,Obtained,Pending,Not Started,Open,3,2026-01-15,5.4,3,0,1,0.0,65.79,47.7,Medium
PROJ-617926,Construction of new 4 lane major bridge with approaches on Sabarmati River near Dharoi at Km. 82/00 to 86/00 Design length 3.300 km on NH-58 in the State of Gujarat on Hybrid Annuity Mode HAM,Roads & Highways,Ministry of Road Transport & Highways,Gujarat,Ahmedabad,MoRTH,398.0,398.0,0.0,41,41,2024-03-15,2027-08-19,2027-08-19,53.0,0.0,PNC Infratech Ltd,0,Central,Complete,Obtained,Obtained,Complete,Limited,0,2026-06-10,7.6,0,0,0,0.0,0.0,8.0,Low
PROJ-618246,Construction of New 4-Lane Bridge Parallel to existing Vikramashila Setufrom km 8920 to Km 13375including approach road 35m Naugachhia side &53 m Bhagalpur sideacross River Ganga on newly declared NH-131B at Bhagalpur in the State of Bihar,Roads & Highways,Ministry of Road Transport & Highways,Bihar,Bhagalpur,MoRTH,1110.0,1110.0,522.58,82,104,2020-07-17,2027-05-08,2029-03-31,53.0,47.08,Hindustan Construction Company (HCC),1,Externally Aided,Complete,Obtained,Not Required,Not Started,Single,3,2026-04-01,6.3,3,0,1,0.0,26.83,22.6,Low
PROJ-618801,Construction of New Double Tier 4-lane Elevated Corridor from Chennai Port to Maduravoyal in Chennai District from Km -0342 to Km 20223 Package 1 from Km -0342 to Km 4604,Roads & Highways,Ministry of Road Transport & Highways,Tamil Nadu,Chennai,NHAI,1389.0,1388.59,275.2,38,73,2023-03-15,2026-05-20,2029-03-31,23.0,19.81,Megha Engineering (MEIL),3,PPP,Complete,Pending,Pending,Not Started,Single,1,2026-02-17,5.1,2,0,1,0.0,92.11,45.8,Medium
PROJ-618800,Construction of New Double Tier 4L Elevated Corridor from Chennai Port to Maduravoyal in Chennai District from km -0.342 to Km 20.593 and Package II from Km 4.604 to Km 9.700,Roads & Highways,Ministry of Road Transport & Highways,Tamil Nadu,Chennai,NHAI,1617.0,1616.97,250.4,38,73,2023-03-15,2026-05-20,2029-03-31,18.0,15.49,Patel Engineering,1,Externally Aided,Not Started,Obtained,Obtained,Not Started,Open,3,2026-02-05,6.3,2,0,1,0.0,92.11,45.8,Medium
PROJ-619139,Construction of New Double Tier 4L Elevated Corridor from Chennai Port to Maduravoyal in Chennai District from km -0.342 to Km 20.593 and Package III from Km 9.700 to Km 14.185,Roads & Highways,Ministry of Road Transport & Highways,Tamil Nadu,Chennai,NHAI,1299.0,1299.36,193.34,38,73,2023-03-15,2026-05-20,2029-03-31,17.0,14.88,Tata Projects Ltd,4,Central,Partial,Pending,Obtained,Complete,Single,5,2026-04-12,4.3,2,0,1,0.03,92.11,48.5,Medium
PROJ-619045,Construction of New Double Tier 4L Elevated Corridor from Chennai Port to Maduravoyal in Chennai District from km -0.342 to Km 20.593 and Package IV from Km 14.185 to Km 20.593,Roads & Highways,Ministry of Road Transport & Highways,Tamil Nadu,Chennai,NHAI,1205.0,1210.21,88.16,38,73,2023-03-15,2026-05-20,2029-03-31,9.0,7.28,Adani Infra Ltd,4,Externally Aided,Complete,Pending,Not Required,Partial,Open,4,2026-03-11,6.3,1,0,1,0.43,92.11,45.6,Medium
PROJ-617932,Construction of New Four Lane Bypass to Parbhani City Parwa to Asola Km 463/265 to Km 481/180 Design Ch. 19220 to Ch. 34434 Length-15.214 Km section of NH-61 on EPC mode in the State of Maharashtra.,Roads & Highways,Ministry of Road Transport & Highways,Maharashtra,Mumbai,MoRTH,497.0,497.0,210.17,31,55,2022-03-29,2024-10-15,2026-10-30,70.0,42.29,Shapoorji Pallonji Co,2,State,Not Started,Obtained,Obtained,Complete,Open,5,2026-07-23,5.1,0,0,1,0.0,77.42,45.0,Medium
PROJ-617960,Construction of new road at the missing link portion of NH-81 along approved alignment between Harishchandrapur and Eastern approach of Kalindri Bridge from Km 46.550 to Km 59.697 in the district of Malda. Job No-081-WB-2015-16/400,Roads & Highways,Ministry of Road Transport & Highways,Tamil Nadu,Tuticorin,MoRTH,271.0,291.2,216.61,27,123,2016-08-12,2018-11-01,2026-10-31,86.0,74.39,Megha Engineering (MEIL),4,Central,Partial,Obtained,Obtained,Partial,Open,1,2026-04-14,6.9,3,0,1,7.45,355.56,49.0,Medium
PROJ-618355,"Construction of of 2 -Lane with paved shoulders road from Tamenglong-Tousem-Lisang-Mahur Road NH-137 starting near Dialong Village from km 10.000 at Dialong to km 31.430 near Old Tamenglong , near Barak River on EPC Mode Package-2",Roads & Highways,Ministry of Road Transport & Highways,Assam,Dibrugarh,NHIDCL,484.0,484.0,375.87,20,56,2021-07-20,2023-03-16,2026-03-31,95.0,77.66,PNC Infratech Ltd,3,PPP,Not Started,Pending,Pending,Partial,Limited,4,2026-02-11,6.0,0,0,1,0.0,180.0,48.8,Medium
PROJ-618254,Construction of Paderu bypass Km 0000 to Km 13000 of 2- lane with paved shoulder on NH-516E,Roads & Highways,Ministry of Road Transport & Highways,Gujarat,Rajkot,MoRTH,244.0,244.0,21.96,39,45,2023-03-29,2026-07-08,2026-12-31,13.0,9.0,Hindustan Construction Company (HCC),1,Externally Aided,Partial,Pending,Not Required,Not Started,Single,5,2026-01-07,3.6,2,0,1,0.0,15.38,21.2,Low
PROJ-618055,Construction of Pratapgarh Bypass Extension connecting NH-31 to NH-330 on EPC mode in the State of Uttar Pradesh.,Roads & Highways,Ministry of Road Transport & Highways,Uttar Pradesh,Lucknow,MoRTH,225.0,225.0,66.96,33,48,2022-10-10,2025-06-30,2026-09-30,78.0,29.76,Shapoorji Pallonji Co,4,PPP,Complete,Pending,Pending,Complete,Open,1,2026-04-23,4.7,2,0,1,0.0,45.45,34.8,Low
PROJ-617897,Construction of proposed 4Lane Revelgunj bypass NH-19 in the State of Bihar on EPC mode connecting NH 19 to 85 origin,Roads & Highways,Ministry of Road Transport & Highways,Bihar,Patna,MoRTH,295.0,295.0,44.18,39,57,2022-03-31,2025-07-09,2026-12-31,89.0,14.98,IRCON International,3,Central,Not Started,Pending,Obtained,Not Started,Single,3,2026-03-18,4.3,0,0,1,0.0,46.15,37.5,Medium
PROJ-618244,Construction of Raebareli Ring Road Phase-2 with four Lane configuration for Raebareli City in the state of Uttar Pradesh on Hybrid Annuity Model HAM basis,Roads & Highways,Ministry of Road Transport & Highways,Uttar Pradesh,Lucknow,MoRTH,1274.0,1274.0,0.0,61,61,2022-03-31,2027-05-01,2027-05-01,55.0,0.0,Shapoorji Pallonji Co,0,Central,Complete,Obtained,Not Required,Partial,Open,1,2026-01-17,9.3,0,0,0,0.0,0.0,8.0,Low
PROJ-618204,Construction of realignment between Pandrass- Pashkyun Total length 27.10 km on road Zozila-Kargil -Leh NH-1 to 2 lane specifications i.e. Drass alignment 9.30 km Kharboo realignment 6.30 km & Kargil alignment 11.50 km under project Vijayak BRO in the UT of Ladakh on EPC Mode,Roads & Highways,Ministry of Road Transport & Highways,Ladakh,Leh,MoRTH,426.0,426.0,112.2,43,69,2021-11-09,2025-06-18,2027-07-31,55.0,26.34,IRB Infrastructure Developers,4,Central,Not Started,Pending,Not Required,Partial,Open,2,2026-03-23,6.8,1,0,1,0.0,60.47,44.6,Medium
PROJ-617909,Construction of Rewa Bypass to 4-lane with paved shoulder along with service road from Ratahara Chowk to Chorhata Chowk Road section of NH-30 from km 00.000 to 19.200 in the State of Madhya Pradesh on Hybrid Annuity Mode HAM.,Roads & Highways,Ministry of Road Transport & Highways,Madhya Pradesh,Rewa,MoRTH,648.0,648.0,0.0,35,35,2024-03-15,2027-02-26,2027-02-26,50.0,0.0,Adani Infra Ltd,0,PPP,Complete,Obtained,Obtained,Complete,Limited,0,2026-08-09,7.2,0,0,0,0.0,0.0,8.0,Low
PROJ-618540,Construction of Ring Road around Kanpur from Ch.23.325 to Ch.32.090 Chaudhariya to Transganga Package-IIA,Roads & Highways,Ministry of Road Transport & Highways,Uttar Pradesh,Kanpur,NHAI,1089.0,977.45,252.18,39,45,2024-08-02,2027-10-31,2028-04-29,50.0,23.16,Hindustan Construction Company (HCC),2,State,Not Started,Pending,Not Required,Complete,Open,2,2026-07-07,4.8,2,0,1,0.0,15.38,20.4,Low
PROJ-618538,Construction of Ring Road around kanpur from Ch.51.200 to Ch. 68.650 Badarka to Harbanch-Uchti Pkg-III,Roads & Highways,Ministry of Road Transport & Highways,Uttar Pradesh,Kanpur,NHAI,1793.0,1126.75,284.83,47,47,2023-09-06,2027-07-27,2027-07-27,35.0,15.89,IRB Infrastructure Developers,0,Externally Aided,Complete,Obtained,Obtained,Complete,Single,0,2026-06-24,7.1,0,0,0,0.0,0.0,8.0,Low
PROJ-618536,Construction of Ring Road around Kanpur from Ch.68.650 to Ch.93.209 Jarkala to Pakari Package-IV in State of Uttar Pradesh.,Roads & Highways,Ministry of Road Transport & Highways,Uttar Pradesh,Kanpur,NHAI,1604.0,1192.16,266.36,53,53,2023-02-10,2027-06-29,2027-06-29,39.0,16.61,Megha Engineering (MEIL),0,Externally Aided,Partial,Obtained,Obtained,Complete,Open,1,2026-04-07,8.1,0,0,0,0.0,0.0,8.0,Low
PROJ-618537,Construction of Ring Road around Kanpur from Km.000 to Km. 23.325 Chachendi Sachendi I to Maharajpur Package-I,Roads & Highways,Ministry of Road Transport & Highways,Uttar Pradesh,Kanpur,NHAI,1754.0,1311.7,479.56,41,50,2023-01-01,2026-06-06,2027-02-28,62.0,27.34,Adani Infra Ltd,3,PPP,Not Started,Pending,Pending,Not Started,Open,4,2026-03-24,4.4,0,0,1,0.0,21.95,27.9,Low
PROJ-618539,Construction of Ring Road Kanpur from Ch. 32.090 to Ch.51.200 Transganaga to Sathara Package-II B,Roads & Highways,Ministry of Road Transport & Highways,Uttar Pradesh,Kanpur,NHAI,1089.0,1106.92,54.19,38,38,2024-08-02,2027-09-21,2027-09-21,20.0,4.9,IRB Infrastructure Developers,1,Central,Complete,Obtained,Obtained,Partial,Open,0,2026-07-15,7.6,0,0,0,1.65,0.0,8.0,Low
PROJ-617931,Construction of ROB and its approaches in lieu of LC No. 10/B/T at Km 307.050 of NH-60.,Roads & Highways,Ministry of Road Transport & Highways,Ladakh,Kargil,MoRTH,156.0,138.57,20.6,113,140,2016-03-04,2025-08-06,2027-10-31,17.0,13.21,IRCON International,4,PPP,Not Started,Pending,Not Required,Not Started,Open,4,2026-07-24,6.3,1,0,1,0.0,23.89,29.7,Low
PROJ-617967,Construction of Rudraprayag tunnel of length 900.30 MTR including approaches and one major bridge on river Alaknanda connecting NH-107/old-109 to NH-07old-58 on EPC mode in the state of Uttarakhand.,Roads & Highways,Ministry of Road Transport & Highways,Uttarakhand,Dehradun,MoRTH,252.0,252.0,108.94,53,65,2021-02-16,2025-07-25,2026-07-31,99.0,43.23,GMR Infrastructure,1,Central,Not Started,Obtained,Obtained,Complete,Open,4,2026-04-12,5.8,0,0,1,0.0,22.64,20.5,Low
PROJ-618260,"Construction of Salempur bypass to 4LPS from km 64.000 of NH-727A Km 171.00 of Sonauli Balia Marg, old SH-01, near Mahadahan Chauraha to km 61.500 of NH-727B Km 178.500 of Sonauli Balia Marg, old SH-01, near near Ahirauli Village under Hybrid Annuity Mode HAM in the State of Uttar Pradesh",Roads & Highways,Ministry of Road Transport & Highways,Uttar Pradesh,Lucknow,MoRTH,1348.0,1348.0,0.0,67,68,2022-03-27,2027-11-10,2027-11-11,35.0,0.0,Afcons Infrastructure,0,Central,Complete,Obtained,Obtained,Complete,Open,0,2026-08-07,9.7,0,0,0,0.0,1.49,8.0,Low
PROJ-618057,Construction of Shohratgarh Bypass on NH-730 under EPC mode in the State of Uttar Pradesh,Roads & Highways,Ministry of Road Transport & Highways,Uttar Pradesh,Lucknow,MoRTH,189.0,189.0,31.42,31,51,2022-10-10,2025-05-23,2026-12-31,54.0,16.62,Hindustan Construction Company (HCC),4,Central,Partial,Pending,Obtained,Partial,Single,4,2026-04-27,5.5,3,0,1,0.0,64.52,47.4,Medium
PROJ-618038,Construction of Shopian Bypass on NH-444 taking off from existing chainage Km 36500 and re-joining at km 47588 of existing Chainage New Design Ch. From km 28000 to km 36925 as 2- lane with paved shoulder in the UT of Jammu & Kashmir on EPC mode.,Roads & Highways,Ministry of Road Transport & Highways,Jammu and Kashmir,Jammu,MoRTH,224.0,224.0,0.0,46,46,2024-03-11,2028-01-11,2028-01-11,3.0,0.0,NCC Limited,0,PPP,Complete,Obtained,Obtained,Complete,Open,0,2026-06-03,7.2,0,0,0,0.0,0.0,8.0,Low
PROJ-617980,Construction of six lane elevated corridor from km 7.950 Uppal to km 14.200 of NH-163 to De-Congest the urban limits of Hyderabad-Bhoopalapatnam section on EPC mode in the state of Telangana,Roads & Highways,Ministry of Road Transport & Highways,Telangana,Hyderabad,MoRTH,627.0,627.0,24.4,27,117,2018-03-27,2020-07-01,2027-12-31,54.0,3.89,Hindustan Construction Company (HCC),4,Externally Aided,Not Started,Obtained,Obtained,Not Started,Single,2,2026-04-17,5.2,2,0,1,0.0,333.33,48.9,Medium
PROJ-617942,Construction of Six lane Elevated Corridor from Km. 508.000 to Km. 513.150 including approaches on NH-66,Roads & Highways,Ministry of Road Transport & Highways,Ladakh,Leh,MoRTH,641.0,641.0,0.0,36,42,2023-04-25,2026-04-15,2026-10-14,99.0,0.0,KNR Constructions Ltd,4,Central,Partial,Pending,Obtained,Complete,Limited,4,2026-03-16,5.2,3,0,1,0.0,16.67,23.3,Low
PROJ-618535,Construction of Six lane elevated flyover including reconstruction/rehabilitation of existing pavement from Km 406100 to Km 411150 Length 5.05 Km at Gobindpur area in the Barwa Adda Panagarh section of NH-19 from Km.398.240 to Km.521.120 including Panagarh Bypass in the State of Jharkhand on EPC Mode.,Roads & Highways,Ministry of Road Transport & Highways,Jharkhand,Ranchi,NHAI,688.0,442.52,67.84,38,38,2025-01-27,2028-03-21,2028-03-21,20.0,9.86,Patel Engineering,1,Central,Complete,Obtained,Obtained,Complete,Single,0,2026-05-09,7.2,0,0,0,0.0,0.0,8.0,Low
PROJ-618534,Construction of Six lane elevated flyover including reconstruction/rehabilitation of existing pavement from Km 426230 to Km 430500 Length 4.27 Km at Nirsa in the Barwa Adda Panagarh section of NH-19 from Km.398.240 to Km.521.120 including Panagarh Bypass in the State of Jharkhand on EPC Mode.,Roads & Highways,Ministry of Road Transport & Highways,Jharkhand,Ranchi,NHAI,471.0,471.0,0.93,43,43,2025-01-27,2028-08-16,2028-08-16,0.0,0.2,Larsen & Toubro Ltd,1,PPP,Complete,Obtained,Not Required,Complete,Open,0,2026-02-28,7.4,0,0,0,0.0,0.0,8.0,Low
PROJ-619042,"Construction of six lane Flyover at Katraj junction at Km, 3/880 of NH 548-DD Vadgaon - Katraj - Kondhwa - Mantarwadi Chowk - Loni Kalbhor - Theur Phata - Lonikand Road in Pune Dist of the State of Maharashtra. On Engineering Procurement and construction EPC Basis mode L.1.326 Km,",Roads & Highways,Ministry of Road Transport & Highways,Maharashtra,Pune,MoRTH,164.0,164.0,80.23,60,60,2021-02-23,2026-02-18,2023-02-25,83.0,48.92,Megha Engineering (MEIL),0,PPP,Complete,Obtained,Obtained,Complete,Open,0,2026-07-30,9.7,0,0,0,0.0,0.0,8.0,Low
PROJ-617950,Construction of Srinivasapura Bypass from existing Km 453.890 Design Ch. 0000 to existing Km 461.450 Design Ch 10080 on NH-69 in the State of Karnataka Under NH O in EPC mode under Annual Plan 2022-23 NH-69-KNT-2022-23-966 dated 22.11.2022,Roads & Highways,Ministry of Road Transport & Highways,Karnataka,Bengaluru,MoRTH,204.0,204.0,9.76,49,49,2022-11-30,2027-01-11,2027-01-11,22.0,4.78,IRB Infrastructure Developers,1,State,Partial,Obtained,Obtained,Complete,Limited,0,2026-08-09,8.2,0,0,0,0.0,0.0,8.0,Low
PROJ-618939,Construction of Standalone Flyover cum ROB from Design Ch.66.600 to Design Ch.68.800 in Gadchandur Town on NH-353B,Roads & Highways,Ministry of Road Transport & Highways,Tripura,Dharmanagar,NHAI,191.0,107.76,37.07,29,29,2025-02-24,2027-07-25,2027-07-25,40.0,19.41,Afcons Infrastructure,0,Central,Complete,Obtained,Obtained,Partial,Open,0,2026-05-07,8.3,1,0,0,0.0,0.0,8.0,Low
PROJ-618480,Construction of Trumpet Interchange Connecting Bangalore Chennai Expressway km.261705 to km. 262800 with Maduravoyal to Walajapet Section of NH 48 near Sriperumbudur Toll Plaza at km. 35700,Roads & Highways,Ministry of Road Transport & Highways,Tamil Nadu,Chennai,NHAI,163.0,162.56,54.98,28,42,2023-05-03,2025-08-23,2026-10-31,39.0,33.73,Patel Engineering,3,PPP,Complete,Pending,Not Required,Partial,Open,5,2026-05-05,5.5,0,0,1,0.0,50.0,35.4,Medium
PROJ-618549,Construction of twin tube tunnels on Jammu Kashmir Ring Road NH-244A Between Design Ch. 50600 to 51700 and design Ch. 53535 to 55700 on EPC mode under residual NHDP component of Bharatmala Pariyojna,Roads & Highways,Ministry of Road Transport & Highways,Jammu and Kashmir,Jammu,NHAI,243.0,731.59,677.47,30,49,2022-11-28,2025-06-07,2026-12-31,84.0,92.6,Hindustan Construction Company (HCC),2,PPP,Partial,Obtained,Pending,Not Started,Open,3,2026-05-30,4.8,1,1,1,201.07,63.33,80.3,High
PROJ-618323,Construction of Twin Tube Uni-directional Aizawl Bypass Tunnel of 2.5 km and its approaches of 2.1 km from km 10.600 to km 15.200 on Sarrang - Phaibawk section of NH-6 in the State of Mizoram on EPC Mode under NHO-NE Package-2,Roads & Highways,Ministry of Road Transport & Highways,Mizoram,Aizawl,NHIDCL,1313.0,1313.0,0.11,59,59,2024-01-10,2028-12-02,2028-12-02,0.0,0.01,IRB Infrastructure Developers,1,Central,Complete,Obtained,Obtained,Complete,Open,0,2026-07-26,8.4,0,0,0,0.0,0.0,8.0,Low
PROJ-618170,Construction of Two lane with paved shoulder configuration of Shujalpur Bypass section of NH-752C from km 33100 Design to km. 42570 Design total design length 10.470 km in the State of Madhya Pradesh on EPC mode.,Roads & Highways,Ministry of Road Transport & Highways,Madhya Pradesh,Bhopal,MoRTH,214.0,214.0,38.07,30,45,2023-03-22,2025-09-14,2026-12-31,46.0,17.79,Shapoorji Pallonji Co,1,PPP,Complete,Pending,Pending,Complete,Open,5,2026-06-30,4.4,2,0,1,0.0,50.0,36.6,Medium
PROJ-618075,Construction of two lane with paved shoulder from existing Km.0.000 to Km.55.610 design km. 0.000 to km. 54.048 of NH-124D,Roads & Highways,Ministry of Road Transport & Highways,Nagaland,Kohima,MoRTH,841.0,773.58,210.11,50,63,2021-12-22,2026-02-08,2027-03-31,77.0,24.98,Hindustan Construction Company (HCC),3,Central,Complete,Obtained,Obtained,Partial,Open,1,2026-07-07,4.9,0,0,1,0.0,26.0,18.0,Low
PROJ-618071,Construction of two lane with paved shoulder Gangtok Bypass Road from Ranipool to Burtuk Ch 0.00 Km to 23.316 L23.316 Km in the State of Sikkim,Roads & Highways,Ministry of Road Transport & Highways,Sikkim,Gangtok,MoRTH,385.0,342.89,203.36,31,62,2021-10-18,2024-05-22,2026-12-31,92.0,52.82,IRB Infrastructure Developers,3,PPP,Complete,Obtained,Not Required,Complete,Limited,3,2026-07-07,4.0,1,0,1,0.0,100.0,41.4,Medium
PROJ-618169,Construction of Two Lane with paved shoulder highway from Design Ch.0.000 to Ch.49.2OO of NH-731B on EPC Mode,Roads & Highways,Ministry of Road Transport & Highways,Gujarat,Vadodara,MoRTH,640.0,602.76,270.82,44,54,2022-03-24,2025-11-29,2026-09-30,98.0,42.32,Patel Engineering,1,PPP,Not Started,Obtained,Not Required,Complete,Open,3,2026-03-29,5.4,3,0,1,0.0,22.73,23.0,Low
PROJ-619251,Construction of two lane with paved shoulder of Ghatol Bypass from km 133.250 to km 140.950 of NH-56 old NH No. 113 on EPC mode in the State of Rajasthan.,Roads & Highways,Ministry of Road Transport & Highways,Rajasthan,Jaipur,MoRTH,170.0,170.0,0.0,30,30,2025-03-30,2027-09-23,2027-09-23,17.0,0.0,GMR Infrastructure,0,State,Complete,Obtained,Obtained,Complete,Single,0,2026-02-16,9.6,0,0,0,0.0,0.0,8.0,Low
PROJ-618843,Construction of two lane with paved shoulders bypass to Mungrabadshapur town starting from near Kodahu at Km 47/225 of NH-319D and ending near Nauwadandi at Km 219/720 of NH-31 under NHO in the state of Uttar Pradesh on EPC mode,Roads & Highways,Ministry of Road Transport & Highways,Uttar Pradesh,Lucknow,NHAI,198.0,165.28,54.54,25,25,2025-02-13,2027-03-21,2027-03-21,23.0,27.55,IRB Infrastructure Developers,1,Externally Aided,Complete,Obtained,Obtained,Complete,Open,0,2026-01-05,8.5,0,0,0,0.0,0.0,8.0,Low
PROJ-618848,Construction of Underpass beneath airport runway on NH-31 old NH-56 for proposed expansion of runway of Babatpur Airport Varanasi,Roads & Highways,Ministry of Road Transport & Highways,Uttar Pradesh,Varanasi,NHAI,649.0,649.0,0.09,32,32,2025-02-03,2027-09-29,2027-09-29,22.0,0.01,Hindustan Construction Company (HCC),0,Externally Aided,Complete,Obtained,Obtained,Complete,Limited,0,2026-02-24,7.4,0,0,0,0.0,0.0,8.0,Low
PROJ-617894,"Construction or 4 lane Raniganj Bypass of length 5.261 km on NH-60 new NH-14 from km 273.00 of NH to km 478.18 of NH-2 New NH 16 in paschim Bardhaman, West Bengal in EPC Mode- reg. Job No. 014-WB-2022-23/514",Roads & Highways,Ministry of Road Transport & Highways,West Bengal,Kolkata,MoRTH,411.0,411.0,184.64,36,50,2023-03-06,2026-03-08,2027-05-05,67.0,44.92,PNC Infratech Ltd,3,Central,Not Started,Obtained,Pending,Not Started,Single,1,2026-08-06,5.7,3,0,1,0.0,38.89,35.4,Medium
PROJ-617902,construction or By-pass road on NH-26 for Nabrangpur Town,Roads & Highways,Ministry of Road Transport & Highways,Delhi,New Delhi,MoRTH,169.0,169.0,11.13,44,45,2023-03-27,2026-12-01,2026-12-31,38.0,6.59,Hindustan Construction Company (HCC),0,Central,Complete,Obtained,Not Required,Complete,Open,0,2026-08-07,7.3,1,0,0,0.0,2.27,8.0,Low
PROJ-618963,Construction work of 4-laning of Shahganj bypass end to Badi Package-IV of NH-146B from design km 102.000 to design km 142.357 Design length 40.357 km,Roads & Highways,Ministry of Road Transport & Highways,Karnataka,Ballari,NHAI,784.0,836.64,318.16,37,37,2024-02-28,2027-03-24,2027-03-24,52.0,38.03,PNC Infratech Ltd,0,Externally Aided,Complete,Obtained,Obtained,Complete,Open,1,2026-07-23,9.7,0,0,0,6.71,0.0,8.0,Low
PROJ-618390,"Construction, Operation & Maintenance of 2-L Bi-directional Silkyara Bend- Barkot Tunnel with escape passage including approaches Tunnel-4.531 & Approach road- 0.328 on Dharasu-Yamunotri section b/w Chainage 25.400km and 51.00km falling along NH-134 Old NH-94 on EPC mode",Roads & Highways,Ministry of Road Transport & Highways,Tamil Nadu,Salem,NHIDCL,1384.0,1384.0,842.44,52,109,2018-03-09,2022-07-08,2027-03-31,76.0,60.87,GMR Infrastructure,2,PPP,Complete,Obtained,Not Required,Not Started,Limited,4,2026-02-04,4.5,1,0,1,0.0,109.62,42.7,Medium
PROJ-618426,Construction/Up gradation of Existing road to 2 Lane with Paved Shoulder including Geometric Improvement from Ranipool to Pakyong Balance work from Km 2.000 to 16.167 of NH-717-A on EPC basis under SARDP-NE Phase A in the State of Sikkim,Roads & Highways,Ministry of Road Transport & Highways,Sikkim,Gangtok,NHIDCL,265.0,380.94,127.34,75,105,2018-03-22,2024-07-06,2026-12-31,87.0,33.43,Larsen & Toubro Ltd,3,PPP,Complete,Obtained,Obtained,Complete,Limited,3,2026-04-13,3.7,0,1,1,43.75,40.0,48.9,Medium
PROJ-619038,Construction/upgradation to 2-lane with paved shoulder from Design Km 95.55 Bandarkoot to Km. 111.06 Chattroo of 15.52 Km length on Khellani-Kishtwar-Chattroo section on NH-244 in UT of Jammu and Kashmir on EPC Mode Pkg-5,Roads & Highways,Ministry of Road Transport & Highways,Jammu and Kashmir,Jammu,NHIDCL,497.0,497.0,270.82,23,60,2021-03-31,2023-02-19,2026-03-31,100.0,54.49,Ashoka Buildcon Ltd,3,PPP,Complete,Obtained,Pending,Partial,Limited,4,2026-03-03,4.1,0,0,1,0.0,160.87,42.9,Medium
PROJ-618550,Corridor Efficiency Improvement including removal of black spots in Lakhanpur - Samba section of NH-44 from Chainage Km. 16.300 to Km. 74.100,Roads & Highways,Ministry of Road Transport & Highways,Jharkhand,Hazaribagh,NHAI,856.0,215.68,203.55,24,54,2022-06-16,2024-06-11,2026-12-15,75.0,23.78,Larsen & Toubro Ltd,3,Externally Aided,Partial,Pending,Pending,Not Started,Open,4,2026-03-08,6.5,1,0,1,0.0,125.0,49.4,Medium
PROJ-619119,Cuttack-Angul Section of NH-42 New NH-55 from km 0.400 to km 60.200 Pkg-I in the State of Odisha,Roads & Highways,Ministry of Road Transport & Highways,Odisha,Cuttack,NHAI,999.0,1178.31,1128.52,33,107,2017-10-25,2020-07-16,2026-09-30,99.0,95.77,Shapoorji Pallonji Co,4,Central,Not Started,Pending,Not Required,Partial,Open,1,2026-06-18,5.4,2,1,1,17.95,224.24,57.0,Medium
PROJ-619215,Cuttack-Angul Section of NH-42 New NH-55 from Km.60.200 to Km. 112.000 Pkg-II in the State of Odisha,Roads & Highways,Ministry of Road Transport & Highways,Odisha,Cuttack,NHAI,991.0,1168.82,1083.8,34,107,2017-10-25,2020-09-06,2026-09-30,100.0,92.73,Afcons Infrastructure,3,Central,Partial,Pending,Obtained,Not Started,Open,1,2026-03-28,6.6,3,1,1,17.94,214.71,56.3,Medium
PROJ-618518,Davanagere - Haveri of NH-48 Old NH-4 from km. 260.00 to km. 338.923,Roads & Highways,Ministry of Road Transport & Highways,Uttar Pradesh,Noida,NHAI,1455.0,1805.84,1273.5,42,120,2017-01-12,2020-07-24,2026-12-31,99.0,70.52,Larsen & Toubro Ltd,1,PPP,Partial,Obtained,Not Required,Partial,Open,5,2026-06-23,3.6,2,1,1,24.11,185.71,55.8,Medium
PROJ-618804,Dedicated Port road to Krishnapatnam Port Package-I from Km. 0.000 to Km. 18.000,Roads & Highways,Ministry of Road Transport & Highways,Chhattisgarh,Bilaspur,NHAI,349.0,341.36,310.54,33,108,2018-03-27,2020-12-19,2027-03-31,80.0,88.98,Shapoorji Pallonji Co,4,Central,Not Started,Obtained,Not Required,Partial,Limited,5,2026-01-06,4.4,0,0,1,0.0,227.27,50.7,Medium
PROJ-618497,Delhi Amritsar Katra Expressway Phase-II Pkg XVIII Development and Upgradation of Four lane Access Control Expressway from Design Chainage KM 530.00 to KM 545.300 Sidhra to Domel Section of NH-44,Roads & Highways,Ministry of Road Transport & Highways,Punjab,Amritsar,NHAI,1026.0,975.38,631.2,35,54,2022-12-20,2025-11-19,2027-06-30,70.0,61.52,Tata Projects Ltd,2,PPP,Not Started,Pending,Obtained,Not Started,Open,2,2026-07-25,5.0,3,0,1,0.0,54.29,42.8,Medium
PROJ-618482,Delhi-Amritsar-Katra Expressway Phase-I Pkg-I from Jussur Kheri on NH-KMP Expressway to Junction with Rohtak-Panipat road NH-709 near Rukhi Paani village Km 0000 to Km 34000,Roads & Highways,Ministry of Road Transport & Highways,Punjab,Amritsar,NHAI,1866.0,2429.9,1609.72,37,68,2020-12-07,2023-12-26,2026-07-31,100.0,66.25,KNR Constructions Ltd,1,Externally Aided,Partial,Pending,Pending,Partial,Single,3,2026-03-08,4.3,1,1,1,30.22,83.78,59.4,Medium
PROJ-618483,Delhi-Amritsar-Katra Expressway Phase-I Pkg-II from Junction with Rohtak-Panipat road NH-709 near Rukhi Paani village to Junction with Jind-Panipat road NH-352A near Gangana village Km 34000 to Km 60800,Roads & Highways,Ministry of Road Transport & Highways,Punjab,Amritsar,NHAI,1534.0,1792.53,1176.23,37,67,2020-12-23,2024-01-13,2026-07-31,100.0,65.62,Patel Engineering,1,PPP,Partial,Pending,Pending,Partial,Open,4,2026-07-13,5.4,1,1,1,16.85,81.08,53.5,Medium
PROJ-618489,Delhi-Amritsar-Katra Expressway Phase-I Pkg-IX from Junction with Ludhiana-Moga road NH-5 near Mullanpur Dakha to Junction with Jalandhar - Moga road NH-703 near Kang Sahibu village Km 260860 to km 303900,Roads & Highways,Ministry of Road Transport & Highways,Punjab,Ludhiana,NHAI,1851.0,2407.14,1935.88,43,75,2020-12-23,2024-07-16,2027-03-31,73.0,80.42,IRCON International,4,Central,Not Started,Pending,Obtained,Partial,Single,1,2026-01-10,4.5,1,1,1,30.05,74.42,64.5,Medium
PROJ-618486,Delhi-Amritsar-Katra Expressway Phase-I Pkg-V from Junction with Ambala-Kaithal-Hissar road NH-152 near Kharak Pandwa village to Junction with Patiala-Samana-Patran road SH-10 near Ghagga village Km 120250 to Km 157920,Roads & Highways,Ministry of Road Transport & Highways,Punjab,Amritsar,NHAI,1742.0,2281.02,1508.2,40,67,2021-01-28,2024-05-22,2026-08-31,99.0,66.12,Megha Engineering (MEIL),2,Central,Partial,Obtained,Not Required,Not Started,Single,3,2026-07-09,4.4,0,1,1,30.94,67.5,58.3,Medium
PROJ-618492,Delhi-Amritsar-Katra Expressway Phase-I Pkg-XII from Junction with Amritsar-Mehta-SriHargobindpur-Tanda road NH-503A near SriHargobindpur to Junction with Pathankot-Gurdaspur road NH-54 near Gurdaspur Km 362420 to km 397700,Roads & Highways,Ministry of Road Transport & Highways,Punjab,Amritsar,NHAI,1734.0,1538.47,780.61,72,76,2021-03-04,2027-02-20,2027-06-30,28.0,45.02,Patel Engineering,1,State,Complete,Obtained,Obtained,Partial,Open,0,2026-02-27,7.6,0,0,0,0.0,5.56,9.9,Low
PROJ-618493,Delhi-Amritsar-Katra Expressway Phase-I Spur-I from Jn. with Kapurthala - Sultanpur Lodhi Road NH-703A near Isharwal village to Jn. with Kapurthala - Tarn Taran road NH-703AA near Goinwal Sahib [Km 24000 to Km 41000 of Amritsar connectivity],Roads & Highways,Ministry of Road Transport & Highways,Punjab,Amritsar,NHAI,2165.0,1519.6,618.22,52,75,2021-12-13,2026-04-16,2028-03-10,35.0,28.56,KNR Constructions Ltd,3,State,Not Started,Obtained,Obtained,Complete,Single,5,2026-04-02,4.5,1,0,1,0.0,44.23,36.1,Medium
PROJ-619200,Delhi-Amritsar-Katra Expressway Phase-I Spur-III from Junction with Amritsar-Jalandhar road NH-3 near Bhishambarpura to Junction with Amritsar-Anjala road NH-354 near Amritsar Airport [Km 71000 to Km 99000 of Amritsar connectivity],Roads & Highways,Ministry of Road Transport & Highways,Punjab,Amritsar,NHAI,1642.0,1951.7,1364.2,44,80,2021-03-04,2024-10-26,2027-10-31,34.0,69.9,Tata Projects Ltd,4,Central,Partial,Pending,Pending,Not Started,Open,5,2026-04-28,5.0,1,1,1,18.86,81.82,73.2,High
PROJ-619066,Delhi-Amritsar-Katra Expressway Phase-II Pkg-XIV from Junction with Pathankot-Gurdaspur road NH-54 near Balsua to Junction with Hiranagar Road near village Gurha Baildaran km 423500 to km 468100,Roads & Highways,Ministry of Road Transport & Highways,Punjab,Amritsar,NHAI,3044.0,3707.91,1776.5,35,60,2021-10-29,2024-09-25,2026-10-31,87.0,47.91,Shapoorji Pallonji Co,4,Central,Not Started,Pending,Obtained,Partial,Open,2,2026-06-14,4.7,0,1,1,21.81,71.43,57.6,Medium
PROJ-618494,Delhi-Amritsar-Katra Expressway Phase-II Pkg-XV [Junction with Hiranagar Road near village Gurha Baildaran to Junction with Jammu Ring Road NH-244A near Jakh village from Km 468100 to Km 503250],Roads & Highways,Ministry of Road Transport & Highways,Punjab,Amritsar,NHAI,2715.0,3716.56,1846.59,36,63,2021-10-07,2024-09-25,2026-12-31,90.0,49.69,Patel Engineering,4,PPP,Partial,Obtained,Obtained,Partial,Limited,3,2026-04-08,4.9,0,1,1,36.89,75.0,62.3,Medium
PROJ-618496,Delhi-Amritsar-Katra Expressway Phase-II Pkg-XVI Existing Jakh Vijaypur-Kunjwani section of NH-44 including spur Connectivity to Jammu Airport NH-144A [Km 503500 to km 514500],Roads & Highways,Ministry of Road Transport & Highways,Punjab,Amritsar,NHAI,1822.0,2522.56,1238.6,37,61,2021-09-03,2024-09-26,2026-09-30,94.0,49.1,GMR Infrastructure,3,Central,Complete,Pending,Obtained,Not Started,Limited,4,2026-01-03,4.8,3,1,1,38.45,64.86,66.4,High
PROJ-618457,Delhi-Vadodara Greenfield Alignment NH-148N Pkg-10 Ch. 292.950 to Ch. 319.400 [End of Interchange on NH-166 near village Mui to Hardeoganj village near Indergarh],Roads & Highways,Ministry of Road Transport & Highways,Gujarat,Vadodara,NHAI,1273.0,1265.16,1150.13,42,82,2019-11-25,2023-05-21,2026-09-30,95.0,90.35,KNR Constructions Ltd,2,State,Partial,Pending,Obtained,Complete,Limited,5,2026-01-05,4.8,2,0,1,0.0,95.24,46.7,Medium
PROJ-618458,Delhi-Vadodara Greenfield Alignment NH-148N Pkg-15 Ch. 419.000 to Ch.427.300 [Junction with NH-12 near village Ummedpura to Major bridge over Takli river near Nayagaon Jageer village],Roads & Highways,Ministry of Road Transport & Highways,Gujarat,Vadodara,NHAI,1855.0,1854.68,1530.92,42,73,2020-07-03,2024-01-04,2026-08-15,98.0,82.53,PNC Infratech Ltd,3,Externally Aided,Partial,Obtained,Pending,Complete,Open,2,2026-04-09,6.2,1,0,1,0.0,73.81,44.2,Medium
PROJ-618459,Delhi-Vadodara Greenfield Alignment NH-148N Pkg-26 Ch.696890 to Ch.726390,Roads & Highways,Ministry of Road Transport & Highways,Gujarat,Vadodara,NHAI,1555.0,1556.4,1288.32,48,78,2020-09-08,2024-08-31,2027-02-28,86.0,82.78,Adani Infra Ltd,1,State,Not Started,Pending,Pending,Complete,Single,4,2026-01-04,5.0,0,0,1,0.09,62.5,44.0,Medium
PROJ-619197,Delhi-Vadodara Greenfield Alignment NH-148N Pkg-27 Ch.729.700 to Ch.756.052,Roads & Highways,Ministry of Road Transport & Highways,Gujarat,Vadodara,NHAI,1186.0,1259.27,1045.08,41,71,2020-09-08,2024-02-14,2026-08-10,99.0,82.99,Patel Engineering,4,Externally Aided,Partial,Pending,Pending,Complete,Single,2,2026-08-12,6.8,3,0,1,6.18,73.17,52.6,Medium
PROJ-618462,Delhi-Vadodara Greenfield Alignment NH-148N Pkg-31 Ch.824920 to Ch.844382 [Junction near Pratap nagar Village - Junction near Dodka Village],Roads & Highways,Ministry of Road Transport & Highways,Gujarat,Vadodara,NHAI,1645.0,1651.14,1297.76,42,80,2019-11-25,2023-05-18,2026-08-10,100.0,78.6,Megha Engineering (MEIL),4,PPP,Complete,Obtained,Pending,Not Started,Limited,4,2026-01-17,5.3,2,0,1,0.37,90.48,48.3,Medium
PROJ-618612,Deogarh near Dhandhaniya-Rajasthan/Gujarat Border Phase-I AJ/DRGB-Package-6,Roads & Highways,Ministry of Road Transport & Highways,Gujarat,Ahmedabad,NHAI,847.0,740.62,705.48,46,83,2019-10-01,2023-08-11,2026-08-31,100.0,83.29,Adani Infra Ltd,1,PPP,Not Started,Pending,Not Required,Partial,Single,4,2026-03-11,6.0,3,0,1,0.0,80.43,47.8,Medium
PROJ-618613,Deogarh near Dhandhaniya-Rajasthan/Gujarat Border Phase-I AJ/DRGB-Package-7,Roads & Highways,Ministry of Road Transport & Highways,Gujarat,Ahmedabad,NHAI,662.0,597.77,561.75,45,83,2019-10-01,2023-07-15,2026-08-31,99.0,84.86,Hindustan Construction Company (HCC),3,PPP,Not Started,Pending,Not Required,Complete,Single,1,2026-08-02,6.2,0,0,1,0.0,84.44,44.4,Medium
PROJ-618803,Development of 4L Road from Samarlakota to Achampeta Junction as part of Kakinada Port Connectivity to NH-16 Rajanagaram Junction in East Godavari District,Roads & Highways,Ministry of Road Transport & Highways,Uttarakhand,Roorkee,NHAI,646.0,750.2,680.09,35,52,2022-09-05,2025-08-15,2026-12-29,93.0,90.65,Afcons Infrastructure,4,State,Not Started,Obtained,Not Required,Complete,Single,3,2026-08-10,5.1,2,1,1,16.13,48.57,47.1,Medium
PROJ-618648,"Development of 6-lane Greenfield Southern Ludhiana Bypass from intersection with NH-44 near Village Rajgarh to intersection with Delhi Katra Expressway NE-5 near Village Ballowal, km 0000 to km 25240",Roads & Highways,Ministry of Road Transport & Highways,Punjab,Ludhiana,NHAI,1425.0,1425.0,162.39,39,39,2024-11-22,2028-03-06,2028-03-06,6.0,11.4,NCC Limited,0,State,Partial,Obtained,Obtained,Complete,Single,1,2026-06-27,9.1,0,0,0,0.0,0.0,8.0,Low
PROJ-618552,Development of 6L Greenfield Jalandhar Bypass starting from Kahlwan NH-03 ending at Kang Sahbu NH-703 via Sarmastpur NH-44 - Madara NH-03 - Khajurla NH-44,Roads & Highways,Ministry of Road Transport & Highways,Punjab,Jalandhar,NHAI,1755.0,2167.39,1252.02,46,75,2021-03-31,2025-01-14,2027-06-30,57.0,57.77,Tata Projects Ltd,3,State,Complete,Pending,Not Required,Complete,Open,2,2026-02-16,6.1,1,1,1,23.5,63.04,52.5,Medium
PROJ-618675,Development of 6L of Basanwahi Marangpuri Section from km 99.500 to km 124.661 of NH-130-CD,Roads & Highways,Ministry of Road Transport & Highways,Tamil Nadu,Madurai,NHAI,1307.0,1303.63,489.55,43,60,2022-03-21,2025-10-15,2027-03-31,71.0,37.46,Megha Engineering (MEIL),3,Central,Partial,Obtained,Obtained,Partial,Single,2,2026-04-20,6.7,1,0,1,0.0,39.53,28.9,Low
PROJ-618673,Development of 6L of Jhanki Sargi Section Road from km 0.000 to km 42.800 of NH-130CD Pkg-CG-1,Roads & Highways,Ministry of Road Transport & Highways,Tripura,Agartala,NHAI,1368.0,1129.14,715.32,34,63,2021-11-22,2024-09-28,2027-02-12,99.0,52.29,GMR Infrastructure,1,Central,Complete,Pending,Not Required,Partial,Single,2,2026-03-27,4.2,0,0,1,0.0,85.29,38.4,Medium
PROJ-618674,Development of 6L Sargi Basanwahi Section from km 42.800 to km 99.500 of NH-130CD Pkg-CG-2,Roads & Highways,Ministry of Road Transport & Highways,Haryana,Ambala,NHAI,1471.0,1461.81,757.62,37,56,2021-12-20,2025-01-08,2026-08-31,100.0,51.5,Larsen & Toubro Ltd,4,Central,Not Started,Pending,Pending,Complete,Single,1,2026-01-09,4.9,0,0,1,0.0,51.35,39.7,Medium
PROJ-618509,Development of 6L UER II [Package - I] NH-1 Near Bakoli till Karala Kanjhawala Road from km. 0.70 to km.15.00,Roads & Highways,Ministry of Road Transport & Highways,West Bengal,Durgapur,NHAI,2090.0,2203.45,1834.91,40,74,2020-07-03,2023-10-27,2026-08-31,100.0,83.27,Afcons Infrastructure,2,State,Partial,Pending,Pending,Partial,Limited,5,2026-06-29,6.6,2,0,1,5.43,85.0,51.1,Medium
PROJ-618455,Development of External Trunk Connectivity and Internal Infrastructure Works at Multi Model Logistics ParkMMLP at Jogighopa in the State of Assam on EPC Mode Package-I Road and Utility Works,Roads & Highways,Ministry of Road Transport & Highways,Assam,Guwahati,NHIDCL,694.0,694.0,308.85,26,56,2020-02-03,2022-04-01,2024-09-30,100.0,44.5,Afcons Infrastructure,4,State,Partial,Obtained,Pending,Complete,Limited,4,2026-06-19,4.0,0,0,1,0.0,115.38,46.3,Medium
PROJ-618010,Development to 4-lane with paved shoulder for the road section Talwandi Sabo-Raman road to refinery Road junction with Bathinda Dabwali Road of NH-254 from existing Km 131.600 to Km 155.650 Design Km 131600 to km 155600 in the State of Punjab. Job No NH-254-PB-2022-23-565,Roads & Highways,Ministry of Road Transport & Highways,Punjab,Bathinda,MoRTH,547.0,547.0,0.0,43,43,2023-03-29,2026-11-05,2026-11-05,45.0,0.0,IRB Infrastructure Developers,1,PPP,Complete,Obtained,Obtained,Partial,Single,1,2026-06-05,8.8,0,0,0,0.0,0.0,8.0,Low
PROJ-618824,"Development to 4-laning of the de-scoped stretches from Km 115.342 to Km 191.700 of NH-34 in Nadia District 3.962 & Murshidabad District 5.538 pertaining to Krishnagar to Berhampore section of NH-34 New NH-12 , in the state of West Bengal under NHO.",Roads & Highways,Ministry of Road Transport & Highways,West Bengal,Kolkata,NHAI,201.0,197.74,64.63,22,40,2024-03-05,2026-01-16,2027-06-30,55.0,32.15,Dilip Buildcon Ltd,1,PPP,Partial,Pending,Not Required,Not Started,Open,1,2026-08-07,5.6,0,0,1,0.0,81.82,41.2,Medium
PROJ-618227,Development to 4/6-lanning of NH-31 New NH-10 with both side service roads from km 569.258 to km 581.030 end of AH-02 project on NH- 31 near Shivmandir to Sevoke Army Cantonment in districts of Darjeeling and Jalpaiguri in the state of West Bengal on EPC Mode Job No. 010/WB/2021-22/490,Roads & Highways,Ministry of Road Transport & Highways,West Bengal,Kolkata,MoRTH,995.0,1059.2,590.78,42,60,2022-03-16,2025-09-19,2027-03-31,75.0,55.78,Patel Engineering,4,PPP,Partial,Obtained,Not Required,Complete,Open,4,2026-06-16,4.5,0,0,1,6.45,42.86,35.8,Medium
PROJ-618155,Development/Widening of Talegaon Chakan Shikrapur Nhavara Section of NH-548D from existing chainage km. 54/000 to 82/300 and Design chainage Km. 54/000 to 82/120 Shikrapur to Nhavara Section to 2LPS/4L Configuration on EPC Mode in the State of Maharashtra.,Roads & Highways,Ministry of Road Transport & Highways,Maharashtra,Mumbai,MoRTH,396.0,396.0,99.7,28,31,2024-03-12,2026-07-09,2026-09-30,76.0,25.18,NCC Limited,1,Central,Complete,Obtained,Not Required,Complete,Open,0,2026-06-27,8.1,0,0,0,0.0,10.71,8.0,Low
PROJ-619100,Dhangaon - Borgaon section km 81.000 to km 139.000 [Indore - Edlabad Pkg IV],Roads & Highways,Ministry of Road Transport & Highways,Madhya Pradesh,Indore,NHAI,866.0,1185.04,746.57,43,80,2020-01-03,2023-08-03,2026-08-30,100.0,63.0,KNR Constructions Ltd,2,State,Not Started,Pending,Obtained,Partial,Open,2,2026-07-23,6.4,3,1,1,36.84,86.05,65.9,High
PROJ-619210,Dharampuri-Lonand from km. 117.00 to 166.40 Pkg-IV on Mohol-Alandi Section,Roads & Highways,Ministry of Road Transport & Highways,Uttarakhand,Haldwani,NHAI,1412.0,1358.68,1474.28,32,68,2021-01-15,2023-09-14,2026-09-30,97.0,100.0,Shapoorji Pallonji Co,4,Central,Complete,Obtained,Not Required,Partial,Single,1,2026-01-04,4.2,1,0,1,0.0,112.5,42.0,Medium
PROJ-618710,DL/UP Border - EPE Crossing Pkg-02,Roads & Highways,Ministry of Road Transport & Highways,Tripura,Agartala,NHAI,2003.0,1889.78,1739.72,38,72,2020-09-08,2023-11-07,2026-08-31,100.0,86.86,KNR Constructions Ltd,2,Central,Partial,Obtained,Obtained,Not Started,Open,4,2026-07-12,6.1,1,0,1,0.0,89.47,44.7,Medium
PROJ-618589,Durg-Raipur Bypass Section Package - 1 from km. 0.00 to km. 44.50 near Tendesara to near Khatti Village,Roads & Highways,Ministry of Road Transport & Highways,Chhattisgarh,Raipur,NHAI,1828.0,1656.73,1063.62,37,57,2022-06-29,2025-07-20,2027-03-31,75.0,58.18,Afcons Infrastructure,3,Central,Complete,Pending,Not Required,Partial,Limited,3,2026-04-22,4.2,0,0,1,0.0,54.05,35.6,Medium
PROJ-618590,Durg-Raipur-Arang Package - 2 from km. 44.50 to km. 92.23 near Khatti Village to near Aurang,Roads & Highways,Ministry of Road Transport & Highways,Chhattisgarh,Raipur,NHAI,1959.0,1561.97,1001.18,35,57,2022-06-29,2025-05-28,2027-03-31,74.0,51.11,PNC Infratech Ltd,4,State,Partial,Pending,Obtained,Complete,Open,5,2026-06-03,3.8,3,0,1,0.0,62.86,46.6,Medium
PROJ-619202,Dwarka Expressway from Km -0.600 to Km 5.300 - Pkg-I Shivmurti Chowk-RuB near Dwarka Sector 21,Roads & Highways,Ministry of Road Transport & Highways,Delhi,Dwarka,NHAI,2145.0,3929.5,3512.17,54,102,2018-03-15,2022-09-24,2026-08-31,99.0,89.38,PNC Infratech Ltd,2,Externally Aided,Complete,Pending,Obtained,Complete,Open,4,2026-06-26,7.1,1,1,1,83.19,88.89,76.3,High
PROJ-618454,"Earthwork in Formation, Road Work, Construction of Bridges, Blanketing, P. Way Linking works including Supply of P. Way Fittings and Track Ballast in connection with Construction of Railway Siding from Jogighopa Railway Station to MMLP at Jogighopa from Ch. 00 to 3760 on Item Rate basis Package -3, Railway Siding from Jogighopa Railway Station to MMLP",Roads & Highways,Ministry of Road Transport & Highways,Goa,Mormugao,NHIDCL,694.0,694.0,40.17,28,56,2020-02-03,2022-06-01,2024-09-20,93.0,5.79,Larsen & Toubro Ltd,4,Central,Not Started,Pending,Obtained,Complete,Open,5,2026-04-03,4.5,0,0,1,0.0,100.0,49.3,Medium
PROJ-618146,Estimate for Improvement to two lane with paved shoulder from Ramnagar to Roseda from km 3.500 to 43.000 of NH 527 E on EPC mode in State of Bihar,Roads & Highways,Ministry of Road Transport & Highways,Bihar,Patna,MoRTH,495.0,495.0,0.38,51,64,2022-01-11,2026-04-11,2027-04-30,39.0,0.08,Patel Engineering,4,State,Partial,Pending,Not Required,Partial,Open,1,2026-07-07,3.8,1,0,1,0.0,25.49,23.9,Low
PROJ-618866,"Four Lane Highway from Chandan Nagar Existing Km. 59.025 of NH 530B/Design Km. 179.5000 to Bareilly BypassStartExisting Km. 59.025 of NH 530B/Design Km. 218.000 Section of NH 530B, in the State of Uttar Pradesh on HAM Mode under NH0",Roads & Highways,Ministry of Road Transport & Highways,Uttar Pradesh,Lucknow,NHAI,2077.0,1112.44,486.09,35,35,2024-12-09,2027-11-18,2027-11-18,34.0,23.4,Tata Projects Ltd,0,PPP,Partial,Obtained,Obtained,Complete,Open,1,2026-05-06,7.0,0,0,0,0.0,0.0,8.0,Low
PROJ-618626,Four laning from Dive Ghat Km. 220.900 to Hadapsar Km. 234.150 of Mohol Alandi section Pkg VI of NH-965,Roads & Highways,Ministry of Road Transport & Highways,Gujarat,Vadodara,NHAI,820.0,400.0,141.4,34,40,2023-12-14,2026-10-14,2027-04-12,70.0,17.24,NCC Limited,2,Central,Complete,Pending,Pending,Partial,Limited,4,2026-06-24,5.4,2,0,1,0.0,17.65,20.8,Low
PROJ-618768,Four laning of Agra-Aligarh Section from Km. 0.000 Junction of NH-34 Aligarh Km 144.60 to Km. 28.000 near Asroi village in Hathras of NH-509 Package-I,Roads & Highways,Ministry of Road Transport & Highways,Uttar Pradesh,Agra,NHAI,1309.0,1309.0,310.08,46,54,2024-06-04,2028-03-24,2028-11-29,4.0,23.69,Patel Engineering,1,Externally Aided,Partial,Pending,Obtained,Not Started,Open,1,2026-04-23,5.1,3,0,1,0.0,17.39,26.4,Low
PROJ-619118,Four Laning of Angul to Sambalpur from Km.112.000 to Km.265.000,Roads & Highways,Ministry of Road Transport & Highways,Odisha,Sambalpur,NHAI,2510.0,2632.91,2464.91,35,119,2016-09-22,2019-08-31,2026-08-31,100.0,93.62,Patel Engineering,1,PPP,Partial,Pending,Pending,Partial,Single,5,2026-07-18,5.4,1,0,1,4.9,240.0,48.4,Medium
PROJ-619131,Four Laning of Chettikulam to Natham section of NH-785,Roads & Highways,Ministry of Road Transport & Highways,Telangana,Nizamabad,NHAI,838.0,823.93,641.93,32,100,2018-03-13,2020-11-03,2026-06-30,100.0,76.6,KNR Constructions Ltd,4,State,Partial,Pending,Obtained,Partial,Limited,5,2026-05-11,4.0,3,0,1,0.0,212.5,48.5,Medium
PROJ-619145,Four Laning of Una to Kodinar from km. 180.478 to km. 221.610 Package-V,Roads & Highways,Ministry of Road Transport & Highways,Jammu and Kashmir,Srinagar,NHAI,878.0,1126.66,1008.79,42,109,2016-02-17,2019-08-08,2025-03-31,100.0,89.54,Tata Projects Ltd,3,State,Not Started,Obtained,Not Required,Complete,Open,2,2026-02-08,7.1,3,1,1,28.32,159.52,61.3,Medium
PROJ-619295,Four/Six laning of Bhaniyawala-Jollygrant-Rishikesh spur section of NH-07 from Km. 0.000 to Km 19.780,Roads & Highways,Ministry of Road Transport & Highways,Uttarakhand,Rishikesh,NHAI,742.0,664.92,13.35,58,58,2023-02-03,2027-11-30,2027-11-30,0.0,1.8,IRB Infrastructure Developers,0,Externally Aided,Complete,Obtained,Obtained,Partial,Single,1,2026-08-07,8.3,0,0,0,0.0,0.0,8.0,Low
PROJ-617961,Gaya-Hisua-Rajgir-Nalanda-Biharsharif section km0.00 to 92.935 NH-82,Roads & Highways,Ministry of Road Transport & Highways,Bihar,Gaya,MoRTH,1409.0,2138.16,0.0,69,153,2014-01-21,2019-11-06,2026-10-31,97.0,0.0,Larsen & Toubro Ltd,4,State,Not Started,Pending,Pending,Not Started,Open,2,2026-07-21,5.1,0,1,1,51.75,121.74,76.1,High
PROJ-619096,Goa / Karnataka Km.93.700 to Kundapur Km.283.30,Roads & Highways,Ministry of Road Transport & Highways,Karnataka,Bengaluru,NHAI,1645.0,1990.99,1849.51,49,171,2012-07-31,2016-08-28,2026-10-31,98.0,92.89,IRCON International,3,Central,Complete,Obtained,Obtained,Partial,Limited,2,2026-03-30,6.1,3,1,1,21.03,248.98,53.4,Medium
PROJ-618580,Gohana - Sonipat PKG-2,Roads & Highways,Ministry of Road Transport & Highways,Punjab,Ludhiana,NHAI,1275.0,1957.44,1225.85,42,90,2019-01-25,2022-07-24,2026-07-31,98.0,62.63,Afcons Infrastructure,4,PPP,Not Started,Pending,Not Required,Not Started,Limited,1,2026-03-31,6.7,2,1,1,53.52,114.29,76.6,High
PROJ-618052,Gorantla - Hindupur section from Km 120/300 to 165/000 of NH716G in the State of Andhra Pradesh,Roads & Highways,Ministry of Road Transport & Highways,Andhra Pradesh,Visakhapatnam,MoRTH,809.0,809.0,0.0,34,34,2024-10-15,2027-08-17,2027-08-17,38.0,0.0,IRB Infrastructure Developers,1,Central,Complete,Obtained,Obtained,Complete,Open,1,2026-02-27,8.2,0,0,0,0.0,0.0,8.0,Low
PROJ-618737,Grade separated Interchanges at Km. 113.730 junction with Ranchi Hazaribagh Road & Km. 139.225 junction with Ranchi Jamshedpur road on 4L Ranchi Bypass of NH-33,Roads & Highways,Ministry of Road Transport & Highways,Jharkhand,Ranchi,NHAI,304.0,5.58,4.98,35,35,2025-01-29,2027-12-25,2027-12-25,0.0,1.64,KNR Constructions Ltd,0,Central,Complete,Obtained,Obtained,Partial,Open,0,2026-05-21,8.1,1,0,0,0.0,0.0,8.0,Low
PROJ-618551,Greenfield connectivity from Govindsar village on Delhi Amritsar Katra Expressway to Talwara village on NH-44 Pathankot by-pass,Roads & Highways,Ministry of Road Transport & Highways,Punjab,Amritsar,NHAI,667.0,690.47,217.52,32,32,2024-11-08,2027-07-15,2027-07-15,29.0,31.5,Larsen & Toubro Ltd,0,State,Complete,Obtained,Obtained,Complete,Open,1,2026-04-17,8.6,0,0,0,3.52,0.0,8.0,Low
PROJ-617984,"Gudivada Town 2 RoB, and Road improvement NH-165",Roads & Highways,Ministry of Road Transport & Highways,Maharashtra,Pune,MoRTH,317.0,317.0,158.64,38,60,2022-03-16,2025-05-21,2027-03-31,75.0,50.04,NCC Limited,3,Central,Not Started,Pending,Obtained,Complete,Limited,2,2026-06-04,4.4,2,0,1,0.0,57.89,43.1,Medium
PROJ-618097,Guhagar - Rampur - 2L-PS - km 0/00 Guhagar to 26/230 Rampur and 40/00 Mirjoli to 53/600 Sati on NH-166E,Roads & Highways,Ministry of Road Transport & Highways,Kerala,Palakkad,MoRTH,407.0,407.0,0.0,29,103,2017-01-24,2019-06-13,2025-08-31,92.0,0.0,GMR Infrastructure,4,PPP,Complete,Pending,Pending,Complete,Single,3,2026-06-01,5.6,2,0,1,0.0,255.17,47.3,Medium
PROJ-618934,Guwahati Ring Road in the State of Assam,Roads & Highways,Ministry of Road Transport & Highways,Assam,Guwahati,NHAI,5729.0,5729.0,328.42,66,66,2024-08-02,2030-01-23,2030-01-23,0.0,5.73,Shapoorji Pallonji Co,1,Central,Complete,Obtained,Obtained,Complete,Limited,0,2026-04-14,8.7,0,0,0,0.0,0.0,8.0,Low
PROJ-618951,Hariharganj to Parwa Mode section from km 23.284 to km 57.049 of NH-98,Roads & Highways,Ministry of Road Transport & Highways,West Bengal,Bagdogra,NHAI,1126.0,1186.56,830.06,41,71,2020-09-29,2024-02-29,2026-08-31,91.0,69.96,Adani Infra Ltd,2,Central,Complete,Pending,Not Required,Complete,Open,3,2026-01-27,6.1,3,0,1,5.38,73.17,46.7,Medium
PROJ-619117,Hassan km 184.912 to Maranahally km 230.060 of NH - 75 in Karnataka,Roads & Highways,Ministry of Road Transport & Highways,Karnataka,Bengaluru,NHAI,1022.0,1091.4,1068.91,38,128,2015-12-29,2019-03-07,2026-08-31,98.0,97.94,IRCON International,3,Central,Complete,Pending,Pending,Not Started,Open,3,2026-04-21,4.1,0,0,1,6.79,236.84,48.8,Medium
PROJ-618581,Hosur to Dhamrapuri Pkg-1 [Neraluru - Thorapalli Agraharam],Roads & Highways,Ministry of Road Transport & Highways,Karnataka,Mangaluru,NHAI,1829.0,1828.66,1464.36,37,64,2021-10-07,2024-10-24,2027-01-31,79.0,80.06,KNR Constructions Ltd,4,Central,Complete,Obtained,Obtained,Partial,Limited,3,2026-07-27,7.2,1,0,1,0.0,72.97,43.1,Medium
PROJ-618944,Hyderabad - Maneguda,Roads & Highways,Ministry of Road Transport & Highways,Telangana,Hyderabad,NHAI,959.0,1218.49,431.45,62,68,2021-10-07,2026-11-26,2027-05-26,24.0,35.41,NCC Limited,2,Externally Aided,Complete,Obtained,Obtained,Complete,Limited,3,2026-06-17,7.0,3,1,0,27.06,9.68,31.1,Low
PROJ-618663,i 4L Vidisha to Hinotiya from km 0.000 to Km 27.000 Vidisha Mehulwa-Talbehat Pkg-I Section of NH- 346 and ii 4L Vidisha to Morikori from Km 39.000 to 59.476 section of NH-146,Roads & Highways,Ministry of Road Transport & Highways,Jharkhand,Hazaribagh,NHAI,1004.0,941.12,434.04,39,51,2022-09-19,2025-12-20,2026-12-31,90.0,43.23,Afcons Infrastructure,2,Externally Aided,Complete,Pending,Not Required,Complete,Single,5,2026-04-01,5.6,0,0,1,0.0,30.77,24.4,Low
PROJ-618928,"Improvement & Up-gradation of NH-734 Section of Moradabad-Thakurdwara Kashipur including Moradabad & Kashipur Bypasse Package-III Kashipur Bypass Length 14.490 Km., Starts from Ch. 38770 and ends at Ch. 53260 existing Ch. 05560",Roads & Highways,Ministry of Road Transport & Highways,Manipur,Thoubal,NHAI,936.0,717.5,386.34,31,50,2023-02-02,2025-09-14,2027-03-31,54.0,41.28,IRB Infrastructure Developers,4,Central,Not Started,Obtained,Obtained,Not Started,Open,3,2026-07-14,6.9,3,0,1,0.0,61.29,48.0,Medium
PROJ-618350,Improvement & widening of existing NH-08 to 4-lane with Paved Shoulder from Champak Nagar to Khayerpur section design Km 242500 to Km 261610 in the state of Tripura on EPC basis under NHO-NE,Roads & Highways,Ministry of Road Transport & Highways,Tripura,Agartala,NHIDCL,921.0,921.0,404.6,33,39,2023-12-21,2026-09-28,2027-03-31,48.0,43.93,NCC Limited,3,Central,Complete,Pending,Obtained,Complete,Single,1,2026-06-14,7.1,0,0,1,0.0,18.18,15.8,Low
PROJ-618586,Improvement and strengthening of existing 2 lane stretch to 2-Lane with PS 1.5m on both sides on Ghoti-Sinnar section of NH-160A using Thin White Topping 200mm thick in the State Of Maharashtra on EPC Mode,Roads & Highways,Ministry of Road Transport & Highways,Maharashtra,Mumbai,NHAI,255.0,147.64,115.05,15,18,2025-03-06,2026-06-16,2026-08-31,77.0,45.12,Megha Engineering (MEIL),3,Central,Complete,Pending,Obtained,Partial,Open,1,2026-07-03,5.0,2,0,1,0.0,20.0,18.9,Low
PROJ-618251,"Improvement and Up gradation to four lane with Paved shoulder configuration from Existing Km 0000 to Km 39500 design km 0500 to Km 40342, Design length km of NH 227A near Mehrauna GhatUP Bihar Border to Siwan on the state of Bihar on Hybrid Annuity Model HAM basis",Roads & Highways,Ministry of Road Transport & Highways,Bihar,Patna,MoRTH,1661.0,1661.0,0.83,60,60,2023-03-09,2028-03-05,2028-03-05,9.0,0.05,Larsen & Toubro Ltd,0,Central,Partial,Obtained,Obtained,Complete,Open,0,2026-07-09,8.9,0,0,0,0.0,0.0,8.0,Low
PROJ-618856,"Improvement and Up-Gradation of Existing Road to 4L PS from Km 123.650 to 175.080, from Start of Shahabad Bypass to End of Hardoi bypass of NH 731 Pkg-2B",Roads & Highways,Ministry of Road Transport & Highways,Assam,Tinsukia,NHAI,1102.0,1212.26,519.69,38,54,2022-09-18,2025-11-19,2027-03-31,69.0,42.87,KNR Constructions Ltd,4,Central,Partial,Obtained,Obtained,Not Started,Limited,4,2026-05-12,3.8,2,1,1,10.01,42.11,41.2,Medium
PROJ-618859,"Improvement and Up-Gradation of Existing Road to 4L PS from Km 229.070 to 260.800, End of Hardoi District to Lucknow Ring road of NH 731 Pkg-4",Roads & Highways,Ministry of Road Transport & Highways,Uttar Pradesh,Lucknow,NHAI,576.0,553.61,390.09,37,59,2021-09-17,2024-10-23,2026-08-31,99.0,67.72,KNR Constructions Ltd,3,Central,Complete,Obtained,Obtained,Not Started,Open,2,2026-02-08,6.8,2,0,1,0.0,59.46,39.7,Medium
PROJ-618858,"Improvement and Up-Gradation of Existing Road to 4L PS from Km 88.750 to 123.650, from Start of Shahjahanpur Bypass to start of Shahabad bypass of NH 731Pkg.-2A",Roads & Highways,Ministry of Road Transport & Highways,Meghalaya,Shillong,NHAI,955.0,955.34,369.94,40,54,2022-09-18,2026-01-18,2027-03-31,71.0,38.72,Afcons Infrastructure,1,Central,Not Started,Pending,Not Required,Complete,Open,2,2026-04-20,6.6,2,0,1,0.04,35.0,28.9,Low
PROJ-618112,"Improvement and up-gradation of NH-227B 84 Kosi Parikrama Marg Package I, from km 228.920 Jagarnathpur to Km 235.960/0.000 MakhaudaDham to Km 29.000 Sarpur in the State of Uttar Pradesh on EPC basis",Roads & Highways,Ministry of Road Transport & Highways,Uttar Pradesh,Lucknow,MoRTH,912.0,912.0,8.72,56,62,2022-03-31,2026-11-27,2027-05-27,8.0,0.96,Patel Engineering,0,PPP,Complete,Obtained,Obtained,Complete,Limited,0,2026-02-08,8.9,0,0,0,0.0,10.71,8.0,Low
PROJ-618113,"Improvement and up-gradation of NH-227B 84 Kosi Parikrama Marg Package III, from Km.47.800 Gosaiganj to Km.73.300 Bikapur in the State of Uttar Pradesh on EPC basis.",Roads & Highways,Ministry of Road Transport & Highways,Uttar Pradesh,Lucknow,MoRTH,588.0,588.0,80.16,56,62,2022-03-31,2026-11-18,2027-05-18,51.0,13.63,Adani Infra Ltd,0,Externally Aided,Partial,Obtained,Obtained,Complete,Single,0,2026-03-09,7.9,1,0,0,0.0,10.71,8.5,Low
PROJ-618114,"Improvement and up-gradation of NH-227B 84 Kosi Parikrama Marg PackageV, from Design Km.140.960 Patranga to Km.160.200 Bahuvan Madar Majha on EPC mode in the State of Uttar Pradesh",Roads & Highways,Ministry of Road Transport & Highways,Uttar Pradesh,Lucknow,MoRTH,1192.0,1192.0,0.0,65,65,2023-03-17,2028-08-10,2028-08-10,4.0,0.0,Larsen & Toubro Ltd,1,Central,Complete,Obtained,Obtained,Partial,Limited,0,2026-05-07,9.5,0,0,0,0.0,0.0,8.0,Low
PROJ-618162,"Improvement and up-gradation to 2LPS of NH-227B 84-Kosi Parikrama Marg PackageVI, Design Km 160200 Bahuvan Madar Majha to Km 224040 Jagarnathpur under HAM",Roads & Highways,Ministry of Road Transport & Highways,Nagaland,Kohima,MoRTH,2009.0,2009.0,0.0,56,56,2023-05-23,2028-01-15,2028-01-15,20.0,0.0,Shapoorji Pallonji Co,1,PPP,Complete,Obtained,Obtained,Complete,Limited,0,2026-01-21,8.5,0,0,0,0.0,0.0,8.0,Low
PROJ-618056,Improvement and Up-gradation to two Lane with Paved Shoulder Configuration from existing km. 420.00 Shohrathgarh to km. 454.00 Uska Bazar of NH-730 in the state of Uttar Pradesh EPC basis,Roads & Highways,Ministry of Road Transport & Highways,Uttar Pradesh,Lucknow,MoRTH,510.0,484.42,120.57,44,60,2022-01-08,2025-09-14,2026-12-31,62.0,23.64,Dilip Buildcon Ltd,2,PPP,Partial,Pending,Pending,Partial,Open,2,2026-02-12,4.5,2,0,1,0.0,36.36,30.4,Low
PROJ-618252,"Improvement and Up-gradation to two Lane with Paved Shoulder/Four Lane configuration from existing Km 130.000 to Km 191.000 design km 131.500 to Km 188.735, Design length 57.235 Km of NH-227A near Barhalganj to Mehrauna Ghat in the state of Uttar Pradesh on Hybrid Annuity Model HAM basis",Roads & Highways,Ministry of Road Transport & Highways,Uttar Pradesh,Lucknow,MoRTH,974.0,1344.61,1.2,64,64,2022-01-08,2027-05-04,2027-05-03,58.0,0.09,Adani Infra Ltd,4,Central,Complete,Pending,Obtained,Complete,Open,5,2026-05-14,6.0,2,1,0,38.05,0.0,32.1,Low
PROJ-618111,Improvement and upgradation to two lane with paved shoulder configuration from existing km 90.00 to 130.00 Design length 39.15 of NH-227A near Sikriganj to Barhalganj in the State of UP on EPC Mode.,Roads & Highways,Ministry of Road Transport & Highways,Madhya Pradesh,Indore,MoRTH,403.0,345.34,142.17,46,61,2021-08-08,2025-06-10,2026-08-31,96.0,35.28,Dilip Buildcon Ltd,3,Central,Not Started,Pending,Pending,Not Started,Limited,5,2026-03-26,4.0,2,0,1,0.0,32.61,36.4,Medium
PROJ-618294,Improvement and Widening of National Highway No. 127B Darugiri - Songsak - Williamnagar Junction Section to two lane with paved shoulder from design Km 0000 to Km 36635 Design length 36.635 Km existing Km 112000 to Km 151060 of NH-1278 under Bharatmala Pariyojana Lot-1 Pkg-1B Meghalaya portion,Roads & Highways,Ministry of Road Transport & Highways,Meghalaya,Shillong,NHIDCL,801.0,801.0,176.55,54,54,2023-03-31,2027-09-26,2027-09-26,27.0,22.04,KNR Constructions Ltd,1,State,Complete,Obtained,Obtained,Complete,Limited,0,2026-07-14,7.7,0,0,0,0.0,0.0,8.0,Low
PROJ-618368,Improvement and Widening to 2-lane with paved shoulder of road from design Km 36.000 Rangamati to design Km 72.000 Pati Chhari Total length 36.000 Km on Teliamura to Harina section of NH 208 in the state of Tripura on EPC mode under JICA ODA Loan Phase VI Package-3,Roads & Highways,Ministry of Road Transport & Highways,Tripura,Agartala,NHIDCL,671.0,671.0,183.24,32,41,2024-01-09,2026-09-02,2027-05-31,15.0,27.31,Shapoorji Pallonji Co,3,Externally Aided,Complete,Pending,Obtained,Complete,Open,5,2026-02-26,6.1,3,0,1,0.0,28.12,31.2,Low
PROJ-618367,Improvement and Widening to 2-lane with paved shoulder of road from design Km 72.000 Pati Chhari to design Km 107.654 Harina Total length 35.654 Km on Teliamura to Harina section of NH 208 in the state of Tripura on EPC mode under JICA ODA Loan Phase VI Package-4,Roads & Highways,Ministry of Road Transport & Highways,Tripura,Agartala,NHIDCL,727.0,727.0,100.25,35,42,2024-01-09,2026-12-20,2027-06-30,10.0,13.79,Shapoorji Pallonji Co,2,Externally Aided,Complete,Pending,Obtained,Partial,Limited,5,2026-01-09,6.6,0,0,1,0.0,20.0,20.2,Low
PROJ-618369,Improvement and Widening to 2-lane with paved shoulder of road from existing Km 438.170 Khowai Chowmuhani to existing Km 439.410 South Pulinpur of NH-08 and from design Km 0.000 South Pulinpur to design Km 36.00 near Rangamati of NH 208 on Khowai Teliamura- Harina section Total length 37.24 in the state of Tripura on EPC mode under JICA ODA Loan Phase VI Package-2,Roads & Highways,Ministry of Road Transport & Highways,Tripura,Agartala,NHIDCL,657.0,657.0,301.86,32,39,2024-01-09,2026-09-02,2027-03-31,61.0,45.95,Afcons Infrastructure,3,Externally Aided,Complete,Obtained,Pending,Not Started,Open,4,2026-08-04,4.8,3,0,1,0.0,21.88,25.4,Low
PROJ-618370,Improvement and Widening to 2-lane with paved shoulder of road from Km 101.300 to km 127.319 Total Length 26.019 Km i.e. the Khowai Teliamura-Amarpur-Harina-Sabroom section of NH 208 in the state of Tripura on EPC under JICA ODA Loan Phase VI Package-1,Roads & Highways,Ministry of Road Transport & Highways,Tripura,Agartala,NHIDCL,432.0,432.0,265.36,30,39,2024-01-09,2026-07-17,2027-04-17,63.0,61.43,Afcons Infrastructure,4,Externally Aided,Complete,Obtained,Not Required,Not Started,Open,2,2026-03-20,6.0,2,0,1,0.0,30.0,26.2,Low
PROJ-618076,Improvement and Widening two lannig with paved Shoulder of NH 127B from km 31.500 Goeragre to km 63.224 Package-II in state of Meghalaya,Roads & Highways,Ministry of Road Transport & Highways,Meghalaya,Shillong,MoRTH,504.0,350.67,0.0,41,41,2023-12-08,2027-05-15,2027-05-15,4.0,0.0,Adani Infra Ltd,1,Central,Complete,Obtained,Obtained,Complete,Single,1,2026-04-30,7.6,1,0,0,0.0,0.0,8.0,Low
PROJ-618806,Improvement of 4L road to 6L road and 4L dedicated Port Roads for the Port connectivity road from Convent junction to Sheelanagar Junction,Roads & Highways,Ministry of Road Transport & Highways,Tamil Nadu,Tuticorin,NHAI,686.0,680.21,493.92,37,47,2023-01-20,2026-02-13,2026-12-31,79.0,72.0,Adani Infra Ltd,1,PPP,Partial,Obtained,Pending,Not Started,Open,3,2026-06-15,4.0,1,0,1,0.0,27.03,24.2,Low
PROJ-618416,"Improvement of existing road to 2 laning with Hard Shoulders of Maram -Peren section Package-1A, length- 22.340Km from Design Chainage 0.000 km to 22.340 km on NH-129A in the State of Manipur on EPC mode",Roads & Highways,Ministry of Road Transport & Highways,Manipur,Imphal,NHIDCL,226.0,226.0,190.19,22,74,2021-02-11,2022-12-22,2027-03-31,75.0,84.15,IRB Infrastructure Developers,3,Externally Aided,Complete,Pending,Pending,Not Started,Limited,5,2026-04-05,5.2,1,0,1,0.0,236.36,51.3,Medium
PROJ-618415,"Improvement of existing road to 2 laning with Hard Shoulders of Maram-Peren section Package-1B, length- 17.660 km from Design Chainage 22.340 km to 40.000 km on NH-129A in the State of Manipur on EPC mode",Roads & Highways,Ministry of Road Transport & Highways,Manipur,Imphal,NHIDCL,188.0,188.0,0.0,22,61,2021-02-11,2022-12-22,2026-03-06,100.0,0.0,Hindustan Construction Company (HCC),3,Central,Complete,Obtained,Pending,Partial,Open,1,2026-05-18,7.0,3,0,1,0.0,177.27,43.6,Medium
PROJ-618073,Improvement to Two lane with Paved Shoulder from Junction of NH22 near Hajipur to Junction of NH -122 at Bachhwara via Mahnar and Mohiuddin Nagar from Km 0.00 to Km 29.730 of NH 122 B in the State of Bihar.,Roads & Highways,Ministry of Road Transport & Highways,Bihar,Patna,MoRTH,226.0,226.0,0.0,24,36,2024-02-27,2026-02-28,2027-02-28,61.0,0.0,Afcons Infrastructure,1,PPP,Not Started,Obtained,Pending,Complete,Single,4,2026-07-20,4.3,1,0,1,0.0,50.0,37.1,Medium
PROJ-618080,Improvement to two lane with paved shoulders of BH WB Border Amdabad Manihari section from design Km 0.000 to Km 23.945 of NH 131 A Total length 23.945 Km under EPC mode in the state of Bihar,Roads & Highways,Ministry of Road Transport & Highways,Bihar,Patna,MoRTH,353.0,353.0,0.0,58,65,2022-01-24,2026-11-29,2027-06-30,8.0,0.0,Megha Engineering (MEIL),0,State,Complete,Obtained,Obtained,Complete,Single,0,2026-05-03,9.4,0,0,0,0.0,12.07,8.0,Low
PROJ-618121,Improvement to two lane with paved shoulders of NH-319A from km 0 to km 45 in state of Bihar under EPC mode,Roads & Highways,Ministry of Road Transport & Highways,Bihar,Patna,MoRTH,427.0,427.0,198.23,34,58,2022-02-09,2024-12-19,2026-11-30,93.0,46.42,Larsen & Toubro Ltd,2,PPP,Complete,Pending,Obtained,Not Started,Single,4,2026-05-20,3.7,0,0,1,0.0,70.59,43.2,Medium
PROJ-618211,Improvement/construction of 2-lane with paved shoulder of Askote Llipulekh road from Tawaghat village to Budhi village design km. 56935 to km 95748 and from end of Tunnel portal to Kali Mandir design km 113828 to km. 133078 [total design length 58.063 km] under project Hirak of BRO in the state of Uttarakhand under Bharatmala Pariyojna on EPC Mode,Roads & Highways,Ministry of Road Transport & Highways,Uttarakhand,Dehradun,MoRTH,650.0,650.0,0.0,54,62,2022-05-19,2026-11-24,2027-07-12,37.0,0.0,Ashoka Buildcon Ltd,0,Central,Complete,Obtained,Obtained,Complete,Limited,0,2026-01-29,7.1,0,0,0,0.0,14.81,8.0,Low
PROJ-618216,"Improvement/construction of existing CL-5 Road to NH Intermediate lane specification with hard shoulder from Km 133.000 to 166.000 net Length 33.000 kms of NH-505 Sumdo-Kaza-Gramphoo road in the state of Himachal Pradesh on EPC mode under project Deepak, BRO",Roads & Highways,Ministry of Road Transport & Highways,Himachal Pradesh,Shimla,MoRTH,231.0,203.15,31.4,64,79,2021-03-08,2026-06-30,2027-09-30,23.0,13.59,Dilip Buildcon Ltd,2,Central,Complete,Pending,Obtained,Complete,Single,5,2026-01-09,4.2,1,0,1,0.0,23.44,21.8,Low
PROJ-618215,"Improvement/construction of existing CL-5 Road to NH Intermediate lane specification with hard shoulder from Km 166.000 to 203.77 net Length 37.770 kms of NH-505 Sumdo-Kaza-Gramphoo road in the state of Himachal Pradesh on EPC mode under project Deepak, BRO",Roads & Highways,Ministry of Road Transport & Highways,Himachal Pradesh,Shimla,MoRTH,274.0,194.0,0.0,72,72,2021-06-14,2027-06-09,2027-06-09,22.0,0.0,Shapoorji Pallonji Co,1,Central,Partial,Obtained,Obtained,Complete,Open,0,2026-03-09,7.3,0,0,0,0.0,0.0,8.0,Low
PROJ-618217,Improvement/construction of existing Class-5 Road to NH Intermediate lane specification with hard shoulder from existing Km 76/340 to 134/940 Design chainage from Km 76/300 to 133/000 net Length 56.700 kms of NH-505 Sumdo-Kaza-Gramphoo road in the state of Himachal Pradesh Package I,Roads & Highways,Ministry of Road Transport & Highways,Himachal Pradesh,Shimla,MoRTH,315.0,244.15,93.27,62,78,2021-03-03,2026-05-11,2027-08-31,62.0,29.61,Tata Projects Ltd,2,Central,Complete,Obtained,Pending,Complete,Single,1,2026-06-23,6.3,1,0,1,0.0,25.81,19.4,Low
PROJ-618299,Improvement/Up-gradation of existing 2-Lane Road to 4-Lane Divided Highway from Daili to Kuraopokpi section of Imphal-Kohima road NH-02 Design Chainage from Km 274610 to Km 287000 in the state of Manipur on EPC mode Pkg-4B,Roads & Highways,Ministry of Road Transport & Highways,Manipur,Imphal,NHIDCL,269.0,269.0,206.28,69,77,2020-09-01,2026-06-05,2027-01-24,77.0,76.68,NCC Limited,0,Externally Aided,Partial,Obtained,Obtained,Complete,Open,1,2026-02-18,9.4,1,0,0,0.0,11.59,9.9,Low
PROJ-618300,Improvement/Up-gradation of existing 2-Lane Road to 4-Lane Divided Highway from Taphukuki to Daili section of Imphal-Kohima road NH-02 Design Chainage from Km 262175 to Km 274610 in the state of Manipur on EPC mode Pkg-4A,Roads & Highways,Ministry of Road Transport & Highways,Manipur,Imphal,NHIDCL,379.0,379.0,314.73,20,72,2020-09-01,2022-04-18,2026-08-31,91.0,83.04,NCC Limited,1,PPP,Partial,Pending,Obtained,Not Started,Open,2,2026-02-27,5.4,3,0,1,0.0,260.0,45.5,Medium
PROJ-618295,Improvement/Widening of New NH-217 Dainadubi-Darugiri section to Two lane with paved shoulder in Meghalaya from design Km 0000 to Km 40840 existing Km 8600 to Km 53000 of Old NH-62 under BMP Lot-1 Pkg-1B Meghalaya portion,Roads & Highways,Ministry of Road Transport & Highways,Meghalaya,Shillong,NHIDCL,706.0,706.0,0.0,48,48,2023-03-22,2027-03-20,2027-03-19,46.0,0.0,Afcons Infrastructure,0,Central,Complete,Obtained,Obtained,Partial,Open,0,2026-03-05,9.3,0,0,0,0.0,0.0,8.0,Low
PROJ-618374,Improvement/Widening to 2-L with Paved Shoulder/ 4-Laning of NH-40 section from Km 151330 to Km 163400 design Km 63.530 to Km 71.520 including Dawki Bridge of length 368 m between Shillong-Dawki under JICA ODA Loan assistance Phase-II Pkg-5 -Balance work,Roads & Highways,Ministry of Road Transport & Highways,Meghalaya,Shillong,NHIDCL,284.0,284.0,170.81,76,76,2020-07-13,2026-11-13,2026-11-13,43.0,60.14,IRCON International,1,Central,Partial,Not Required,Obtained,Complete,Open,0,2026-04-21,8.6,0,0,0,0.0,0.0,9.1,Low
PROJ-618377,Improvement/Widening to 2-L with Paved Shoulder/4-L from Km 81740 to Km 93490 design Km 0000 to Km 10670 of NH-40 New NH-106 & 206 section & 4-L from design Km 0.00 to Km 0.930 of NH-44 section between Shillong-Dawki under JICA ODA Loan assistance Phase-II -Balance Work Pkg-1,Roads & Highways,Ministry of Road Transport & Highways,Meghalaya,Shillong,NHIDCL,351.0,351.0,243.15,63,71,2020-07-13,2025-10-22,2026-06-15,100.0,69.27,Megha Engineering (MEIL),0,Externally Aided,Complete,Obtained,Obtained,Complete,Open,0,2026-07-28,8.0,0,0,0,0.0,12.7,8.0,Low
PROJ-618376,Improvement/Widening to 2-Lane with Paved Shoulder between Shillong-Dawki road up to Bangladesh Border from design Km 10.670 to Km 37.550 under JICA ODA Loan assistance Phase-II -Balance Work-Pkg-2,Roads & Highways,Ministry of Road Transport & Highways,Meghalaya,Shillong,NHIDCL,526.0,526.0,0.0,73,78,2020-07-13,2026-08-07,2026-12-31,53.0,0.0,Larsen & Toubro Ltd,0,Externally Aided,Complete,Obtained,Obtained,Partial,Open,0,2026-02-03,8.2,0,0,0,0.0,6.85,8.0,Low
PROJ-618375,Improvement/Widening to 2-Lane with Paved Shoulder from design Km 45.760 to Km 63.530 between Shillong-Dawki under JICA ODA Loan assistance Phase-II -Balance work Pkg-4,Roads & Highways,Ministry of Road Transport & Highways,Meghalaya,Shillong,NHIDCL,446.0,446.0,42.39,69,76,2020-07-13,2026-04-19,2026-10-31,53.0,9.5,KNR Constructions Ltd,1,Central,Complete,Obtained,Obtained,Partial,Single,0,2026-04-02,8.7,0,0,0,0.0,10.14,8.0,Low
PROJ-618561,Improving the Alignment of Thoppur Ghat Section from Km 158.500 to Km 165.100 in Dharmapuri - Salem Section of NH-44,Roads & Highways,Ministry of Road Transport & Highways,Tamil Nadu,Salem,NHAI,905.0,731.09,211.34,48,48,2024-03-07,2028-03-20,2028-03-20,48.0,23.35,PNC Infratech Ltd,1,PPP,Complete,Obtained,Not Required,Complete,Open,0,2026-03-22,9.1,1,0,0,0.0,0.0,8.0,Low
PROJ-618621,Indore - Edlabad Pkg-II [Tejajinagar to Balwara],Roads & Highways,Ministry of Road Transport & Highways,Madhya Pradesh,Indore,NHAI,1163.0,1530.82,824.5,34,56,2022-03-11,2025-01-15,2026-10-31,87.0,53.86,Afcons Infrastructure,3,State,Not Started,Pending,Obtained,Partial,Limited,4,2026-04-20,6.5,2,1,1,31.63,64.71,64.3,Medium
PROJ-618694,Indore - Harda Pkg-I [Indore to Raghav Garh from km. 0.25 to km. 26.903],Roads & Highways,Ministry of Road Transport & Highways,Madhya Pradesh,Indore,NHAI,1011.0,813.03,688.03,33,55,2022-01-31,2024-10-31,2026-08-31,96.0,68.05,KNR Constructions Ltd,4,Central,Complete,Obtained,Obtained,Partial,Open,4,2026-04-03,5.1,3,0,1,0.0,66.67,44.8,Medium
PROJ-619114,Indore - Harda Pkg-II [Raghavgarh to Nanasa from km. 29.30 to km. 92.30],Roads & Highways,Ministry of Road Transport & Highways,Madhya Pradesh,Indore,NHAI,1082.0,1146.63,369.46,38,59,2023-01-04,2026-03-14,2027-11-20,40.0,32.22,Larsen & Toubro Ltd,3,Externally Aided,Complete,Pending,Not Required,Complete,Single,5,2026-01-22,5.0,0,0,1,5.97,55.26,41.1,Medium
PROJ-618762,Itarsi Km. 63.000 to Betul Km. 137.000 of NH-69 in Madhya Pradesh,Roads & Highways,Ministry of Road Transport & Highways,Madhya Pradesh,Bhopal,NHAI,950.0,788.33,663.67,30,107,2017-08-31,2020-02-21,2026-08-15,100.0,69.86,Ashoka Buildcon Ltd,1,Central,Not Started,Pending,Obtained,Complete,Limited,5,2026-07-18,3.9,1,0,1,0.0,256.67,46.4,Medium
PROJ-618936,Jagadhari - Tajewala from Km -0.175 to 32.337 km of NH-344,Roads & Highways,Ministry of Road Transport & Highways,Telangana,Hyderabad,NHAI,1270.0,919.43,712.77,34,60,2022-03-31,2025-02-06,2027-03-31,68.0,56.12,NCC Limited,4,State,Not Started,Obtained,Pending,Partial,Limited,3,2026-07-04,5.9,1,0,1,0.0,76.47,48.7,Medium
PROJ-618407,Jammu-Akhnoor Road Pkg-I,Roads & Highways,Ministry of Road Transport & Highways,Jammu and Kashmir,Jammu,NHIDCL,245.0,245.0,115.21,82,104,2018-03-14,2025-01-09,2026-10-31,75.0,47.02,Ashoka Buildcon Ltd,2,Central,Partial,Pending,Not Required,Complete,Single,4,2026-07-12,4.6,1,0,1,0.0,26.83,24.6,Low
PROJ-619208,Kadambattukonam-Kazhakuttom,Roads & Highways,Ministry of Road Transport & Highways,West Bengal,Kharagpur,NHAI,3636.0,3526.33,2124.13,37,66,2021-12-06,2025-01-18,2027-05-31,44.0,58.42,KNR Constructions Ltd,2,PPP,Complete,Pending,Pending,Not Started,Single,5,2026-06-03,3.7,1,0,1,0.0,78.38,51.8,Medium
PROJ-618899,Kallagam km.38.700 to Meensurutti Km.98.433 of NH-227 in Tamil Nadu,Roads & Highways,Ministry of Road Transport & Highways,Tamil Nadu,Chennai,NHAI,1499.0,1499.12,1111.9,38,102,2018-02-27,2021-04-22,2026-08-31,100.0,74.17,Larsen & Toubro Ltd,4,Externally Aided,Partial,Obtained,Pending,Not Started,Limited,2,2026-01-05,4.9,3,0,1,0.01,168.42,49.5,Medium
PROJ-618895,Kamalapuram to Oddanchatram from km. 0.00 to km. 35.822,Roads & Highways,Ministry of Road Transport & Highways,Haryana,Faridabad,NHAI,1319.0,1319.42,649.83,48,92,2019-01-22,2023-01-20,2026-09-30,94.0,49.25,Megha Engineering (MEIL),2,PPP,Partial,Obtained,Not Required,Complete,Single,2,2026-04-24,6.8,0,0,1,0.03,91.67,40.1,Medium
PROJ-617948,Kante - Wakad section of NH-66 4L PS from Km.281/300 to 332/200,Roads & Highways,Ministry of Road Transport & Highways,Andhra Pradesh,Guntur,MoRTH,1118.0,2020.56,375.93,44,116,2016-03-17,2019-11-12,2025-11-30,90.0,18.61,Afcons Infrastructure,3,State,Not Started,Pending,Pending,Partial,Limited,1,2026-08-13,5.1,0,1,1,80.73,163.64,79.7,High
PROJ-618521,Karaipettai to Walajapet from Km 71.015 to 107.091,Roads & Highways,Ministry of Road Transport & Highways,Jharkhand,Ranchi,NHAI,767.0,766.51,613.76,30,96,2018-08-08,2021-02-09,2026-08-15,94.0,80.02,KNR Constructions Ltd,2,Externally Aided,Partial,Pending,Obtained,Not Started,Single,1,2026-02-23,5.1,0,0,1,0.0,220.0,42.6,Medium
PROJ-618408,Kargil Zanskar Road,Roads & Highways,Ministry of Road Transport & Highways,Ladakh,Kargil,NHIDCL,398.0,398.0,337.19,21,64,2021-03-31,2023-01-02,2026-08-15,97.0,84.72,KNR Constructions Ltd,4,Central,Not Started,Pending,Obtained,Partial,Single,4,2026-08-11,3.7,1,0,1,0.0,204.76,49.6,Medium
PROJ-619201,Karnal ring road Lot-4/Pkg-1,Roads & Highways,Ministry of Road Transport & Highways,Tripura,Udaipur,NHAI,1741.0,2041.54,834.54,34,48,2022-11-04,2025-08-30,2026-10-31,97.0,40.88,NCC Limited,2,Central,Not Started,Obtained,Not Required,Not Started,Open,3,2026-01-28,6.8,1,1,1,17.26,41.18,41.8,Medium
PROJ-617946,Kashedi to Parshuram Ghat section of NH-66 from Km 161/600 - Km 205/400 - 4L PS,Roads & Highways,Ministry of Road Transport & Highways,Assam,Guwahati,MoRTH,1143.0,1143.0,427.48,47,118,2016-03-07,2020-02-02,2025-12-31,98.0,37.4,Adani Infra Ltd,4,Central,Partial,Pending,Not Required,Partial,Single,2,2026-07-23,4.4,2,0,1,0.0,151.06,46.7,Medium
PROJ-618746,Khammam-Devarapalle Pkg I [4L Access Controlled Greenfield from Thallampadu village to Somavaram village Design Chainage 0000 to 33604],Roads & Highways,Ministry of Road Transport & Highways,Telangana,Khammam,NHAI,797.0,1337.18,684.62,45,68,2021-01-22,2024-10-30,2026-10-07,97.0,51.2,Afcons Infrastructure,1,Central,Not Started,Pending,Pending,Complete,Single,4,2026-08-09,5.4,1,1,1,67.78,51.11,73.0,High
PROJ-619128,Khammam-Devarapalle Pkg II [4L Access Controlled Greenfield from Somavaram village to Chintagudem village Design Chainage 33604 to 63117],Roads & Highways,Ministry of Road Transport & Highways,Telangana,Khammam,NHAI,616.0,981.64,524.11,44,67,2021-01-22,2024-09-12,2026-08-31,98.0,53.39,Adani Infra Ltd,4,PPP,Complete,Pending,Obtained,Partial,Open,3,2026-05-21,4.4,2,1,1,59.36,52.27,68.2,High
PROJ-618747,Khammam-Devarapalle Pkg III [4L Access Controlled Greenfield from Chintagudem village to Recherla village Design Chainage 63117 to 105236],Roads & Highways,Ministry of Road Transport & Highways,Telangana,Khammam,NHAI,830.0,1227.07,649.55,44,67,2021-01-22,2024-09-26,2026-08-31,99.0,52.94,Shapoorji Pallonji Co,2,Central,Not Started,Pending,Obtained,Not Started,Open,2,2026-06-08,7.2,1,1,1,47.84,52.27,63.6,Medium
PROJ-618101,Kondamodu to Perecherla Section Design Ch. Km 000 to Km 49917 of NH-167AG to to 4LPS,Roads & Highways,Ministry of Road Transport & Highways,Andhra Pradesh,Rajahmundry,MoRTH,882.0,882.0,0.0,30,30,2024-10-15,2027-04-19,2027-04-19,38.0,0.0,Larsen & Toubro Ltd,0,Externally Aided,Complete,Obtained,Not Required,Complete,Open,0,2026-03-09,8.1,0,0,0,0.0,0.0,8.0,Low
PROJ-617965,Kopargaon to Savali Vihir section,Roads & Highways,Ministry of Road Transport & Highways,Rajasthan,Jaipur,MoRTH,195.0,195.0,105.76,25,50,2022-06-22,2024-07-13,2026-08-30,93.0,54.24,GMR Infrastructure,2,Externally Aided,Partial,Obtained,Pending,Complete,Open,5,2026-04-24,4.1,2,0,1,0.0,100.0,46.7,Medium
PROJ-618607,Kottankulangara- Start of Kollam Bypass,Roads & Highways,Ministry of Road Transport & Highways,Kerala,Kollam,NHAI,2842.0,3680.49,2373.2,40,70,2021-06-08,2024-10-07,2027-03-31,74.0,64.48,Megha Engineering (MEIL),3,Central,Not Started,Pending,Pending,Not Started,Open,3,2026-04-18,6.5,2,1,1,29.5,75.0,66.7,High
PROJ-619098,Kozhikode Bypass Calicut Bypass Vengalam Jn. to Ramanattukara Jn.,Roads & Highways,Ministry of Road Transport & Highways,Kerala,Kozhikode,NHAI,1425.0,2139.18,1066.67,60,102,2018-02-15,2023-02-21,2026-08-31,99.0,49.86,Megha Engineering (MEIL),3,PPP,Partial,Pending,Obtained,Not Started,Open,4,2026-02-22,5.9,3,1,1,50.12,70.0,75.2,High
PROJ-617986,Kurnool/Kadapa Border-Jammalamadugu section of NH-167K i.e. Design Ch. Km 248010 to km 269900 to 2,Roads & Highways,Ministry of Road Transport & Highways,Andhra Pradesh,Kurnool,MoRTH,293.0,293.0,0.0,45,45,2023-03-14,2026-12-17,2026-12-17,96.0,0.0,Patel Engineering,1,Central,Complete,Obtained,Obtained,Complete,Open,0,2026-01-14,7.4,0,0,0,0.0,0.0,8.0,Low
PROJ-617888,Landslide treatment work on NH 58 from Kodiyala Km. 266.130 to Devprayag Km. 296.925 10 location under EPC mode in the State of Uttarakhand on EPC Mode,Roads & Highways,Ministry of Road Transport & Highways,Uttarakhand,Dehradun,MoRTH,193.0,193.0,0.0,25,43,2023-01-09,2025-02-11,2026-07-31,99.0,0.0,Larsen & Toubro Ltd,1,Central,Complete,Pending,Pending,Complete,Single,5,2026-06-08,6.2,0,0,1,0.0,72.0,42.8,Medium
PROJ-618116,lmprovement and Up-gradation from Km. 73.300 Bikapur to Km.140.960 Patranga of NH-227B 84 Kosi Parikrama Marg to 2LPS along with Parikrama Path,Roads & Highways,Ministry of Road Transport & Highways,Tamil Nadu,Chennai,MoRTH,1680.0,1680.0,172.89,63,63,2022-11-09,2028-01-27,2028-01-27,40.0,10.29,Tata Projects Ltd,1,PPP,Complete,Not Required,Obtained,Partial,Open,0,2026-04-28,7.9,0,0,0,0.0,0.0,8.0,Low
PROJ-619014,"lmprovement and Widening to 2 lane with paved Shoulder of NH-15 old NH-52 from Existing Km 770.600 Design Km 24.819 to Existing km 805.750 Design Km 59.885 Kamlang T-Junction to Chowkham, Existing Length 35.150 Km, Design Length-35.066 Km in the state of Arunachal Pradesh on EPC mode Pkg-2",Roads & Highways,Ministry of Road Transport & Highways,Arunachal Pradesh,Itanagar,NHIDCL,317.0,317.0,34.98,51,51,2023-12-08,2028-02-27,2028-02-27,15.0,11.03,KNR Constructions Ltd,0,PPP,Complete,Obtained,Obtained,Complete,Open,0,2026-05-29,8.8,0,0,0,0.0,0.0,8.0,Low
PROJ-619248,"lmprovement and Widening to 2-lane with Paved Shoulder of NH-13 & 15 Old NH-52 from Existing Km 745.60 Design Km 0.000 to Existing km 770.600 Design Km 24.819 Brahmakund T-junction to Kamlang T-Junction, Existing Length 25.00 Km, Design Length 24.819 Km in the state of Arunachal Pradesh on EPC mode Pkg-1",Roads & Highways,Ministry of Road Transport & Highways,Arunachal Pradesh,Itanagar,NHIDCL,441.0,441.0,25.88,54,54,2023-12-08,2028-06-02,2028-06-02,15.0,5.87,IRCON International,0,Central,Complete,Obtained,Obtained,Complete,Open,0,2026-03-02,7.8,1,0,0,0.0,0.0,8.0,Low
PROJ-618331,lmprovement to 4-Lane with Paved Shoulder from existing km 260000 Design Ch.4560 km to existing km Ch.233000 D. Ch.24560 of Silchar near Nutan Dayapur village - Budha Nagar Section Length-20.00 Km of NH-37 under Package Silchar-Jiribam Pkg-1 in the state of Assam on HAM Mode,Roads & Highways,Ministry of Road Transport & Highways,Assam,Silchar,NHIDCL,958.0,958.0,214.64,48,48,2024-01-24,2028-01-15,2028-01-15,47.0,22.41,Megha Engineering (MEIL),0,State,Complete,Obtained,Obtained,Complete,Limited,0,2026-03-06,8.1,0,0,0,0.0,0.0,8.0,Low
PROJ-618653,Loha-Waranga Section of NH-361 from km 187.800 to km 244.369,Roads & Highways,Ministry of Road Transport & Highways,Tamil Nadu,Madurai,NHAI,1236.0,3466.58,1503.59,37,106,2018-03-01,2021-03-24,2026-12-31,96.0,43.37,Tata Projects Ltd,1,Externally Aided,Complete,Obtained,Not Required,Partial,Open,1,2026-02-04,4.3,2,1,1,180.47,186.49,71.7,High
PROJ-619129,Mahabalipuram - Pondicherry Pkg-I [Mamallapuram to Mugaiyur],Roads & Highways,Ministry of Road Transport & Highways,Mizoram,Lunglei,NHAI,1361.0,1477.94,904.84,63,96,2019-02-14,2024-05-10,2027-01-31,59.0,61.22,Ashoka Buildcon Ltd,1,Central,Partial,Pending,Obtained,Not Started,Limited,5,2026-03-04,7.0,0,0,1,8.59,52.38,42.7,Medium
PROJ-619130,Mahabalipuram - Pondicherry Pkg-II [Mugaiyur to Marakkanam],Roads & Highways,Ministry of Road Transport & Highways,Odisha,Puri,NHAI,1116.0,1463.75,804.69,82,97,2019-02-14,2025-12-05,2027-03-31,53.0,54.97,Dilip Buildcon Ltd,2,Externally Aided,Complete,Pending,Not Required,Not Started,Single,2,2026-07-16,6.4,3,1,1,31.16,18.29,36.8,Medium
PROJ-618903,Maheshkunt -Saharsa-Purnea Pkg II,Roads & Highways,Ministry of Road Transport & Highways,Odisha,Puri,NHAI,1245.0,1244.09,1230.43,44,114,2017-03-30,2020-12-11,2026-09-30,94.0,98.83,Patel Engineering,3,Central,Complete,Obtained,Obtained,Partial,Single,3,2026-05-15,5.4,2,0,1,0.0,159.09,44.2,Medium
PROJ-618902,Maheshkunt-Saharsa-Purnea Pkg I km 0.00 to km. 90.00 of NH-107,Roads & Highways,Ministry of Road Transport & Highways,West Bengal,Asansol,NHAI,662.0,1311.22,1126.22,58,115,2017-02-27,2021-12-19,2026-09-30,90.0,85.89,Larsen & Toubro Ltd,3,Central,Not Started,Obtained,Obtained,Complete,Limited,2,2026-08-10,3.7,0,1,1,98.07,98.28,77.2,High
PROJ-618411,Melaghar-Srimantapur section on NH-08 Spur from Km 23 to Km 34.500 11.5 Km and overlay from Km 20.30 to Km 22.00 1.7 Km Total Length 13.2 Km,Roads & Highways,Ministry of Road Transport & Highways,Telangana,Karimnagar,NHIDCL,196.0,196.0,95.54,23,46,2023-01-05,2024-11-27,2026-10-29,72.0,48.74,Patel Engineering,2,Central,Partial,Pending,Obtained,Partial,Open,4,2026-06-17,4.8,2,0,1,0.0,100.0,45.8,Medium
PROJ-618756,Melur - Pilayarpatti - Karaikudi from km 99.920 of NH 38 to km 12.9 of NH 383 Ext.,Roads & Highways,Ministry of Road Transport & Highways,Maharashtra,Nashik,NHAI,1104.0,1085.41,956.44,39,92,2018-12-20,2022-03-15,2026-08-31,98.0,86.63,GMR Infrastructure,4,PPP,Partial,Obtained,Pending,Not Started,Limited,5,2026-05-11,3.9,1,0,1,0.0,135.9,50.0,Medium
PROJ-618152,Mhaswad to Tembhurni section of NH-548C - 2L PS,Roads & Highways,Ministry of Road Transport & Highways,Uttar Pradesh,Kanpur,MoRTH,489.0,489.0,0.0,30,115,2017-01-25,2019-07-31,2026-08-30,96.0,0.0,IRCON International,3,Central,Partial,Pending,Obtained,Partial,Single,1,2026-08-06,7.0,0,0,1,0.0,283.33,42.2,Medium
PROJ-618764,Moga - Bagha Purana - Bajakhana from km. 0.00 to km. 43.32,Roads & Highways,Ministry of Road Transport & Highways,Mizoram,Lunglei,NHAI,1033.0,1264.17,799.77,56,80,2020-05-11,2024-12-30,2026-12-31,76.0,63.26,Adani Infra Ltd,4,Central,Complete,Obtained,Obtained,Partial,Open,2,2026-06-03,3.9,0,1,1,22.38,42.86,40.0,Medium
PROJ-618053,Muddanur to B. Kothapalli section of NH-716G from Km. 0/000 to Km. 56/500 56.500 Km in the State of Andhra Pradesh on EPC mode Job no. 741,Roads & Highways,Ministry of Road Transport & Highways,Andhra Pradesh,Visakhapatnam,MoRTH,1020.0,1020.0,0.0,34,34,2024-10-15,2027-08-10,2027-08-10,34.0,0.0,Afcons Infrastructure,0,Central,Complete,Obtained,Obtained,Complete,Open,0,2026-06-12,9.0,0,0,0,0.0,0.0,8.0,Low
PROJ-618629,Nandigama Bypass and Kanchikacherla bypass,Roads & Highways,Ministry of Road Transport & Highways,Ladakh,Kargil,NHAI,416.0,444.58,387.77,19,107,2017-11-09,2019-06-04,2026-09-30,98.0,87.22,IRB Infrastructure Developers,3,Externally Aided,Partial,Pending,Pending,Partial,Open,3,2026-05-14,5.8,0,0,1,6.87,463.16,49.2,Medium
PROJ-618088,Nandurshingote to Kolhar,Roads & Highways,Ministry of Road Transport & Highways,Karnataka,Mangaluru,MoRTH,326.0,326.0,32.41,27,27,2024-09-25,2026-12-19,2026-12-19,42.0,9.94,IRCON International,1,Externally Aided,Complete,Not Required,Obtained,Complete,Single,1,2026-06-10,8.8,0,0,0,0.0,0.0,8.0,Low
PROJ-617987,Nandyala-Kurnool/Kadapa Border section of NH-167K i.e. Km 186/000 to Km 250/000Design Ch.186000 to 248010 to 2LPS,Roads & Highways,Ministry of Road Transport & Highways,Andhra Pradesh,Kurnool,MoRTH,692.0,692.0,0.0,35,35,2024-10-15,2027-09-04,2027-09-04,50.0,0.0,Megha Engineering (MEIL),1,PPP,Complete,Obtained,Obtained,Complete,Open,0,2026-03-05,7.2,0,0,0,0.0,0.0,8.0,Low
PROJ-617934,Nasratpur to Barasgaon section of NH-61 2L / 4L PS from Km.514/00 to 558/200,Roads & Highways,Ministry of Road Transport & Highways,Uttarakhand,Pantnagar,MoRTH,407.0,407.0,528.24,26,110,2017-07-05,2019-09-07,2026-08-31,96.0,100.0,Larsen & Toubro Ltd,3,PPP,Complete,Obtained,Pending,Partial,Limited,4,2026-03-14,4.4,0,0,1,0.0,323.08,44.2,Medium
PROJ-618850,Nerchowk km 190.000 to Pandoh including Pandoh bypass km221.305,Roads & Highways,Ministry of Road Transport & Highways,Jammu and Kashmir,Jammu,NHAI,1464.0,1651.67,1574.85,51,125,2016-03-31,2020-07-11,2026-08-31,100.0,95.35,NCC Limited,2,Central,Not Started,Obtained,Not Required,Not Started,Single,2,2026-08-01,7.1,2,1,1,12.82,145.1,52.7,Medium
PROJ-617898,New construction of Major Bridge with Approaches from Km 0.000 to 1.200 Madhopur -Badabanta section of NH-20 under NHO in Annual Plan 2022-23 in the State of Odisha,Roads & Highways,Ministry of Road Transport & Highways,Odisha,Bhubaneswar,MoRTH,200.0,200.0,0.32,55,55,2023-03-16,2027-10-09,2027-10-09,0.0,0.16,Ashoka Buildcon Ltd,1,Central,Complete,Obtained,Obtained,Complete,Open,0,2026-02-22,7.3,0,0,0,0.0,0.0,8.0,Low
PROJ-619120,Nidagatta-Mysore Pkg II,Roads & Highways,Ministry of Road Transport & Highways,Arunachal Pradesh,Pasighat,NHAI,2920.0,4113.89,3715.84,51,103,2018-02-27,2022-06-07,2026-09-30,99.0,90.32,Megha Engineering (MEIL),4,Central,Not Started,Obtained,Pending,Not Started,Limited,1,2026-03-18,5.5,3,1,1,40.89,101.96,71.4,High
PROJ-618688,Outer Ring Road of Jabalpur Town from Amjhar Road including Airport Connectivity to barela Pkg-V,Roads & Highways,Ministry of Road Transport & Highways,Madhya Pradesh,Jabalpur,NHAI,795.0,539.9,105.34,35,35,2024-10-28,2027-10-11,2027-10-11,32.0,13.25,Patel Engineering,0,Central,Complete,Obtained,Obtained,Complete,Open,0,2026-04-13,8.3,0,0,0,0.0,0.0,8.0,Low
PROJ-618687,Outer Ring Road of Jabalpur Town from Barela to Manegaon Pkg-1,Roads & Highways,Ministry of Road Transport & Highways,Madhya Pradesh,Jabalpur,NHAI,652.0,651.88,500.97,30,48,2022-09-01,2025-03-05,2026-08-24,90.0,76.84,Megha Engineering (MEIL),2,State,Partial,Obtained,Not Required,Partial,Limited,2,2026-04-04,4.8,1,0,1,0.0,60.0,37.9,Medium
PROJ-618686,Outer Ring Road of Jabalpur Town from Kushner to Amjhar Road including Airport Connectivity Pkg-IV,Roads & Highways,Ministry of Road Transport & Highways,Madhya Pradesh,Jabalpur,NHAI,613.0,509.82,363.91,42,51,2022-08-26,2026-03-05,2026-11-27,80.0,59.37,Tata Projects Ltd,4,State,Partial,Obtained,Not Required,Not Started,Open,2,2026-06-15,4.7,2,0,1,0.0,21.43,23.9,Low
PROJ-618684,Outer Ring Road of Jabalpur Town from Manegaon to NH-45 Pkg-2,Roads & Highways,Ministry of Road Transport & Highways,Madhya Pradesh,Jabalpur,NHAI,917.0,786.47,520.38,40,53,2022-11-07,2026-03-07,2027-03-31,79.0,56.75,Hindustan Construction Company (HCC),3,Externally Aided,Partial,Obtained,Not Required,Not Started,Open,3,2026-03-06,6.3,2,0,1,0.0,32.5,29.0,Low
PROJ-618685,Outer Ring Road of Jabalpur Town from NH45 to Kushner Pkg-3,Roads & Highways,Ministry of Road Transport & Highways,Madhya Pradesh,Jabalpur,NHAI,911.0,773.23,552.62,41,51,2022-09-20,2026-03-04,2026-12-31,80.0,60.66,Larsen & Toubro Ltd,4,Central,Partial,Obtained,Obtained,Partial,Single,3,2026-05-27,5.3,3,0,1,0.0,24.39,25.5,Low
PROJ-618172,Paithan - Shirur section 2LPS Km 0.0 to 55.00,Roads & Highways,Ministry of Road Transport & Highways,Uttarakhand,Roorkee,MoRTH,342.0,342.0,208.25,27,116,2017-03-01,2019-06-02,2026-10-30,82.0,60.89,Ashoka Buildcon Ltd,4,State,Partial,Pending,Obtained,Complete,Single,3,2026-06-15,3.8,2,0,1,0.0,329.63,47.6,Medium
PROJ-618177,Pal Phata Phulambri - Khultabad 2LPS,Roads & Highways,Ministry of Road Transport & Highways,Kerala,Palakkad,MoRTH,227.0,227.0,5.78,21,93,2018-03-27,2019-12-29,2025-12-31,95.0,2.55,Larsen & Toubro Ltd,2,Central,Not Started,Obtained,Pending,Complete,Limited,2,2026-06-17,6.0,0,0,1,0.0,342.86,44.0,Medium
PROJ-618851,Pandoh bypass 221.305 to Takoli 242.000 of NH-21 in the state of Himachal Pradesh,Roads & Highways,Ministry of Road Transport & Highways,Himachal Pradesh,Shimla,NHAI,3420.0,4465.94,2883.58,51,118,2017-06-13,2021-09-23,2027-03-31,96.0,64.57,Megha Engineering (MEIL),2,Externally Aided,Partial,Obtained,Not Required,Not Started,Limited,3,2026-06-14,4.8,3,1,1,30.58,131.37,61.4,Medium
PROJ-618606,Paravoor-Kottankulangara,Roads & Highways,Ministry of Road Transport & Highways,Haryana,Gurugram,NHAI,3274.0,3200.24,2858.55,38,63,2021-12-22,2025-02-23,2027-03-31,71.0,87.31,Adani Infra Ltd,3,Externally Aided,Partial,Obtained,Not Required,Complete,Limited,5,2026-05-27,6.5,2,0,1,0.0,65.79,51.4,Medium
PROJ-618094,Pen to Khopoli 2LPS,Roads & Highways,Ministry of Road Transport & Highways,Rajasthan,Jaipur,MoRTH,369.0,369.0,333.1,21,93,2018-03-20,2019-12-21,2025-12-31,86.0,90.27,KNR Constructions Ltd,2,Central,Partial,Pending,Not Required,Not Started,Single,4,2026-02-20,6.9,3,0,1,0.0,342.86,50.0,Medium
PROJ-618571,Permanent rectification of 3 nos. of black spots in project Highway NH-27 of U.P border - Dewapur - Kotwa section from Km.360.915 to km.440.000 Total Length of 79.085 Km of NH-27& Permanent rectification of 5 nos. of black spots of project Highway NH-27 of Kotwa - Mehsi - Muzaffarpur Section from km.440.000 to km.520.000 Total length 80.00Km,Roads & Highways,Ministry of Road Transport & Highways,Bihar,Muzaffarpur,NHAI,227.0,321.23,233.7,44,57,2022-04-12,2025-12-11,2026-12-31,83.0,72.75,Patel Engineering,3,PPP,Not Started,Pending,Pending,Complete,Open,5,2026-03-01,4.4,1,1,1,41.51,29.55,53.0,Medium
PROJ-618846,Poondiyankuppam Km.67.000 to Sattanathapuram Km.123.800,Roads & Highways,Ministry of Road Transport & Highways,Uttar Pradesh,Noida,NHAI,2566.0,2319.35,1210.2,71,103,2018-03-01,2024-01-19,2026-09-30,100.0,47.16,GMR Infrastructure,3,Central,Not Started,Pending,Not Required,Not Started,Single,2,2026-01-19,4.3,0,0,1,0.0,45.07,36.1,Medium
PROJ-618074,Pre construction activity of NH 122B from km 0 to 72.348 and Improvement to two lane with paved shoulders of NH 122B from km 29.730 to km 72.348 in state of Bihar under EPC mode,Roads & Highways,Ministry of Road Transport & Highways,Bihar,Patna,MoRTH,624.0,624.0,154.25,54,55,2022-02-09,2026-08-07,2026-08-29,96.0,24.72,Larsen & Toubro Ltd,1,State,Complete,Obtained,Obtained,Complete,Open,0,2026-07-21,8.2,0,0,0,0.0,1.85,8.0,Low
PROJ-618126,"Pre-Construction activities from Km 134.000 to Km 190.233 of NH-333A and Construction of 4 no. of Bypasses at Katoria, Lakhpura, Banka & Panjwara total length-14.359 Km to two lane with paved shoulders standard in State of Bihar.",Roads & Highways,Ministry of Road Transport & Highways,Bihar,Patna,MoRTH,479.0,479.0,67.37,49,53,2022-11-10,2026-12-08,2027-03-31,59.0,14.06,Hindustan Construction Company (HCC),0,PPP,Partial,Not Required,Obtained,Complete,Limited,0,2026-07-29,7.4,0,0,0,0.0,8.16,8.0,Low
PROJ-618845,Puducherry Km.29.000 to Poondiyankuppam Km.67.000,Roads & Highways,Ministry of Road Transport & Highways,West Bengal,Siliguri,NHAI,1588.0,1415.9,460.45,68,103,2018-03-01,2023-11-14,2026-09-30,99.0,29.0,Dilip Buildcon Ltd,4,PPP,Partial,Pending,Obtained,Complete,Open,2,2026-02-26,6.6,3,0,1,0.0,51.47,40.2,Medium
PROJ-618180,Pune raigarh District Border To Mangaon Ch 69000 to 103775 NH-753F,Roads & Highways,Ministry of Road Transport & Highways,Maharashtra,Pune,MoRTH,223.0,223.0,0.0,22,101,2018-03-15,2019-12-30,2026-07-30,89.0,0.0,Ashoka Buildcon Ltd,2,Central,Partial,Obtained,Pending,Not Started,Limited,5,2026-05-07,3.9,2,0,1,0.0,359.09,48.4,Medium
PROJ-618428,Realignment of NH-717A from Design Ch.0.00 Km 77.800 of NH-10 to Design Ch.2.00 Km 3.100 of NH-717A with two lane paved shoulder including Major Bridge of 680 m in the State of Sikkim on EPC Mode-COS work,Roads & Highways,Ministry of Road Transport & Highways,Sikkim,Gangtok,NHIDCL,265.0,380.94,70.71,27,64,2021-01-04,2023-04-10,2026-05-21,100.0,18.56,Patel Engineering,1,Central,Not Started,Pending,Pending,Not Started,Open,3,2026-04-09,4.7,3,1,1,43.75,137.04,72.3,High
PROJ-619221,Realignment of Rudrapur-Kathgodam Section of NH-87 New NH-109 From Design Chainage 000 Existing Chainage Km.54050 To Design Chainage 7875 Existing Chainage Km.61550 Due To Proposed Expansion Of Pantnagar Airport in the state of Uttarakhand.,Roads & Highways,Ministry of Road Transport & Highways,Uttarakhand,Pantnagar,NHAI,253.0,253.0,0.14,25,25,2025-08-13,2027-09-15,2027-09-15,0.0,0.06,Ashoka Buildcon Ltd,0,Central,Partial,Obtained,Not Required,Complete,Open,0,2026-03-07,9.5,0,0,0,0.0,0.0,8.0,Low
PROJ-618025,Rehabiitation and upgradation from km 121/000 to 154/000 Nakrekal to Mallampally section of NH-365 to 2 lane with paved shoulders in the state of Telangana in the EPC mode,Roads & Highways,Ministry of Road Transport & Highways,Telangana,Hyderabad,MoRTH,193.0,193.0,141.82,21,103,2018-03-13,2019-12-08,2026-09-30,96.0,73.48,Shapoorji Pallonji Co,3,Central,Complete,Pending,Pending,Complete,Limited,2,2026-04-24,3.8,1,0,1,0.0,390.48,43.9,Medium
PROJ-618067,"Rehabilitation & Up-gradation from design Km. 0.000 to Km. 69.280 of NH-931 Pratapgarh - Amethi - Gauriganj -Musafirkhana to two lane with paved shoulder on Engineering, Procurement & Construction EpC mode in the State of Uttar Pradesh",Roads & Highways,Ministry of Road Transport & Highways,Uttar Pradesh,Lucknow,MoRTH,1086.0,1086.0,24.29,54,54,2023-05-17,2027-11-09,2027-11-09,9.0,2.24,Tata Projects Ltd,0,Central,Partial,Obtained,Obtained,Complete,Open,1,2026-03-27,8.1,0,0,0,0.0,0.0,8.0,Low
PROJ-618089,Rehabilitation & Up-gradation of Mudkhed to Nanded section from Km. 372000 to Km 388400 of NH 161A i.e. Nanded-Bhokar-Himayatnagar-Kinwat-Mahur-Arani Road Design chainage from Km 372000 Mudkhed to Km 387650 Nanded of NH 161A Length 15.65 Km to 2/4Lane with paved shoulders configuration in the State of Maharashtra on EPC mode.,Roads & Highways,Ministry of Road Transport & Highways,Maharashtra,Mumbai,MoRTH,207.0,207.0,74.51,36,55,2022-03-24,2025-04-02,2026-10-30,65.0,36.0,Larsen & Toubro Ltd,2,PPP,Complete,Obtained,Not Required,Complete,Open,1,2026-04-15,6.2,2,0,1,0.0,52.78,32.4,Low
PROJ-618035,Rehabilitation & Upgradation of existing intermediate lane to two Lane with paved shoulder from km. 0.600 Gulganj bypass on NH-34 to km. 43.00 Barna River length 42.400 km. on Gulganj-Amanganj-Pawai-Katni NH43 Extn. in the state of Madhya Pradesh on EPCmode.,Roads & Highways,Ministry of Road Transport & Highways,Madhya Pradesh,Bhopal,MoRTH,275.0,275.0,0.0,38,46,2023-03-09,2026-05-19,2026-12-31,60.0,0.0,Ashoka Buildcon Ltd,1,Central,Not Started,Obtained,Not Required,Complete,Single,1,2026-04-09,5.1,2,0,1,0.0,21.05,19.3,Low
PROJ-618218,Rehabilitation & upgradation of existing road to 2-lane with hard shoulder from Joshimath km 0.00 to Saraithota km 29.725 road on NH-107B under Bharatmala Pariyojna on EPC mode in the state of Uttarakhand,Roads & Highways,Ministry of Road Transport & Highways,Uttarakhand,Dehradun,MoRTH,338.0,338.0,0.0,31,53,2022-10-19,2025-05-21,2027-03-31,80.0,0.0,Tata Projects Ltd,1,PPP,Partial,Obtained,Not Required,Complete,Single,2,2026-06-07,6.7,2,0,1,0.0,70.97,41.0,Medium
PROJ-618450,Rehabilitation & Upgradation of existing road to 2-lane with paved shoulder including geometric improvement of section from start of Rabangla km33.600 to km58.840 under SARDP-NE Phase A Pkg- IV,Roads & Highways,Ministry of Road Transport & Highways,Mizoram,Champhai,NHIDCL,293.0,293.0,253.63,22,78,2020-07-09,2022-05-01,2026-12-30,65.0,86.56,PNC Infratech Ltd,1,Externally Aided,Complete,Pending,Not Required,Complete,Open,2,2026-07-07,7.0,0,0,1,0.0,254.55,45.7,Medium
PROJ-618154,"Rehabilitation & upgradation of Jamkhed to Sautada Section of NH548 D from km 195.375 to km 208.774, Length 13.399 Km to 2L PS /4L configuration with rigid pavement in the state of Maharashtra on EPC mode.",Roads & Highways,Ministry of Road Transport & Highways,Maharashtra,Mumbai,MoRTH,158.0,158.0,0.0,28,51,2022-03-22,2024-07-14,2026-06-30,69.0,0.0,IRB Infrastructure Developers,4,Central,Partial,Obtained,Pending,Partial,Limited,5,2026-04-19,6.1,1,0,1,0.0,82.14,48.3,Medium
PROJ-618020,"Rehabilitation & Upgradation of KurwaiMungaoliChanderi Road section of NH-346, from Design Chainge 0.000 to 81.300 Km Total length 83.1 km to Two lane with paved shoulder configuration along with One time improvement in 07 nos of bypassed built-up areas in a total length of 22.615 km in the state of Madhya Pradesh on EPC mode.",Roads & Highways,Ministry of Road Transport & Highways,Madhya Pradesh,Bhopal,MoRTH,386.0,386.0,164.84,34,57,2022-03-23,2025-02-03,2026-12-31,68.0,42.7,IRCON International,2,Central,Not Started,Pending,Pending,Complete,Limited,1,2026-03-10,5.1,1,0,1,0.0,67.65,45.9,Medium
PROJ-618239,"Rehabilitation & Upgradation of NH214 New NH-216 from Km 34/230 to Km 84/550 Losari to Machavaram Section to two lane with paved shoulder in the state of Andhrapradesh under NHDP-IV through Engineering, Procurement& Construction EPC mode.",Roads & Highways,Ministry of Road Transport & Highways,Uttarakhand,Roorkee,MoRTH,445.0,459.37,512.79,30,112,2016-03-17,2018-09-07,2025-07-31,99.0,100.0,Tata Projects Ltd,4,Externally Aided,Partial,Obtained,Not Required,Not Started,Single,5,2026-02-09,6.0,3,0,1,3.23,273.33,50.5,Medium
PROJ-619265,Rehabilitation & Upgradation of Thorrur to Nehru Nagar section to Two Lane with Paved shoulders from Km 109/420 to Km 178/500 of NH 930P in the state of Telangana on EPC mode under Annual Plan 2022-2023,Roads & Highways,Ministry of Road Transport & Highways,Telangana,Hyderabad,MoRTH,675.0,675.0,0.0,41,41,2025-01-27,2028-07-05,2028-07-05,0.0,0.0,Tata Projects Ltd,0,State,Complete,Obtained,Obtained,Complete,Open,0,2026-02-16,8.6,0,0,0,0.0,0.0,8.0,Low
PROJ-618134,Rehabilitation /Upgradation from Lagam to Alapalli section Desing Km. 199/400 to km 227/400 Length 28.0 Km to 2 lane with Paved Shoulders/ 4 lane configuration section of NH-353 C Sakoli-Wadsa-Armori-Gadchiroli-Ashti-Alapalli Sironcha in Gadchiroli District on EPC mode in the state of Maharashtra.,Roads & Highways,Ministry of Road Transport & Highways,Maharashtra,Mumbai,MoRTH,459.0,459.0,132.28,43,43,2023-02-14,2026-09-08,2026-09-08,81.0,28.82,Megha Engineering (MEIL),0,Central,Complete,Not Required,Obtained,Partial,Open,1,2026-04-05,7.5,1,0,0,0.0,0.0,8.0,Low
PROJ-618821,Rehabilitation and Up gradation from 4 to 8 laning of Chandikhole Paradip Section of NH-53 Old NH 5A from Km 18.00 to Km 39.00 in the State of Odisha on HAM mode Package-2,Roads & Highways,Ministry of Road Transport & Highways,Odisha,Bhubaneswar,NHAI,920.0,950.4,424.45,33,44,2023-03-27,2025-12-14,2026-11-30,98.0,44.66,Afcons Infrastructure,2,State,Not Started,Pending,Not Required,Not Started,Limited,5,2026-01-03,5.9,3,0,1,3.3,33.33,36.5,Medium
PROJ-618822,Rehabilitation and Up gradation from 4 to 8 laning of Chandikhole Paradip Section of NH-53 Old NH 5A from Km.0.00 to Km.18.00Package-1,Roads & Highways,Ministry of Road Transport & Highways,Tripura,Dharmanagar,NHAI,930.0,869.45,398.91,33,46,2023-03-27,2025-12-14,2027-01-31,97.0,42.89,Hindustan Construction Company (HCC),2,Central,Partial,Pending,Pending,Complete,Open,1,2026-07-08,3.6,2,0,1,0.0,39.39,31.1,Low
PROJ-618820,Rehabilitation and Up gradation from 4 to 8 laning of Chandikhole Paradip Section of NH-53 Old NH 5A from Km.39.000 to Km.60.00 Package-3,Roads & Highways,Ministry of Road Transport & Highways,Delhi,New Delhi,NHAI,862.0,938.55,395.96,33,48,2023-03-27,2025-12-14,2027-03-31,92.0,42.19,IRCON International,3,PPP,Partial,Pending,Pending,Complete,Open,4,2026-02-12,6.0,2,0,1,8.88,45.45,42.6,Medium
PROJ-619181,Rehabilitation and Up gradation from 4 to 8 laning of Chandikhole Paradip Section of NH-53 Old NH 5A from Km.60.000 to Km.76.646 Package-4,Roads & Highways,Ministry of Road Transport & Highways,Telangana,Ramagundam,NHAI,882.0,1009.92,196.67,43,57,2023-03-27,2026-10-31,2027-12-31,36.0,19.47,Dilip Buildcon Ltd,3,Central,Complete,Obtained,Not Required,Complete,Open,1,2026-04-02,6.0,2,1,1,14.5,32.56,30.9,Low
PROJ-619008,Rehabilitation and Up gradation of Charthana Jintur Section of NH 752 I Km 25100 to 47100 to 2 Lane with Paved Shoulder configuration Flexible Pavement in the state of Maharashtra on EPC mode. Reg- Resubmission of Annual Plan Estimate.,Roads & Highways,Ministry of Road Transport & Highways,Maharashtra,Mumbai,MoRTH,158.0,158.0,0.01,28,28,2025-03-27,2027-07-26,2026-07-27,51.0,0.01,Adani Infra Ltd,0,Externally Aided,Complete,Obtained,Obtained,Complete,Open,0,2026-05-14,9.4,0,0,0,0.0,0.0,8.0,Low
PROJ-618418,Rehabilitation and up gradation of Nongstoin-Rambrai-Kyrshai road up to Meghalaya-Assam border from Km 0.335 to km 34.039 to 2-Lane under NHO - NE in the State of Meghalaya Package-1,Roads & Highways,Ministry of Road Transport & Highways,Assam,Guwahati,NHIDCL,360.0,360.0,310.07,32,63,2021-09-21,2024-05-25,2026-12-31,83.0,86.13,Ashoka Buildcon Ltd,3,Central,Partial,Pending,Not Required,Complete,Single,1,2026-05-17,4.0,0,0,1,0.0,96.88,43.3,Medium
PROJ-619185,Rehabilitation and up-gradation and completion of balance work of section from Km 155.00 to Km 181.00 End of Jarwa to Rangat of NH -4 Total length 26 Km to Intermediate Lane/2-lane with hard shoulders in the UT of A&N Islands on EPC basis - Package-III.B Balance work,Roads & Highways,Ministry of Road Transport & Highways,Arunachal Pradesh,Pasighat,NHIDCL,184.0,333.12,163.63,91,109,2018-02-27,2025-10-05,2027-03-31,50.0,49.12,Larsen & Toubro Ltd,3,Central,Complete,Pending,Not Required,Complete,Limited,1,2026-07-17,5.5,2,1,1,81.04,19.78,52.4,Medium
PROJ-619184,"Rehabilitation and up-gradation and completion of balance works of the section from Km 107.760 km to 129.445 km After Middle strait to Humphrey, Km 130.600 to 138.300 After Humphrey to Kadamtala of NH-4 Intermediate/2-Lane with hard shoulder in the Union Territory of Andaman & Nicobar Islands on EPC basis Package-IIIA",Roads & Highways,Ministry of Road Transport & Highways,Assam,Silchar,NHIDCL,207.0,376.48,0.0,91,106,2018-02-27,2025-09-13,2026-12-31,82.0,0.0,Larsen & Toubro Ltd,1,PPP,Partial,Obtained,Pending,Not Started,Open,1,2026-08-16,3.7,0,1,1,81.87,16.48,49.5,Medium
PROJ-618163,"Rehabilitation and Up-gradation from km. 0000 to km.40390 of NH-730S MaharajganjNichloulThuthibari to two lane with paved shoulders in the State of U.P. on Engineering, Procurement & Construction EPC Basis.",Roads & Highways,Ministry of Road Transport & Highways,Bihar,Bihta,MoRTH,809.0,603.19,167.84,33,46,2023-03-01,2025-12-06,2026-12-31,60.0,20.75,Tata Projects Ltd,4,Central,Not Started,Obtained,Obtained,Not Started,Single,5,2026-03-06,5.8,1,0,1,0.0,39.39,36.7,Medium
PROJ-618236,Rehabilitation and Up-gradation of Dhindi - Digamarru section from Km 126/510 to Km 135/740 of NH -214 New NH -216 and digamarru -Losari section from Km 0/000 tp Km 34/230 of NH-214 A New Nh-216 to two lane with paved shoulder in the state of AP-NH,Roads & Highways,Ministry of Road Transport & Highways,Tripura,Dharmanagar,MoRTH,316.0,288.76,222.43,26,92,2016-02-25,2018-05-11,2023-11-06,100.0,70.39,Larsen & Toubro Ltd,4,PPP,Not Started,Pending,Obtained,Not Started,Limited,2,2026-07-15,5.3,0,0,1,0.0,253.85,48.3,Medium
PROJ-618037,Rehabilitation and Up-gradation of existin of road from 2-lane to 2-lane with paved shoulders from km. 0.00 to km 53.590 total length-53.590 km of Raychoti to Vempalli section of NH-440 in the State of Andhra Pradesh on EPC mode.,Roads & Highways,Ministry of Road Transport & Highways,Andhra Pradesh,Visakhapatnam,MoRTH,440.0,359.52,213.12,28,57,2021-12-28,2024-05-02,2026-09-30,90.0,48.44,IRB Infrastructure Developers,4,Central,Complete,Pending,Not Required,Complete,Open,4,2026-04-21,5.9,3,0,1,0.0,103.57,46.5,Medium
PROJ-618888,Rehabilitation and Up-gradation of existing road to 2L PS from End of Hamirpur Bypass near Chilbahal to Bhangbar section from Km. 138.295 to Km.175.270 of NH-88 Pkg-IV,Roads & Highways,Ministry of Road Transport & Highways,Bihar,Purnia,NHAI,1146.0,1358.62,987.35,38,58,2022-03-11,2025-04-27,2026-12-31,97.0,72.67,Patel Engineering,3,Central,Not Started,Pending,Pending,Complete,Limited,2,2026-03-06,4.8,0,1,1,18.55,52.63,49.3,Medium
PROJ-618139,Rehabilitation and Up-gradation of Gangakhed Loha section of NH-361F from Km 169/00 to 210/00 to two lane with paved shoulder/ four lane configuration in the state of Maharashtra on EPC mode Length - 41.00 Km.,Roads & Highways,Ministry of Road Transport & Highways,Maharashtra,Mumbai,MoRTH,355.0,355.0,0.0,31,31,2024-03-15,2026-09-30,2026-09-30,43.0,0.0,Hindustan Construction Company (HCC),0,State,Complete,Obtained,Obtained,Complete,Limited,0,2026-03-02,9.8,1,0,0,0.0,0.0,8.0,Low
PROJ-618150,Rehabilitation and Up-gradation of i. Deogaon phata to Digras phata Ch. 0/000 to 15/000 & Selu to Borgavhan Ch 20/900 to 35/800 [Length 29.9km] ii. Injegaon Dhamoni to Pohner Phata Ch.58/200 to Ch. 83/700 [Length25.5 km] and iii. Pohner phata to Pathri Design Ch. 42/700 to 58/200 [Length 15.5 km] sections of NH-548B to Two lane with paved shoulder configuartion in the state of Maharashtra on EPC mode Total project length 70.9 Km.,Roads & Highways,Ministry of Road Transport & Highways,Maharashtra,Mumbai,MoRTH,762.0,762.0,0.0,38,38,2024-03-15,2027-05-08,2027-05-08,15.0,0.0,Adani Infra Ltd,0,Externally Aided,Complete,Obtained,Obtained,Complete,Limited,0,2026-03-15,7.8,0,0,0,0.0,0.0,8.0,Low
PROJ-618137,Rehabilitation and Up-gradation of Jarud - Sirsala section of NH-361F km 59500 to km11500 to Two lane with paved shoulder/ Four Lane in the state of Maharashtra on EPC mode Length 55.5 Km.,Roads & Highways,Ministry of Road Transport & Highways,Maharashtra,Mumbai,MoRTH,540.0,540.0,158.38,38,38,2024-03-15,2027-05-08,2027-05-08,68.0,29.33,KNR Constructions Ltd,0,State,Complete,Obtained,Obtained,Complete,Single,0,2026-04-26,9.5,0,0,0,0.0,0.0,8.0,Low
PROJ-617991,"Rehabilitation and up-gradation of NH-167 from Km 14/900 to Km70/000 Design Ch. 14/900 to 69/700 Chintakunta to Adoni section to two lane with paved shoulders in the State of Andhra Pradesh under Corridor Approach through Engineering, Procurement",Roads & Highways,Ministry of Road Transport & Highways,Andhra Pradesh,Visakhapatnam,MoRTH,290.0,290.0,141.83,31,122,2016-11-02,2019-05-30,2026-12-31,92.0,48.91,NCC Limited,2,Central,Complete,Pending,Obtained,Partial,Limited,5,2026-07-08,5.8,3,0,1,0.0,293.55,45.8,Medium
PROJ-617885,Rehabilitation and Up-gradation of Nongstoin Wahkaji section of Project Road Km 0000 to Km 43060 to Intermediate Lane with earthern shoulder under SARDP-NE Phase-A in the State of Meghalaya on EPC mode. Job No- SARDP-NE ong-Don-Maw/MG/2020-21/294,Roads & Highways,Ministry of Road Transport & Highways,Meghalaya,Shillong,MoRTH,303.0,303.0,187.77,36,73,2020-08-13,2023-08-10,2026-08-31,100.0,61.97,Ashoka Buildcon Ltd,2,Central,Partial,Pending,Obtained,Partial,Single,1,2026-07-05,6.5,2,0,1,0.0,102.78,43.1,Medium
PROJ-618385,Rehabilitation and up-gradation of road from design km 25.250 to km 36.460 Total lengh 11.210 km of Kailashahar-Kurti Bridge section on NH-208A to 2-lane with paved shoulder on EPC basis under NHO Package-III- Balance Work,Roads & Highways,Ministry of Road Transport & Highways,Kerala,Kozhikode,NHIDCL,174.0,174.0,67.1,72,72,2020-02-26,2026-03-02,2026-03-02,53.0,38.56,Dilip Buildcon Ltd,0,Central,Complete,Obtained,Obtained,Complete,Limited,0,2026-04-11,8.4,0,0,0,0.0,0.0,8.0,Low
PROJ-618307,Rehabilitation and up-gradation of road from km 16.077 to km 43.935 total length 27.858 km of Lalchara-Kanchanpur section via Shivbari on NH-44A to 2 lane with paved shoulder in the state of Tripura on EPC Mode Pkg-2 under BharatMala Pariyojana Manu-Simlung -2,Roads & Highways,Ministry of Road Transport & Highways,Tripura,Agartala,NHIDCL,457.0,457.0,205.69,34,47,2022-02-24,2025-01-09,2026-01-26,55.0,45.01,NCC Limited,4,Central,Complete,Pending,Pending,Complete,Open,1,2026-02-21,6.8,1,0,1,0.0,38.24,30.0,Low
PROJ-618238,Rehabilitation and Up-gradation of Thimmapuram to Gurajanapalli section from Km 26/150 to Km 41/161 of NH - 214 New NH - 216 to two lane with paved shoulder in the state of Andhra Pradesh under NHDP-IV,Roads & Highways,Ministry of Road Transport & Highways,Andhra Pradesh,Visakhapatnam,MoRTH,351.0,432.91,233.93,23,122,2016-08-10,2018-07-09,2026-09-30,98.0,54.04,PNC Infratech Ltd,3,Central,Partial,Obtained,Not Required,Not Started,Open,1,2026-06-29,5.3,1,1,1,23.34,430.43,55.1,Medium
PROJ-618186,"Rehabilitation and Up-gradation of Valigonda to Thorrur Section to Two Lane with Paved Shoulders from Km 39.180 to Km 108.300 of NH-930P in the State of Telangana on Engineering, Procurement and Construction EPC Basis",Roads & Highways,Ministry of Road Transport & Highways,Telangana,Hyderabad,MoRTH,549.0,549.0,325.77,36,57,2022-01-05,2024-12-28,2026-09-30,95.0,59.34,GMR Infrastructure,2,PPP,Partial,Obtained,Obtained,Complete,Limited,4,2026-05-20,6.5,2,0,1,0.0,58.33,39.9,Medium
PROJ-618096,Rehabilitation and Up-gradation to 2 lane road with paved shoulders configuration for the balance work of 13 km length on Helwak-Patan-Karad section Km. 85000 to 133 417 of NH-166E in the state of Maharashtra on EPC mode.,Roads & Highways,Ministry of Road Transport & Highways,Maharashtra,Mumbai,MoRTH,181.0,181.0,60.25,26,35,2024-02-08,2026-04-14,2026-12-31,87.0,33.29,Megha Engineering (MEIL),2,Central,Complete,Obtained,Obtained,Partial,Limited,4,2026-05-18,6.3,2,0,1,0.0,34.62,26.0,Low
PROJ-618188,Rehabilitation and Up-gradation to 2 lane with paved shoulder configuration of Mahud Sangola road NH 965 G 159400 to 161900and 162400 to 183960 Design Chainage from km. 32/300 to km. 34/800 and km. 35/800 to km. 56/860 Rigid Pavement on EPC mode in the State of Maharashtra.,Roads & Highways,Ministry of Road Transport & Highways,Maharashtra,Mumbai,MoRTH,254.0,254.0,98.95,27,42,2023-02-16,2025-05-22,2026-08-31,100.0,38.96,Ashoka Buildcon Ltd,2,State,Partial,Pending,Not Required,Not Started,Single,4,2026-07-18,3.9,3,0,1,0.0,55.56,43.0,Medium
PROJ-618225,Rehabilitation and up-gradation to 2 lane with paved shoulder from existing chainage km 134950 to km 166100 Design chainage km 116980 to km 146700 under 31 TF on Akhnoor-Poonch road NH-144A in the UT of Jammu & Kashmir under Project Sampark BRO on EPC mode Package-VI Job no NH-144A-J&K-2021-22-106,Roads & Highways,Ministry of Road Transport & Highways,Jammu and Kashmir,Jammu,MoRTH,395.0,395.0,162.0,37,66,2021-07-02,2024-07-27,2026-12-31,89.0,41.01,Megha Engineering (MEIL),4,Central,Partial,Pending,Not Required,Partial,Open,4,2026-08-05,6.7,1,0,1,0.0,78.38,47.4,Medium
PROJ-618224,Rehabilitation and up-gradation to 2 lane with paved shoulder from existing chainage km 49150 to km 64535 Design chainage km 46.450 to km 55.800 including construction of Sungal Tunnel Total length of Tunnel 2.79 km under 13 TF on Akhnoor-Poonch road NH-144A under Project Sampark BRO in the UT of Jammu & Kashmir on EPC mode Package-II Job no NH-144A-J&K-2019-20-78,Roads & Highways,Ministry of Road Transport & Highways,Jammu and Kashmir,Jammu,MoRTH,797.0,797.0,440.97,53,77,2020-03-20,2024-08-20,2026-08-31,92.0,55.33,Hindustan Construction Company (HCC),1,Externally Aided,Not Started,Pending,Not Required,Partial,Open,5,2026-08-04,3.6,1,0,1,0.0,45.28,35.6,Medium
PROJ-618223,Rehabilitation and up-gradation to 2 lane with paved shoulder from existing chainage km 64535 to km 85385 Design chainage km 55800 to km 74350 under 13 TF on Akhnoor-Poonch road NH-144A under Project Sampark BRO in the UT of Jammu & Kashmir on EPC mode Package-III Job no NH-144A-J&K-2019-20-79,Roads & Highways,Ministry of Road Transport & Highways,Jammu and Kashmir,Jammu,MoRTH,153.0,153.0,77.62,42,81,2020-03-19,2023-09-28,2026-12-31,90.0,50.73,Dilip Buildcon Ltd,2,Externally Aided,Not Started,Pending,Pending,Partial,Limited,1,2026-04-21,3.8,3,0,1,0.0,92.86,48.1,Medium
PROJ-618119,Rehabilitation and up-gradation to 2-lane configuration of Bageshwar to Kangarchina road from km 129.600 to Km 161.600 Existing Chainage 136.00 to Km 169.00 of NH-309Ain the State of Uttarakhand Package-IV under NHO Annual Plan 2021-22,Roads & Highways,Ministry of Road Transport & Highways,Uttarakhand,Dehradun,MoRTH,472.0,472.0,0.0,59,59,2022-03-31,2027-02-26,2027-02-26,67.0,0.0,Shapoorji Pallonji Co,1,Central,Complete,Obtained,Obtained,Complete,Limited,0,2026-04-19,7.7,0,0,0,0.0,0.0,8.0,Low
PROJ-618263,"Rehabilitation and Up-gradation to 2LPS from Km. 0.000 to Km. 7.800 and Km. 35.400 to Km. 52.345 Design length 24.745 Km., except Bihar portion of NH-727B Tamkuhiraj to Bihar Border and Bihar Border to Majhauli on EPC mode in the State of Uttar Pradesh",Roads & Highways,Ministry of Road Transport & Highways,Uttar Pradesh,Lucknow,MoRTH,701.0,701.0,156.4,40,41,2023-03-24,2026-07-31,2026-08-31,81.0,22.31,KNR Constructions Ltd,0,Central,Complete,Obtained,Obtained,Complete,Single,0,2026-03-12,7.3,0,0,0,0.0,2.5,8.0,Low
PROJ-618880,Rehabilitation and Up-gradation to 4L configuration & Strengthening of Thanpuri to Paror section from Km 85.135 to Km 100.840 of NH-154 Pkg-IIC,Roads & Highways,Ministry of Road Transport & Highways,Gujarat,Surat,NHAI,816.0,666.79,496.91,41,58,2022-07-06,2025-12-04,2027-04-30,57.0,60.9,NCC Limited,1,Central,Complete,Pending,Pending,Partial,Open,2,2026-02-09,4.2,2,0,1,0.0,41.46,30.9,Low
PROJ-618176,Rehabilitation and upgradation from ch km 50/200 to 56/800 and km 62/600 to 100/403 of Kolde to Visarwadi Near Junction with NH-6 section of NH 752G total length 44.40 to two-lane with paved shoulder / four lanes in the State of Maharashtra on EPC mode.,Roads & Highways,Ministry of Road Transport & Highways,Maharashtra,Mumbai,MoRTH,349.0,349.0,39.95,33,33,2025-03-27,2028-01-02,2028-01-02,35.0,11.45,Shapoorji Pallonji Co,0,State,Complete,Obtained,Not Required,Complete,Limited,0,2026-06-18,7.3,0,0,0,0.0,0.0,8.0,Low
PROJ-618103,Rehabilitation and upgradation from Km 22300 to 58635 of MudireddyPalle to Kadapa/Nellore Border via porumamilla Section of NH 167 Two Lane with paved Shoulder in,Roads & Highways,Ministry of Road Transport & Highways,Andhra Pradesh,Nellore,MoRTH,279.0,279.0,168.7,49,52,2022-03-22,2026-04-12,2026-07-31,90.0,60.47,Afcons Infrastructure,0,Externally Aided,Complete,Obtained,Obtained,Partial,Open,0,2026-05-02,9.6,0,0,0,0.0,6.12,8.0,Low
PROJ-618124,Rehabilitation and upgradation from km 51.600 to km 75.700 of NH-321G Nuhkhas to Etah section to two lane with paved shoulder configuration under EPC mode in the State of Uttar Pradesh,Roads & Highways,Ministry of Road Transport & Highways,Uttar Pradesh,Lucknow,MoRTH,344.0,344.0,88.97,44,59,2022-01-08,2025-08-28,2026-11-30,73.0,25.86,Patel Engineering,2,State,Not Started,Obtained,Pending,Not Started,Single,3,2026-06-16,6.6,0,0,1,0.0,34.09,30.1,Low
PROJ-619136,Rehabilitation and Upgradation of Chorma - Bairgania Section of National Highway No 227F to 2 lane with paved shoulders from Design Ch.0.000 to Ch. 34.566,Roads & Highways,Ministry of Road Transport & Highways,Uttar Pradesh,Lucknow,NHAI,611.0,628.65,337.4,43,50,2022-06-30,2026-01-31,2026-08-15,100.0,53.67,IRB Infrastructure Developers,4,Central,Partial,Pending,Not Required,Not Started,Limited,3,2026-07-10,5.1,2,0,1,2.89,16.28,25.3,Low
PROJ-617974,Rehabilitation and upgradation of 2 lane with paved shoulder from existing km. 195.175 to km. 220.000 Design Chainage km71.300 to Km. 95.947 Excluding existing chainage Km 200.300 to Km 202.400 Design chainage Km 76.400 to Km 78.400 on Dharasu to Yamunotri Road of NH- 134 Old NH-94,Roads & Highways,Ministry of Road Transport & Highways,Haryana,Ambala,MoRTH,345.0,345.0,0.0,35,35,2025-05-16,2028-04-02,2028-04-02,54.0,0.0,KNR Constructions Ltd,0,State,Complete,Obtained,Obtained,Complete,Open,0,2026-04-18,8.7,0,0,0,0.0,0.0,8.0,Low
PROJ-618210,Rehabilitation and upgradation of Askot-Lipulekh on EPC Basis for Phase-I Existing Km 72.00 to 107.620 Design Chainage Km 21330 to Km 56935 under Project Hirak of BRO in the state of Uttarakhand under Bharatmala Pariyojna Phase-I on EPC Mode Length-35.605 Km CA No EPC/MORT&H/HRK/01/2021-22,Roads & Highways,Ministry of Road Transport & Highways,Uttarakhand,Dehradun,MoRTH,604.0,604.0,0.0,38,70,2020-09-18,2023-12-02,2026-07-31,81.0,0.0,KNR Constructions Ltd,3,PPP,Complete,Obtained,Pending,Partial,Limited,4,2026-04-25,6.2,2,0,1,0.0,84.21,45.1,Medium
PROJ-617940,"Rehabilitation and Upgradation of LB-Nagar to Malkapur section to 6-Lane main carriageway with service roads, drains cum footpath, including VUPs and widening of Minor bridge & road safety provisions from Km. 15/00 to Km 40/00 of NH-65 Old NH-9 under NH O for the year 2020-21 in the state of Telangana on EPC Mode.",Roads & Highways,Ministry of Road Transport & Highways,Telangana,Hyderabad,MoRTH,545.0,545.0,290.36,40,69,2021-03-26,2024-07-22,2026-12-31,83.0,53.28,Megha Engineering (MEIL),4,State,Not Started,Obtained,Pending,Complete,Limited,1,2026-04-22,4.9,2,0,1,0.0,72.5,48.0,Medium
PROJ-618194,Rehabilitation and upgradation of New NH 544DD from design Chainage Km. 56/000 to 102/20 of Kalyandrg - Molakalmuru Section,Roads & Highways,Ministry of Road Transport & Highways,Himachal Pradesh,Solan,MoRTH,294.0,285.29,312.4,23,90,2018-03-20,2020-02-07,2025-09-15,99.0,100.0,Shapoorji Pallonji Co,3,State,Not Started,Pending,Not Required,Not Started,Single,4,2026-03-17,7.1,1,0,1,0.0,291.3,50.2,Medium
PROJ-618125,Rehabilitation and upgradation of NH 326A from km 0/0 to 41/979 excluding km 2/255 to 3/372 and km 36/820 to 38/275 Odisha border to Narasamapeta to two lane with paved Shoulders in the State of Andhra Pradesh under NHO on EPC Mode,Roads & Highways,Ministry of Road Transport & Highways,Andhra Pradesh,Visakhapatnam,MoRTH,228.0,228.0,44.94,24,91,2018-03-13,2020-03-27,2025-10-07,100.0,19.71,PNC Infratech Ltd,3,PPP,Complete,Pending,Pending,Partial,Open,1,2026-05-18,6.3,1,0,1,0.0,279.17,43.0,Medium
PROJ-617994,Rehabilitation and upgradation of NH-167 from design km 113.900 to 154.479 Mallepally Haliya section to two lane with paved shoulders on EPC mode in the stte of Telangana,Roads & Highways,Ministry of Road Transport & Highways,Telangana,Hyderabad,MoRTH,294.0,257.61,249.23,21,93,2018-02-26,2019-11-28,2025-12-06,88.0,84.77,Megha Engineering (MEIL),2,PPP,Complete,Obtained,Obtained,Partial,Limited,2,2026-04-12,5.8,3,0,1,0.0,342.86,41.4,Medium
PROJ-619193,Rehabilitation and upgradation of NH-221 from km 121/0 to 165/0 Rudrampur to Bhadrachalam section to two lane with paved shoulder under NHDPIV in the state of Telangana through EPC mode,Roads & Highways,Ministry of Road Transport & Highways,Telangana,Hyderabad,MoRTH,295.0,334.82,375.14,25,139,2015-01-27,2017-02-24,2026-08-31,83.0,100.0,Adani Infra Ltd,3,Central,Partial,Obtained,Obtained,Not Started,Limited,5,2026-06-03,6.9,3,1,1,13.5,456.0,61.0,Medium
PROJ-618213,Rehabilitation and Upgradation of road Rishikesh Dharasu Old NH-94 with 2-lane with paved shoulder from km 76.000 to km 110.000 Design Chainage from km 74.733 to km 107.347 32.614 km including construction of Kamand re-alignment from existing Chainage Km 105.200 to Km 108.600 design chainage Km 103.436 to Km 105.949 - total length 2513 mtrs and land slide treatment work between design chainage Km 73.800 to Km 74.00 200m on EPC mode under improvement to NH connectivity to Chardham in,Roads & Highways,Ministry of Road Transport & Highways,Uttarakhand,Rishikesh,MoRTH,274.0,274.0,0.0,34,100,2018-03-20,2021-01-05,2026-07-31,96.0,0.0,GMR Infrastructure,3,Externally Aided,Partial,Pending,Obtained,Complete,Limited,1,2026-03-03,6.5,3,0,1,0.0,194.12,45.6,Medium
PROJ-618187,"Rehabilitation and upgradation of Salon - Jais - Jagdishpur Road section of NH-931A, from design Chainage km 0.000 to km 5.740 to four lane divided carriageway and from design Chainage km 5.740 to km 53.500 to two lane with paved Total length km 53.500 along with One time improvement in 04 no's of realigned/bypassed built-up areas in a total length of 9.732 km in the state of Uttar Pradesh on EPC mode",Roads & Highways,Ministry of Road Transport & Highways,Uttar Pradesh,Lucknow,MoRTH,947.0,947.0,26.64,53,53,2023-05-16,2027-10-26,2027-10-26,9.0,2.81,KNR Constructions Ltd,0,Central,Partial,Obtained,Obtained,Complete,Open,0,2026-03-18,7.9,0,0,0,0.0,0.0,8.0,Low
PROJ-618214,Rehabilitation and upgradation to 2 lane / 2 lane with paved shoulder configuration for design chainage km 107.347 to km 129.208 & km 133.878 to km 138.570 existing chainage km 110.000 to km 133.020 & km 137.330 to km 142.028 and land slide treatment at existing km 138.500 Design chainage km 134.970 of NH -94 on EPC mode under improvement to NH connectivity to Chardham in the state of Uttarakhand.,Roads & Highways,Ministry of Road Transport & Highways,Uttarakhand,Dehradun,MoRTH,346.0,346.0,0.0,40,74,2018-03-20,2021-07-09,2024-06-01,100.0,0.0,NCC Limited,3,Externally Aided,Complete,Pending,Pending,Not Started,Single,5,2026-02-27,3.7,3,0,1,0.0,85.0,49.8,Medium
PROJ-618221,Rehabilitation and upgradation to 2 lane with paved shoulder from existing chainage Km 166.100 to Km 192.98 design chainage Km 146.700 to Km 162.800 including construction of Bhimber Gali Tunnel Total Length of Tunnel 1.100 Km under 31 BRTF on Akhnoor-Poonch Roads on EPC mode NH-144A Package-VII,Roads & Highways,Ministry of Road Transport & Highways,Madhya Pradesh,Sagar,MoRTH,735.0,735.0,0.0,58,71,2021-09-14,2026-07-30,2027-07-31,60.0,0.0,Hindustan Construction Company (HCC),4,Central,Partial,Pending,Obtained,Complete,Single,2,2026-02-02,4.2,1,0,1,0.0,22.41,23.3,Low
PROJ-618226,Rehabilitation and upgradation to 2 lane with paved shoulder from existing chainage Km 30.053 to Km 49.150 design chainage Km 30.000 to Km 46.450 including Kandi Tunnel under 31 BRTF on Akhnoor-Poonch Road NH-144A Under Project Sampark in the UT of Jammu & Kashmir EPC modePackage-I Job no NH-144A-J&K-2020-21-83.,Roads & Highways,Ministry of Road Transport & Highways,Jammu and Kashmir,Jammu,MoRTH,272.0,272.0,160.08,53,78,2020-07-08,2024-11-28,2026-12-31,95.0,58.85,Megha Engineering (MEIL),2,Central,Complete,Obtained,Obtained,Partial,Limited,3,2026-02-28,7.0,0,0,1,0.0,47.17,29.1,Low
PROJ-618231,Rehabilitation and Upgradation to 2-lane configuration of Hamirpur-Karnohal Section km 141.00 to 181.00 of NH-70 in the State of Himachal Pradesh under Green National Highways Corridor Project GNHCP with the loan assistance of World Bank on EPC mode.Package-1,Roads & Highways,Ministry of Road Transport & Highways,Himachal Pradesh,Shimla,MoRTH,372.0,372.0,198.34,52,74,2020-08-11,2024-12-20,2026-09-30,94.0,53.32,PNC Infratech Ltd,3,Externally Aided,Partial,Pending,Obtained,Not Started,Open,5,2026-05-22,6.4,2,0,1,0.0,42.31,37.5,Medium
PROJ-618230,Rehabilitation and Upgradation to 2-lane configuration of Kalwahn-Mandi Section km 208.950 to 250.592 of NH-70 in the State of Himachal Pradesh under Green National Highways Corridor Project GNHCP with the loan assistance of World Bank on EPC mode.Package-3,Roads & Highways,Ministry of Road Transport & Highways,Himachal Pradesh,Mandi,MoRTH,314.0,314.0,0.0,56,77,2020-08-14,2025-04-12,2026-12-31,71.0,0.0,Megha Engineering (MEIL),4,Central,Complete,Pending,Pending,Partial,Limited,1,2026-01-26,5.2,3,0,1,0.0,37.5,31.9,Low
PROJ-618232,Rehabilitation and Upgradation to 2-lane configuration of Karnohal- Kalwahn Section km 181.00 to 208.950 of NH-70 in the State of Himachal Pradesh under Green National Highways Corridor Project GNHCP with the loan assistance of World Bank on EPC mode.Package-2,Roads & Highways,Ministry of Road Transport & Highways,Himachal Pradesh,Shimla,MoRTH,252.0,190.02,77.84,69,76,2020-08-19,2026-05-14,2026-12-31,58.0,30.89,Afcons Infrastructure,0,Externally Aided,Complete,Obtained,Obtained,Complete,Open,0,2026-04-25,8.1,0,0,0,0.0,10.14,8.0,Low
PROJ-618266,Rehabilitation and upgradation to 2-lane with paved sholuders configuration of Bewar- Allahaganj- section of NH-730C Km.0.000 to Km 52.770 pakage-I in state of Uttar Pradesh undergreen national Highway Corridor Project GNHCP with the loan assistance of world Bank on EPC mode.,Roads & Highways,Ministry of Road Transport & Highways,Uttar Pradesh,Lucknow,MoRTH,325.0,340.16,0.0,55,77,2020-04-18,2024-11-23,2026-09-30,99.0,0.0,Hindustan Construction Company (HCC),2,Externally Aided,Partial,Pending,Pending,Partial,Limited,4,2026-01-19,5.5,0,0,1,4.66,40.0,34.2,Low
PROJ-618240,Rehabilitation and upgradation to 2-lane with paved sholuders configuration of Bewar-naer Karri village section Km0.00 to Km30.00 Pakage-I of NH-92 in state of Uttar Pradesh undergreen national Highway Corridor Project GNHCP with the loan assistance of world Bank on EPC mode.,Roads & Highways,Ministry of Road Transport & Highways,Uttar Pradesh,Lucknow,MoRTH,236.0,236.0,0.0,47,76,2020-04-18,2024-03-15,2026-08-31,100.0,0.0,Dilip Buildcon Ltd,1,PPP,Partial,Obtained,Not Required,Partial,Single,1,2026-02-05,4.8,0,0,1,0.0,61.7,35.4,Medium
PROJ-618265,Rehabilitation and upgradation to 2-lane with paved sholuders configuration of Miranpur Katra to radhaita section of NH-730CKm.114.000 to Km 137.250pakage-III in state of Uttar Pradesh undergreen national Highway Corridor ProjectGNHCP with the loan assistance of world Bank on EPC mode.,Roads & Highways,Ministry of Road Transport & Highways,Uttar Pradesh,Lucknow,MoRTH,172.0,169.56,0.13,51,80,2020-04-18,2024-07-27,2026-12-31,92.0,0.08,Hindustan Construction Company (HCC),3,Central,Not Started,Obtained,Not Required,Complete,Open,4,2026-03-16,4.7,0,0,1,0.0,56.86,40.5,Medium
PROJ-618256,"Rehabilitation and Upgradation to 2-lane with paved should ders Sir, configuration of Chaprathipalem to Lambasingi section Km 165500 to Km 205000 of NH-516E in the State of Andhra Pradesh under Green National Highways Corridor Project GNHCP with the loan assistance of World Bank on EPC mode",Roads & Highways,Ministry of Road Transport & Highways,Andhra Pradesh,Visakhapatnam,MoRTH,311.0,311.0,211.05,50,72,2020-08-10,2024-10-10,2026-07-31,93.0,67.86,Larsen & Toubro Ltd,4,Central,Complete,Pending,Obtained,Not Started,Single,3,2026-04-06,3.7,1,0,1,0.0,44.0,34.7,Low
PROJ-618257,Rehabilitation and Upgradation to 2-lane with paved shoulders configuration of Koyyuru to Chaprathipalem section Km 120000 to Km 165500 of NH-516E in the State of Andhra Pradesh under Green National Highways Corridor Project GNHCP with the loan assistance of World Bank on EPC mode,Roads & Highways,Ministry of Road Transport & Highways,Andhra Pradesh,Visakhapatnam,MoRTH,349.0,349.0,264.86,47,72,2020-08-11,2024-07-07,2026-07-31,98.0,75.89,PNC Infratech Ltd,4,State,Partial,Obtained,Obtained,Partial,Open,4,2026-07-30,6.9,2,0,1,0.0,53.19,40.0,Medium
PROJ-618879,Rehabilitation and Upgradation to 2L PS configuration & Strengthening of Padhar to Bijni section from Km 180.000 to Km 202.815 of NH-154 Pkg-VA,Roads & Highways,Ministry of Road Transport & Highways,Haryana,Ambala,NHAI,931.0,930.86,666.12,53,53,2022-06-09,2026-11-03,2026-11-03,100.0,71.55,Tata Projects Ltd,0,Central,Complete,Obtained,Obtained,Complete,Open,0,2026-08-10,8.4,0,0,0,0.0,0.0,8.0,Low
PROJ-618878,Rehabilitation and Upgradation to 4L configuration & Strengthening of Sihuni to Rajol from Km 51.000 to Km 72.000 of NH-154 Package-IIA,Roads & Highways,Ministry of Road Transport & Highways,Meghalaya,Jowai,NHAI,697.0,776.59,496.48,42,54,2022-03-17,2025-09-26,2026-09-30,99.0,63.93,PNC Infratech Ltd,2,Central,Partial,Obtained,Not Required,Partial,Limited,5,2026-07-05,4.2,2,1,1,11.42,28.57,31.6,Low
PROJ-617963,Rehabilitation and upgradation to four lane road from km 70.500 to km 78.600 of NH-92 under EPC mode in the State of Uttar Pradesh,Roads & Highways,Ministry of Road Transport & Highways,Uttar Pradesh,Lucknow,MoRTH,296.0,351.78,75.38,60,60,2022-01-06,2027-01-07,2027-01-07,39.0,21.43,KNR Constructions Ltd,1,State,Not Started,Pending,Not Required,Partial,Single,5,2026-05-20,6.1,0,1,0,18.84,0.0,21.2,Low
PROJ-617938,Rehabilitation And Upgradation to four lane with paved shoulder configuration from km 24350 to km 61875 Jawale - Borgaon Kale of NH-63 in the State of Maharashtra on EPC mode under Annual Plan 2024-25 Total length - 37.525 Km.,Roads & Highways,Ministry of Road Transport & Highways,Maharashtra,Mumbai,MoRTH,574.0,574.0,7.54,27,27,2024-12-20,2027-03-19,2027-03-21,20.0,1.31,IRCON International,0,Central,Complete,Obtained,Obtained,Complete,Single,0,2026-03-05,7.3,1,0,0,0.0,0.0,8.0,Low
PROJ-618174,Rehabilitation and Upgradation to two lane with paved shoulder configuration of NH-752G from Sakri to Pimpalner Section Design Ch km 0000 to Ch km 21411 in the state of Maharashtra on EPC Mode. Length 21.411 km.,Roads & Highways,Ministry of Road Transport & Highways,Maharashtra,Mumbai,MoRTH,227.0,227.0,0.0,31,31,2024-03-11,2026-10-20,2026-10-21,100.0,0.0,GMR Infrastructure,1,Central,Complete,Obtained,Not Required,Complete,Open,1,2026-07-05,8.9,0,0,0,0.0,0.0,8.0,Low
PROJ-618040,Rehabilitation and Upgradation to Two lanes with Paved Shoulders configuration and Strengthening from Km 175.00 to Km 196.00 Gumkhal to Satpuli of NH-119 New NH-534 in the State of Uttarakhand under NHO Annual Plan 2021-22 under EPC mode,Roads & Highways,Ministry of Road Transport & Highways,Uttarakhand,Dehradun,MoRTH,453.0,453.0,0.0,57,57,2022-03-31,2027-01-07,2027-01-07,42.0,0.0,NCC Limited,0,State,Complete,Obtained,Obtained,Complete,Open,0,2026-01-25,8.0,0,0,0,0.0,0.0,8.0,Low
PROJ-617911,Rehabilitation and upgradation Umaria to Shahdol section of NH-78 from Existing Km. 68/4 to Km. 142/2 to 2LPS including construction of Birshinghpur and Shahdol Bypass on EPC mode under NHDP-IVA,Roads & Highways,Ministry of Road Transport & Highways,Ladakh,Kargil,MoRTH,512.0,613.16,0.0,29,138,2015-03-02,2017-07-31,2026-08-31,94.0,0.0,GMR Infrastructure,3,Central,Complete,Obtained,Not Required,Complete,Open,5,2026-04-06,4.7,3,1,1,19.76,375.86,54.8,Medium
PROJ-617966,Rehabilitation and Upgrading to 2 lanes/2-lane with paved shoulders configuration and strengthening of of Birpur and Bihpur Section from km 0.0 to Km 106 of NH 106 under phase I of National Highways Interconnectivity Improvement Projects NHIIP ICB No. NHIIP-BR-106-7 [NHIIP-BR-106-7],Roads & Highways,Ministry of Road Transport & Highways,Punjab,Ludhiana,MoRTH,781.0,961.33,0.04,69,154,2014-01-02,2019-10-02,2026-10-31,100.0,0.0,IRB Infrastructure Developers,1,Central,Complete,Pending,Not Required,Not Started,Open,4,2026-03-20,4.0,1,1,1,23.09,123.19,54.6,Medium
PROJ-618041,Rehabilitation and upgrading to two lanes with paved shoulders and Strengthening of Kotdwar-Pauri-Srinagar road section from Km 232.00 to 274.470 on NH-119 New 534 Paidul to Srinagar in the State of Uttarakhand on EPC Mode under NHO Annual Plan 2021-22.,Roads & Highways,Ministry of Road Transport & Highways,Uttarakhand,Dehradun,MoRTH,299.0,299.0,0.0,71,71,2022-02-10,2027-12-29,2027-12-29,2.0,0.0,Ashoka Buildcon Ltd,0,Externally Aided,Complete,Obtained,Obtained,Complete,Limited,0,2026-06-20,7.8,0,0,0,0.0,0.0,8.0,Low
PROJ-617979,"Rehabilitation, upgradation & widening of existing highway to 2L/4LPS Rigid Pavement of NH 160 section- Phaltan to Mhaisal near Karnataka Border including Tasgaon Bypass, from existing chainage Km 301/430 to Km 458/415 in the State of Maharashtra. Package-I starting from existing chainage Km 301/430 at Phaltan Village Junction of Phaltan Baramati Road Design Chainage -301/430km & ending at existing chainage Km 341/300 Dahiwadi Village Bus Stop Design chainage Km 340466km in the S",Roads & Highways,Ministry of Road Transport & Highways,Maharashtra,Mumbai,MoRTH,534.0,534.0,0.0,38,38,2024-03-15,2027-05-29,2026-11-21,74.0,0.0,Dilip Buildcon Ltd,1,Central,Complete,Obtained,Obtained,Complete,Open,0,2026-06-20,9.3,0,0,0,0.0,0.0,8.0,Low
PROJ-617978,"Rehabilitation, upgradation & widening of existing highway to 2L/4LPS Rigid Pavement of NH 160 section- Phaltan to Mhaishal near Karnataka Border including Tasgaon Bypass, from existing chainage Km 301/430 to Km 458/415 in the State of Maharashtra- Package-II & Package III combined- starting from existing chainage Km 341/300 to Km 394/130 and design chainage Km 340/250 at Dahiwadi Village to Km 392/950 ending at Vita Village in the State of Maharashtra on EPC Mode.",Roads & Highways,Ministry of Road Transport & Highways,Maharashtra,Mumbai,MoRTH,632.0,632.0,213.18,38,38,2024-03-14,2027-05-27,2027-05-28,85.0,33.73,Ashoka Buildcon Ltd,1,Central,Complete,Obtained,Obtained,Partial,Single,1,2026-03-04,8.6,0,0,0,0.0,0.0,8.0,Low
PROJ-618199,"Rehabilitation, Upgradation & Widening of existing Highway to Rigid Pavement 2 Lane with Paved Shoulder of NH 965DD from Lonand Shirval-Bhor Mandangad-Pchral Section ShindewadiPhata to Varandah Ghat Dist Border from Km 33/550 to 92/550 in the state of Maharashtra on EPC mode.",Roads & Highways,Ministry of Road Transport & Highways,Maharashtra,Mumbai,MoRTH,723.0,723.0,168.06,41,44,2023-02-20,2026-07-31,2026-10-30,54.0,23.24,IRB Infrastructure Developers,0,Externally Aided,Complete,Obtained,Obtained,Complete,Open,0,2026-06-12,9.0,0,0,0,0.0,7.32,8.0,Low
PROJ-618042,"Rehabilitation/ Upgradation of existing Highway to four lane standards in Kurkheda town from km.413257 to km 410775, Two lane in Shankarpur Gurnuli km 42400 to km 43100 section and Reconstruction of Major Bridge at Ch. 448558 Bhuti Nallah and Ch. 411695 Sati River bridge, Minor Bridge at Ch. 411477 and Ch. 405800 Lendhari Bridge of NH 543 Bhamhapuri-wadsa-kurkheda-korchi-Deori-Amgaon road on EPC mode in the State of Maharashtra",Roads & Highways,Ministry of Road Transport & Highways,Maharashtra,Mumbai,MoRTH,164.0,164.0,49.03,37,57,2022-03-25,2025-05-01,2026-12-31,50.0,29.9,GMR Infrastructure,1,Central,Not Started,Obtained,Pending,Complete,Open,3,2026-07-08,4.8,0,0,1,0.0,54.05,37.2,Medium
PROJ-618065,"Rehabilitation/Upgradation of existing Highway to 2LPS/4 lane of Dhawali to Rajoli from Design Km.149476 to 163476 existing Km.150000 to 164000, Pandhasala to Mohadongri from design Km.170476 to 181476 existing Km.171000 to 182000, Ambeshivni Fata to Bodli from design Km.183476 to 185476 existing Km.184000 to 186000 and Made Tukum to Gadchiroli from design Km.188476 to 189476 existing Km.188000 to 18900 having length 28 km of NH-930 of Dhawali to Gadchroli road in the",Roads & Highways,Ministry of Road Transport & Highways,Tripura,Dharmanagar,MoRTH,316.0,316.0,49.78,41,60,2022-03-25,2025-09-04,2027-03-31,37.0,15.75,NCC Limited,3,Central,Partial,Obtained,Pending,Not Started,Open,2,2026-05-24,4.1,1,0,1,0.0,46.34,35.7,Medium
PROJ-618700,Renigunta - Poyya - Naidupeta km 124.60 to km 183.4 of NH 71,Roads & Highways,Ministry of Road Transport & Highways,Sikkim,Gangtok,NHAI,1863.0,2510.14,1677.19,46,78,2020-03-18,2024-01-31,2026-09-15,99.0,66.82,NCC Limited,4,Externally Aided,Not Started,Pending,Obtained,Not Started,Single,1,2026-02-12,5.3,2,1,1,34.74,69.57,67.2,High
PROJ-618886,Road Safety Improvement of Critical Junctions on MuzaffarnagarHaridwar Section of NH-334 from Km 143000 to Km 196000,Roads & Highways,Ministry of Road Transport & Highways,Madhya Pradesh,Bhopal,NHAI,239.0,0.1,42.08,30,30,2025-04-11,2027-10-03,2027-10-03,23.0,17.61,Patel Engineering,0,PPP,Complete,Obtained,Obtained,Complete,Open,0,2026-04-04,8.2,0,0,0,0.0,0.0,8.0,Low
PROJ-619294,Road Safety Improvement of existing four lane section of Dehradun-Lal Tappar-Nepali Farm Section of NH-7 and Nepali Farm-Motichur NH-34 on EPC Mode in Uttarakhand under NHO.,Roads & Highways,Ministry of Road Transport & Highways,Uttarakhand,Dehradun,NHAI,721.0,388.19,10.86,39,39,2025-05-30,2028-08-14,2028-08-14,5.0,1.51,Shapoorji Pallonji Co,0,Central,Complete,Obtained,Obtained,Partial,Limited,1,2026-08-11,8.4,0,0,0,0.0,0.0,8.0,Low
PROJ-618434,Roing-Hunli Road Greenfield Alignment Project,Roads & Highways,Ministry of Road Transport & Highways,Uttar Pradesh,Noida,NHIDCL,1719.0,1719.0,1123.4,61,116,2017-02-15,2022-03-04,2026-10-31,82.0,65.35,Dilip Buildcon Ltd,1,Central,Not Started,Pending,Obtained,Not Started,Limited,5,2026-07-30,6.0,1,0,1,0.0,90.16,48.1,Medium
PROJ-618615,Sanchore - Santalpur from km 99.000 - km 130.073 of NH-754K AJ-RGBS-Package-4,Roads & Highways,Ministry of Road Transport & Highways,Karnataka,Kalaburagi,NHAI,778.0,835.55,767.83,37,78,2020-02-18,2023-03-09,2026-08-15,100.0,91.9,Dilip Buildcon Ltd,4,Externally Aided,Partial,Obtained,Not Required,Partial,Open,2,2026-04-03,5.8,1,0,1,7.4,110.81,47.6,Medium
PROJ-617988,Sangameswaram - Atmakuru section from Km 96 to Km 124 & Velegodu- Nandyal section including Nandyal Bypass from Km 143/6 to 185/9 NH-167K,Roads & Highways,Ministry of Road Transport & Highways,Kerala,Thrissur,MoRTH,776.0,644.14,0.0,33,33,2024-10-15,2027-07-30,2027-07-30,42.0,0.0,Megha Engineering (MEIL),0,Externally Aided,Complete,Obtained,Obtained,Partial,Open,0,2026-02-24,7.7,0,0,0,0.0,0.0,8.0,Low
PROJ-618611,Sangariya near Chautala-Rasisar near Bikaner section of NH-754K Phase-I AJ/SR-Package-7,Roads & Highways,Ministry of Road Transport & Highways,Rajasthan,Bikaner,NHAI,521.0,548.42,450.59,53,91,2019-02-04,2023-06-29,2026-08-31,100.0,82.16,IRCON International,3,Central,Complete,Pending,Pending,Partial,Limited,4,2026-01-05,6.4,0,0,1,5.26,71.7,47.2,Medium
PROJ-619069,Satara Km 725.000 to Pune Km 865.350 of NH - 4 New NH - 48 in Maharashtra,Roads & Highways,Ministry of Road Transport & Highways,Maharashtra,Pune,NHAI,362.0,425.51,387.04,151,207,2009-09-22,2022-05-04,2026-12-31,99.0,90.96,Dilip Buildcon Ltd,2,Central,Partial,Obtained,Obtained,Complete,Single,5,2026-06-14,7.1,0,1,1,17.54,37.09,36.7,Medium
PROJ-618153,Satara to Mhaswad,Roads & Highways,Ministry of Road Transport & Highways,Maharashtra,Thane,MoRTH,653.0,653.0,7.34,30,115,2017-01-25,2019-08-01,2026-08-30,98.0,1.12,NCC Limited,1,Externally Aided,Partial,Pending,Pending,Partial,Limited,4,2026-06-09,4.7,3,0,1,0.0,283.33,47.3,Medium
PROJ-618847,Sattanathapuram to Nagapattinam from Km 123.800 to Km 179.555,Roads & Highways,Ministry of Road Transport & Highways,Gujarat,Jamnagar,NHAI,2900.0,2899.77,1595.37,55,106,2018-03-01,2022-10-04,2026-12-31,86.0,55.01,IRB Infrastructure Developers,4,State,Not Started,Pending,Obtained,Not Started,Single,5,2026-01-28,4.5,0,0,1,0.0,92.73,51.0,Medium
PROJ-618173,Shirur-Kharda section from 55937 km to 114486 km to 2LPS/4L,Roads & Highways,Ministry of Road Transport & Highways,Gujarat,Rajkot,MoRTH,382.0,382.0,0.0,28,114,2017-02-17,2019-06-16,2026-08-30,84.0,0.0,Patel Engineering,1,State,Partial,Obtained,Obtained,Complete,Open,1,2026-05-18,3.9,1,0,1,0.0,307.14,39.0,Medium
PROJ-618840,Simaria Km. 206.050 to Khagaria Km. 266.282,Roads & Highways,Ministry of Road Transport & Highways,Rajasthan,Udaipur,NHAI,664.0,891.64,814.22,40,131,2015-12-01,2019-04-03,2026-10-31,98.0,91.32,Ashoka Buildcon Ltd,4,State,Not Started,Pending,Pending,Partial,Open,5,2026-07-03,4.7,0,1,1,34.28,227.5,68.3,High
PROJ-619078,Six Laning of Bihar - Jharkhand Border Chordaha - Gorhar section of NH-2 from km 249.525 to km 320.810,Roads & Highways,Ministry of Road Transport & Highways,Bihar,Patna,NHAI,1773.0,1689.17,1275.76,47,108,2017-12-26,2021-11-26,2026-12-31,78.0,71.95,PNC Infratech Ltd,2,Central,Complete,Obtained,Obtained,Complete,Open,3,2026-01-13,3.6,1,0,1,0.0,129.79,40.1,Medium
PROJ-619205,Six Laning of KT/KL Border Thalapaddy -Chengala from Km. 17.200 to Km. 57.20,Roads & Highways,Ministry of Road Transport & Highways,Manipur,Churachandpur,NHAI,1981.0,2681.48,1701.33,48,75,2020-05-19,2024-05-15,2026-08-31,100.0,63.45,Dilip Buildcon Ltd,2,PPP,Not Started,Pending,Pending,Partial,Open,5,2026-01-08,4.1,0,1,1,35.36,56.25,60.9,Medium
PROJ-618530,Six Laning of Varanasi to Aurangabad from km. 786.00 to km. 978.40 of Old NH-2,Roads & Highways,Ministry of Road Transport & Highways,Maharashtra,Aurangabad,NHAI,3242.0,3241.56,2860.22,61,211,2009-02-10,2014-03-10,2026-08-31,100.0,88.22,Hindustan Construction Company (HCC),4,Central,Not Started,Pending,Obtained,Complete,Open,1,2026-03-21,5.8,0,0,1,0.0,245.9,45.8,Medium
PROJ-619076,Six Laning of Vijayawada Bypass from Chinna Avutapalli to Gollapudi in Vijayawada - Gundugolanu Section from km. 0.00 to km. 30.00 Pkg-III,Roads & Highways,Ministry of Road Transport & Highways,Andhra Pradesh,Vijayawada,NHAI,1581.0,1883.71,1024.51,37,80,2020-01-20,2023-02-17,2026-09-30,98.0,54.39,Dilip Buildcon Ltd,2,Central,Complete,Pending,Pending,Complete,Open,1,2026-01-14,5.9,0,1,1,19.15,116.22,50.2,Medium
PROJ-618966,Six laning with both sides Service Road of Ayodhya Bypass from Design Km 0000 near Ashram Tiraha on NH-46 to Km 16439 end at Ratnagiri Tiraha on Nh-146,Roads & Highways,Ministry of Road Transport & Highways,Uttar Pradesh,Ayodhya,NHAI,1123.0,1103.22,173.6,41,41,2024-02-28,2027-08-11,2027-08-11,22.0,15.46,PNC Infratech Ltd,0,PPP,Partial,Obtained,Obtained,Complete,Single,0,2026-02-05,8.1,0,0,0,0.0,0.0,8.0,Low
PROJ-619187,"Slope protection and landslide mitigation at 4 vulnerable locations km 1.950 to Km 2.100, km 11.100 to 11.450, km 22.435 to km 22.485 and km 22.610 to km 22.680 within Sevoke-Rangpo section of NH-10 old NH-31A in Darjeeling & Kalimpong district in the State of West Bengal on EPC mode",Roads & Highways,Ministry of Road Transport & Highways,West Bengal,Kolkata,NHIDCL,152.0,152.0,21.2,41,41,2024-02-05,2027-06-26,2027-06-26,34.0,13.95,Tata Projects Ltd,0,PPP,Complete,Obtained,Obtained,Partial,Limited,0,2026-02-05,7.4,0,0,0,0.0,0.0,8.0,Low
PROJ-619003,Solan - Kaithlighat Section of NH-22 Now NH-5 from Km. 106.139 to Km.129.05,Roads & Highways,Ministry of Road Transport & Highways,Himachal Pradesh,Solan,NHAI,882.0,1519.53,1347.79,37,104,2018-03-28,2021-05-06,2026-11-16,90.0,88.7,Dilip Buildcon Ltd,4,Externally Aided,Not Started,Pending,Pending,Not Started,Limited,3,2026-06-10,4.3,2,1,1,72.28,181.08,86.7,High
PROJ-618212,"STABILIZATION OF LAND SLIDE AND SLOPE PROTECTION AT KM 11.00 TO KM 11.08, 29,730 KM TO 30,060 KM, 30,400 KM TO 31,060 KM, 34,750 KM TO 35,300 KM, 38,950 KM TO 39,030 KM & 39,460 KM TO 39,540 KM TWO LOC CLUBBED, KM 40,400 TO KM 40,650, KM 43,500 KM 43,680, 52,460 RISHIKESH - DHARASU ROAD NH-94 ON EPC MODE IN THE STATE OF UTTARAKHAND. NOSE OF LAND SLIDE - 12 NOS",Roads & Highways,Ministry of Road Transport & Highways,Uttarakhand,Rishikesh,MoRTH,197.0,197.0,0.0,39,39,2024-01-31,2027-04-18,2027-04-18,22.0,0.0,Larsen & Toubro Ltd,1,PPP,Complete,Obtained,Obtained,Complete,Single,0,2026-06-13,7.0,0,0,0,0.0,0.0,8.0,Low
PROJ-619207,Start of Kollam Bypass - Kadambattukonam,Roads & Highways,Ministry of Road Transport & Highways,Kerala,Kollam,NHAI,2641.0,3309.06,1990.71,46,73,2021-06-08,2025-03-29,2027-06-30,82.0,60.16,Larsen & Toubro Ltd,4,State,Complete,Pending,Not Required,Not Started,Single,4,2026-01-05,7.0,0,1,1,25.3,58.7,54.7,Medium
PROJ-618133,Strengthening and Widening of road Sakoli- Wadsa-Armori-Gadchiroli-Ashti- Allapalli -Sironcha National highway NH 353C in Km 262/00 to 321/00 including 16 minor Bridges and 2 Major Bridge Total length 59 Km section from repanpalli to sironcha in Gadchiroli Dist in the State of Maharashtra.,Roads & Highways,Ministry of Road Transport & Highways,Maharashtra,Mumbai,MoRTH,281.0,281.0,144.61,38,72,2021-03-31,2024-05-31,2027-03-31,67.0,51.46,GMR Infrastructure,2,State,Complete,Obtained,Obtained,Partial,Limited,5,2026-06-19,5.9,0,0,1,0.0,89.47,40.8,Medium
PROJ-618628,Strengthening of Existing Alignment of Pandharpur Town Part Bypassed Section of NH 965 from KM 36.230 to KM 44.230 from Chh. Shivaji Maharaj Chowk to Wakhari,Roads & Highways,Ministry of Road Transport & Highways,Telangana,Nizamabad,NHAI,150.0,87.59,76.45,39,56,2022-08-12,2025-10-31,2027-03-31,69.0,50.97,Hindustan Construction Company (HCC),2,Central,Partial,Obtained,Obtained,Not Started,Single,2,2026-07-26,5.4,0,0,1,0.0,43.59,30.1,Low
PROJ-618061,"Strengthening, Widening & Up-gradation of newly declared NH-761 from NH-61Junction-BelheAlkutiDevibhoyareNighojShirur, from Design chainage Km 0.000 to Km 37.970 from Single/Intermediate/2L to 2LPS in the State of Maharashtra on EPC Mode Length 37.970 Km",Roads & Highways,Ministry of Road Transport & Highways,Maharashtra,Mumbai,MoRTH,386.0,386.0,57.23,30,30,2024-03-15,2026-09-27,2026-09-27,62.0,14.83,NCC Limited,0,Central,Complete,Obtained,Obtained,Complete,Open,0,2026-06-24,9.0,0,0,0,0.0,0.0,8.0,Low
PROJ-618796,Tanot -Ramgarh-Bhadasar-Jaisalmer NH-68 and BhadasarMokal-Sarkaritala up to Pakisthan Border NH-968 Pkg-BM/5,Roads & Highways,Ministry of Road Transport & Highways,Madhya Pradesh,Indore,NHAI,829.0,830.37,755.88,38,102,2018-02-23,2021-04-21,2026-08-30,100.0,91.03,Afcons Infrastructure,4,PPP,Partial,Pending,Pending,Partial,Limited,3,2026-05-04,7.0,3,0,1,0.17,168.42,50.3,Medium
PROJ-619097,Thalassery Mahe Bypass Km 170.600 to Km 189.200 of NH-17New NH-66 in Kerala,Roads & Highways,Ministry of Road Transport & Highways,Kerala,Thiruvananthapuram,NHAI,1181.0,1573.18,1534.73,33,108,2017-09-09,2020-05-31,2026-08-31,100.0,97.56,PNC Infratech Ltd,2,Central,Complete,Obtained,Not Required,Not Started,Single,5,2026-05-22,5.2,0,1,1,33.21,227.27,59.2,Medium
PROJ-619165,Thanamcherla-Jamandlapally 2LPS,Roads & Highways,Ministry of Road Transport & Highways,Jammu and Kashmir,Srinagar,NHAI,177.0,18.65,8.3,111,157,2013-11-19,2023-02-07,2026-12-31,100.0,4.69,PNC Infratech Ltd,3,Central,Not Started,Obtained,Pending,Partial,Single,4,2026-02-23,4.3,0,0,1,0.0,41.44,34.4,Low
PROJ-619094,Thorapalli - Agraharam - Jittandahalli Section from km 23.350 to km 60.100 [Hosur to Dhamrapuri Pkg-2],Roads & Highways,Ministry of Road Transport & Highways,Arunachal Pradesh,Pasighat,NHAI,1244.0,1272.11,827.88,58,95,2019-02-14,2023-12-06,2026-12-31,78.0,65.08,IRB Infrastructure Developers,2,State,Partial,Obtained,Pending,Complete,Limited,2,2026-05-26,6.4,3,0,1,2.26,63.79,44.8,Medium
PROJ-618605,Thuravoor Thekku-Paravoor,Roads & Highways,Ministry of Road Transport & Highways,Ladakh,Leh,NHAI,2879.0,2638.67,2514.83,36,69,2021-09-06,2024-09-12,2027-05-31,81.0,87.35,Shapoorji Pallonji Co,1,Central,Complete,Obtained,Obtained,Partial,Open,1,2026-06-02,6.2,0,0,1,0.0,91.67,38.0,Medium
PROJ-617889,Treatment of landslide zone from location no. 01 to 28 km 62.860 to 152.750 on NH-12509 in the State of Uttarakhand under EPC mode in NHO Annual Plan 2022-23,Roads & Highways,Ministry of Road Transport & Highways,Uttarakhand,Dehradun,MoRTH,192.0,192.0,0.0,20,45,2022-11-02,2024-06-20,2026-07-31,98.0,0.0,IRB Infrastructure Developers,2,Central,Not Started,Pending,Obtained,Partial,Open,4,2026-01-26,5.2,3,0,1,0.0,125.0,49.1,Medium
PROJ-619071,Tumkur - Nelamangala 6L,Roads & Highways,Ministry of Road Transport & Highways,Tripura,Agartala,NHAI,2032.0,1664.2,1086.24,54,73,2021-03-04,2025-08-25,2027-03-31,61.0,53.46,Afcons Infrastructure,1,Externally Aided,Not Started,Pending,Pending,Partial,Open,4,2026-05-31,6.0,1,0,1,0.0,35.19,31.3,Low
PROJ-619220,Tumkur-Shimoga Pkg-III from Km 121.900 Banawara to Km 170.415 Bettadahalli of Old NH-206,Roads & Highways,Ministry of Road Transport & Highways,Himachal Pradesh,Dharamshala,NHAI,1444.0,1834.81,872.97,60,106,2018-02-27,2023-03-14,2026-12-31,98.0,47.58,IRB Infrastructure Developers,4,State,Not Started,Obtained,Not Required,Not Started,Open,2,2026-06-03,6.0,0,1,1,27.06,76.67,60.3,Medium
PROJ-618512,Tunnel at Khambataki Ghat Section and its approaches from existing Km. 771.730 to existing Km. 782.000,Roads & Highways,Ministry of Road Transport & Highways,Meghalaya,Jowai,NHAI,907.0,816.12,686.79,52,108,2017-11-07,2022-02-27,2026-10-31,89.0,75.72,Patel Engineering,1,Externally Aided,Partial,Pending,Pending,Complete,Single,3,2026-01-29,4.9,3,0,1,0.0,107.69,46.4,Medium
PROJ-618255,Two laning with paved shoulders of Lambasingi to Paderusection of NH 516E,Roads & Highways,Ministry of Road Transport & Highways,Kerala,Kollam,MoRTH,361.0,358.05,145.94,67,83,2020-04-17,2025-11-02,2027-03-31,57.0,40.43,Tata Projects Ltd,2,Central,Complete,Pending,Obtained,Not Started,Single,2,2026-07-10,5.2,0,0,1,0.0,23.88,19.9,Low
PROJ-617937,Udgir Raavi Degloor Aadampur phata to Sagroli fata,Roads & Highways,Ministry of Road Transport & Highways,Rajasthan,Jaipur,MoRTH,810.0,810.0,0.93,40,40,2024-11-29,2028-04-12,2028-04-12,12.0,0.11,Larsen & Toubro Ltd,1,Externally Aided,Complete,Obtained,Obtained,Complete,Limited,1,2026-03-20,7.5,0,0,0,0.0,0.0,8.0,Low
PROJ-618954,Umagaon - Saharsa Package - I Combined Umagaon-Kaluahi0.000KM to 21.609Km of NH227LSaharghat-Rahika0.000 Km to 26.130KM of NH227JRahika-Rampatti 0.00 KM to 15.00KM of NH527ABideshwarsthan-Bheja0.000KM to 25.915KM of NH527A.,Roads & Highways,Ministry of Road Transport & Highways,Manipur,Imphal,NHAI,1473.0,1703.02,644.37,58,58,2022-08-20,2027-07-01,2027-07-01,24.0,37.84,Dilip Buildcon Ltd,3,Central,Partial,Pending,Pending,Complete,Limited,1,2026-07-06,4.1,3,1,0,15.62,0.0,26.2,Low
PROJ-618953,Umagaon-Saharsa Package-IV Koshi Bridge & approach Road - Bheja-Bakaur,Roads & Highways,Ministry of Road Transport & Highways,Goa,Vasco da Gama,NHAI,1200.0,1223.94,1312.28,54,98,2019-02-01,2023-08-11,2027-03-31,92.0,100.0,Patel Engineering,2,Externally Aided,Complete,Obtained,Pending,Complete,Open,3,2026-04-15,6.5,1,0,1,2.0,81.48,45.5,Medium
PROJ-619166,Umagaon-Saharsa Package-V Bakaur-Parsarma-Bangaon-Bariyahi & Spur to Mahishi,Roads & Highways,Ministry of Road Transport & Highways,West Bengal,Howrah,NHAI,768.0,968.42,509.32,38,47,2022-10-07,2025-12-14,2026-08-30,100.0,52.59,Shapoorji Pallonji Co,2,Central,Not Started,Obtained,Pending,Partial,Single,1,2026-08-03,6.5,0,1,1,26.1,23.68,34.6,Low
PROJ-618108,Up-gradation and strengthening to 2lanePS from Km 95/500 to km 129/775 of Nh 168G Idar-Bhiloda-Samlaji in the state of Gujarat Length 34.275 km,Roads & Highways,Ministry of Road Transport & Highways,Gujarat,Ahmedabad,MoRTH,237.0,237.0,41.55,38,50,2022-09-30,2025-12-06,2026-12-06,64.0,17.53,Patel Engineering,4,Externally Aided,Not Started,Pending,Pending,Partial,Single,5,2026-06-28,4.4,3,0,1,0.0,31.58,34.7,Low
PROJ-617906,Up-gradation of Dhoraji-Jamkandorna-Kalavad Section of NH-927D from Design Chainage km 0/00 to km 58/115 to Two lane with PS configuration in the State of Gujarat on EPC,Roads & Highways,Ministry of Road Transport & Highways,Gujarat,Ahmedabad,MoRTH,247.0,291.19,0.0,51,51,2022-10-14,2027-01-24,2027-01-24,35.0,0.0,Tata Projects Ltd,2,Externally Aided,Not Started,Obtained,Not Required,Not Started,Open,3,2026-03-30,4.5,2,1,0,17.89,0.0,22.5,Low
PROJ-618021,Up-gradation of Pichhore- Dinara section of NH-346 from Km 292.750 to 334.550 to two lane with paved shoulders in the state of Madhya Pradesh on EPC mode,Roads & Highways,Ministry of Road Transport & Highways,Madhya Pradesh,Bhopal,MoRTH,426.0,426.0,0.0,40,40,2024-02-01,2027-06-02,2027-06-02,37.0,0.0,Ashoka Buildcon Ltd,0,PPP,Partial,Obtained,Not Required,Complete,Limited,0,2026-03-07,8.9,0,0,0,0.0,0.0,8.0,Low
PROJ-618092,Up-gradation to 2 lane with paved shoulder from Neechli Oden Nathdwara at Design Km 88.800 existing km 55.95 to Bhatewar at Design Km 142.028 existing km 0.00 of NH-162E in the State of Rajasthan on EPC mode.,Roads & Highways,Ministry of Road Transport & Highways,Rajasthan,Jaipur,MoRTH,607.0,607.0,304.62,43,43,2023-02-27,2026-10-04,2026-10-03,64.0,50.18,Adani Infra Ltd,0,Externally Aided,Complete,Not Required,Obtained,Complete,Single,0,2026-02-23,8.6,0,0,0,0.0,0.0,8.0,Low
PROJ-619010,Up-gradation to 2 lane with paved shoutders of Pawlrang - Rulchawm section- of NH-102B of Aizawl - Imphal Economic Corridor from Existing Chainage km 72.030 to km 104.129 including 2.459 km re-alignment section from Tuivai River to Rulchawm connecting km 48.150 of NH-6 [Design Chainage km 68.170 to km 98.579] in the State of Mizoram under Bharatmala Pariyojna on EPC mode under NHO-NE Package-3 Keifang- Tuivai Pkg-3,Roads & Highways,Ministry of Road Transport & Highways,Manipur,Imphal,NHIDCL,501.0,501.0,443.61,41,55,2021-12-13,2025-05-08,2026-07-20,100.0,88.54,Megha Engineering (MEIL),2,Central,Complete,Obtained,Not Required,Partial,Open,3,2026-01-27,4.3,2,0,1,0.0,34.15,24.8,Low
PROJ-618394,Up-gradation to 2-lane with Paved Shoulder from Km 12.850 to Km20.300 of 7.450Km length on Goha-Khellani section and a link road to Goha village of 2.016 km on NH-244 in UT of Jammu and Kashmir on EPC Mode Pkg-1,Roads & Highways,Ministry of Road Transport & Highways,Jammu and Kashmir,Jammu,NHIDCL,228.0,225.37,182.21,21,76,2020-07-14,2022-04-01,2026-10-31,94.0,79.92,IRCON International,2,Central,Not Started,Obtained,Not Required,Not Started,Open,5,2026-06-29,7.1,1,0,1,0.0,261.9,47.8,Medium
PROJ-618398,Up-gradation to 2-lane with Paved Shoulder from Km 20.300 to Km 29.030 of 8.730 Km length on Goha-Khellani section on NH-244 in UT of Jammu and Kashmir on EPC Mode Package II,Roads & Highways,Ministry of Road Transport & Highways,Jammu and Kashmir,Jammu,NHIDCL,211.0,211.0,190.27,21,72,2020-07-14,2022-04-01,2026-06-30,97.0,90.18,Patel Engineering,3,Central,Partial,Pending,Obtained,Not Started,Limited,4,2026-01-23,6.7,2,0,1,0.0,242.86,48.8,Medium
PROJ-618049,Up-gradation to 2/4 lane with paved shoulder configuration of NH-652 from Tuljapur Naldurg-Akkalkot road Chainage from Km. 00.000 to km 30.982 in the State of Maharashtra on EPC mode.,Roads & Highways,Ministry of Road Transport & Highways,Maharashtra,Mumbai,MoRTH,183.0,183.0,64.95,28,30,2024-03-14,2026-07-08,2026-08-30,98.0,35.49,NCC Limited,1,Externally Aided,Complete,Obtained,Obtained,Complete,Open,0,2026-01-08,9.2,0,0,0,0.0,7.14,8.0,Low
PROJ-618406,Up-gradation to 4-lane with Paved Shoulder of Jammu-Akhnoor road section of NH-144A from Ganesh Vihar Km 6.000 to Khati Chowk Km 26.350 in UT of Jammu and Kashmir on EPC basis Pkg-3A,Roads & Highways,Ministry of Road Transport & Highways,Jammu and Kashmir,Jammu,NHIDCL,322.0,322.0,398.19,40,105,2018-03-14,2021-07-11,2026-11-30,92.0,100.0,GMR Infrastructure,1,PPP,Complete,Pending,Obtained,Partial,Limited,4,2026-04-10,4.7,3,0,1,0.0,162.5,46.3,Medium
PROJ-618766,Up-gradation to Four Lane with Paved Shoulder configuration of the highway starting from existing km 88.400 Savali Vihir to km 163.400 start of Ahmednagar bypass Design Length 75.000 km section of NH-160 in the State of Maharashtra under Bharatmala Pariyojana on EPC Mode,Roads & Highways,Ministry of Road Transport & Highways,Maharashtra,Mumbai,NHAI,862.0,617.93,298.45,30,30,2024-10-28,2027-04-29,2027-04-29,49.0,34.62,IRB Infrastructure Developers,0,Central,Complete,Obtained,Obtained,Complete,Open,0,2026-06-19,7.3,0,0,0,0.0,0.0,8.0,Low
PROJ-618024,Up-gradation to two lane with paved shoulder configuration of NH-354 Section Arifkes-Ferozepur-Muktsar-Malaut from Km 201.500 to Km 212.500 & Km 229.690 to Km 269.960 and strengthening of existing pavement from Km 212.500 to Km 229.690 excluding Km 218.500 to 223.690 of NH-354 on EPC Mode in the State of Punjab. Job No. NH-354-PB-2020-21-532,Roads & Highways,Ministry of Road Transport & Highways,Punjab,Ludhiana,MoRTH,263.0,263.0,0.0,49,67,2021-03-12,2025-04-15,2026-09-30,83.0,0.0,Afcons Infrastructure,4,Central,Complete,Pending,Not Required,Partial,Single,3,2026-03-16,5.3,1,0,1,0.0,36.73,29.4,Low
PROJ-617971,Up-gradation to Two/Four lane with paved shoulder Configuration of Kondagaon- Narayanpur from design ch. 0.00 - 48.693 Design Length 47.493 Km. 1.20 Km. retained on NH-130D under EPC mode in the State Chhattisgarh.,Roads & Highways,Ministry of Road Transport & Highways,Chhattisgarh,Raipur,MoRTH,322.0,322.0,1.14,51,51,2022-12-29,2027-03-16,2027-03-16,70.0,0.35,Larsen & Toubro Ltd,0,PPP,Complete,Obtained,Obtained,Partial,Open,0,2026-03-25,8.0,1,0,0,0.0,0.0,8.0,Low
PROJ-618022,Upgradation to two lane with paved Shoulder Configuaration from Km. 0/00 to 47/000 of NH 351 Mahuva to Badhada section in the State of Gujarat,Roads & Highways,Ministry of Road Transport & Highways,Gujarat,Ahmedabad,MoRTH,173.0,219.08,22.63,33,49,2022-12-06,2025-08-22,2026-12-31,77.0,10.33,NCC Limited,3,Central,Partial,Pending,Obtained,Not Started,Open,1,2026-02-04,5.0,2,1,1,26.64,48.48,50.4,Medium
PROJ-618511,Upgradation & rehabilitation of Service Roads on both sides in urban areas of Pune City on PuneSatara section of NH48,Roads & Highways,Ministry of Road Transport & Highways,Maharashtra,Pune,NHAI,605.0,388.78,66.39,29,29,2025-01-12,2027-06-16,2027-06-16,24.0,10.97,Ashoka Buildcon Ltd,0,Externally Aided,Complete,Obtained,Not Required,Complete,Limited,0,2026-03-26,8.7,0,0,0,0.0,0.0,8.0,Low
PROJ-618019,Upgradation & widening of Jharkheda- Berasia - Dholkhedi from design km 0000 to km 87900 Design length 87.90km of NH-346 including 3 nos. bypasses of 13.10 Km in the State of Madhya Pradesh under EPC mode.,Roads & Highways,Ministry of Road Transport & Highways,Madhya Pradesh,Bhopal,MoRTH,365.0,365.0,200.67,38,55,2022-03-15,2025-05-19,2026-09-30,91.0,54.98,Ashoka Buildcon Ltd,4,Central,Partial,Pending,Not Required,Not Started,Single,2,2026-01-20,3.7,2,0,1,0.0,44.74,37.3,Medium
PROJ-619155,Upgradation and 4L of Haridwar Bypass from Km 0.000 Km 188.100 of NH-58 to Km. 15.100 Km 5.100 of NH 74 PKg-1,Roads & Highways,Ministry of Road Transport & Highways,Uttarakhand,Haridwar,NHAI,1603.0,1423.89,770.27,35,60,2021-11-22,2024-10-29,2026-11-30,80.0,48.05,GMR Infrastructure,4,Externally Aided,Not Started,Obtained,Pending,Not Started,Single,2,2026-06-05,6.0,1,0,1,0.0,71.43,49.4,Medium
PROJ-618043,Upgradation and reconstruction of Dindori - Mandla Section of NH 543 from Km 77100 Design to Km 170580 Design Total length 93.48km to Two lane with paved shoulder configuration along with One time improvement in 04 nos of bypassed built-up areas in a total length of 7.23 km in the state of Madhya Pradesh on EPC mode,Roads & Highways,Ministry of Road Transport & Highways,Madhya Pradesh,Bhopal,MoRTH,492.0,523.71,0.0,52,54,2022-03-28,2026-07-28,2026-09-30,88.0,0.0,IRB Infrastructure Developers,0,Central,Complete,Obtained,Obtained,Complete,Open,1,2026-07-12,9.2,0,0,0,6.45,3.85,8.0,Low
PROJ-618036,Upgradation and reconstruction of existing intermediate lane to two Lane with paved shoulder configuration from km. 43.00 Barna River to km. 77.00 ken river length 34.00 km. on Gulganj-Amanganj-Pawai-Katni NH43 Extn. along with One time improvement in 01 no. of bypassed built-up area in a total length of 1.585 km in the state of Madhya Pradesh on EPCmode.,Roads & Highways,Ministry of Road Transport & Highways,Madhya Pradesh,Bhopal,MoRTH,316.0,316.0,0.0,44,48,2023-03-24,2026-11-25,2027-03-31,43.0,0.0,Dilip Buildcon Ltd,0,PPP,Complete,Obtained,Obtained,Complete,Limited,0,2026-04-01,7.6,0,0,0,0.0,9.09,8.0,Low
PROJ-617914,Upgradation and reconstruction of Shahpura-Dindori Section of NH 45 from Km 103.700 Design to Km 164.580 Design including 3 bypasses Total length 60.88km to Two lane with paved shoulder configuration along with One time improvement in 03 nos of bypassed built-up areas in a total length of 12.341 km in the State of Madhya Pradesh on EPC mode,Roads & Highways,Ministry of Road Transport & Highways,Madhya Pradesh,Bhopal,MoRTH,241.0,250.09,50.78,45,64,2022-03-14,2025-12-11,2027-06-30,41.0,20.3,IRB Infrastructure Developers,1,State,Complete,Obtained,Not Required,Partial,Open,4,2026-07-28,6.5,2,0,1,3.77,42.22,30.3,Low
PROJ-618967,Upgradation and Strengthening of Chenani to Nashri Section via Patnitop of NH244 from Km 0.000 to Km 39.100,Roads & Highways,Ministry of Road Transport & Highways,West Bengal,Bagdogra,NHAI,295.0,295.06,176.25,29,37,2024-03-06,2026-08-05,2027-03-31,65.0,59.73,Tata Projects Ltd,4,PPP,Complete,Pending,Pending,Not Started,Limited,1,2026-07-09,4.2,0,0,1,0.02,27.59,25.2,Low
PROJ-618754,Upgradation of 2L/4L with Paved Shoulder of Shirwal-Lonand Section from KM 159900 To KM 188025 of NH-965DD Section I and 2L With Paved Shoulder of Lonand-Satara Section from KM 51500 To KM 96246 Of NH-965D Section II in Satara District in the State of Maharashtra on EPC Mode under NHO-,Roads & Highways,Ministry of Road Transport & Highways,Maharashtra,Mumbai,NHAI,538.0,307.24,160.77,27,27,2025-03-06,2027-06-20,2027-06-20,44.0,29.88,Megha Engineering (MEIL),0,PPP,Complete,Obtained,Not Required,Complete,Single,0,2026-08-08,7.2,0,0,0,0.0,0.0,8.0,Low
PROJ-619270,"Upgradation of 6 laned Jaipur- Kishangarh section of NH-48 from km 274100 to 363885 involving construction of flyovers and Service road in Rajasthan On Engineering, Procurement & Construction EPC Mode",Roads & Highways,Ministry of Road Transport & Highways,Rajasthan,Jaipur,NHAI,911.0,911.0,0.0,34,34,2026-03-13,2029-01-08,2028-08-01,0.0,0.0,Shapoorji Pallonji Co,1,PPP,Complete,Obtained,Obtained,Complete,Limited,0,2026-06-26,8.0,0,0,0,0.0,0.0,8.0,Low
PROJ-618016,"Upgradation of Ambikapur Ramanujganj - Garhwa Road NH 343 of Package-I, Rajpuri Khurd Village to Padih Village section from existing km 7.830 to km 57.650 Design Ch. 13.700 to Ch. 62.700 of total length 49.00 km to two lane with paved shoulders under EPC mode in the state of Chhattisgarh",Roads & Highways,Ministry of Road Transport & Highways,Chhattisgarh,Raipur,MoRTH,397.0,397.0,76.67,62,62,2022-03-24,2027-05-26,2027-05-26,28.0,19.31,Dilip Buildcon Ltd,0,PPP,Complete,Obtained,Obtained,Complete,Limited,0,2026-05-10,8.6,0,0,0,0.0,0.0,8.0,Low
PROJ-618014,"Upgradation of Ambikapur-Ramanujganj-Garwa road of NH-343, Package-III, Badki mahri village to Ramanujganj section from existing km 80.600 to km 110.330 Design Ch. 85.370 to Ch. 114.800 of total length 29.430 km to two lane with paved shoulders udner corridor scheme under EPC Mode in the of Chhattisgarh",Roads & Highways,Ministry of Road Transport & Highways,Chhattisgarh,Raipur,MoRTH,199.0,199.0,53.0,55,55,2022-03-24,2026-10-31,2026-10-31,39.0,26.63,Tata Projects Ltd,0,Externally Aided,Complete,Obtained,Obtained,Complete,Open,0,2026-05-25,9.0,1,0,0,0.0,0.0,8.0,Low
PROJ-618018,Upgradation of Bilaspur-Takhatpur-Mungeli-Pandariya-Pondi Road on N.H.-130A Package IIIA Takhatpur By-pass from existing Ch. 26.542 to 32.093 [Design Ch. 18.700 to 25.900] & Mungeli By-pass from existing Ch. 45.786 to 56.275 [Design Ch. 29.600 to 51.600] and Package IIIB Pandariya By-Pass from existing Ch. 82.582 to 87.133 [Design Ch. 77.900 to 81.1000 & Pondi By-pass from existing Ch. 103.166 to 104.756 [Design Ch. 97.000 to 103.395] to two lane with paved shoulder configuration in the,Roads & Highways,Ministry of Road Transport & Highways,Chhattisgarh,Bilaspur,MoRTH,351.0,351.0,11.63,40,57,2022-03-25,2025-07-17,2026-12-31,11.0,3.31,Larsen & Toubro Ltd,2,Externally Aided,Partial,Pending,Pending,Complete,Open,4,2026-08-15,5.4,1,0,1,0.0,42.5,34.2,Low
PROJ-618098,"Upgradation of exhisting 2 lane flexible pavement to 2 lane paved shoulders rigid pavement from design chainage Km 66.00 to Design Km 82.440 Start of Kolhapur Municipal corporation near Phulewadi to kale, design length 16.440 Km section on Talere Gaganbawada-Kolhapur road NH 166G in the state of Maharashtra on EPC mode",Roads & Highways,Ministry of Road Transport & Highways,Maharashtra,Mumbai,MoRTH,168.0,168.0,0.0,37,65,2021-03-31,2024-05-13,2026-08-30,94.0,0.0,Megha Engineering (MEIL),4,Externally Aided,Not Started,Obtained,Not Required,Not Started,Single,3,2026-06-09,5.1,2,0,1,0.0,75.68,49.8,Medium
PROJ-619297,Upgradation of Existing Two Lane Carriageway to Two Lane Carriageway with Paved Shoulder from Ch. 665686 Existing Km. 665.686 in Khanpur Village in Vansda Taluka to Ch. 710470 Existing Km. 710.483 in Karvad Village in Vapi Taluka Length 44.784 Km Section of NH-56 in the State of Gujarat on EPC Mode,Roads & Highways,Ministry of Road Transport & Highways,Gujarat,Ahmedabad,NHAI,647.0,647.0,9.24,29,29,2026-02-19,2028-07-20,2027-01-31,0.0,1.43,Patel Engineering,0,PPP,Complete,Obtained,Obtained,Complete,Limited,0,2026-07-08,7.2,0,0,0,0.0,0.0,8.0,Low
PROJ-618158,"Upgradation of Goras to Shyampur Road section of NH-552 Ext., from Design Chainge 48.400 to 111.800 Km Total length 63.40 km to two lane with paved shoulder configuration along with One time improvement of 8.91 km in the state of Madhya Pradesh on EPC mode",Roads & Highways,Ministry of Road Transport & Highways,Madhya Pradesh,Bhopal,MoRTH,417.0,417.0,0.0,45,45,2023-03-27,2026-12-30,2026-12-30,17.0,0.0,Afcons Infrastructure,1,State,Complete,Obtained,Obtained,Complete,Open,0,2026-03-02,9.2,0,0,0,0.0,0.0,8.0,Low
PROJ-618015,"Upgradation of Keonchi - Ratanpur Road of NH 45 Package-I, from design chainage km 237.860 to km 273.200 of length 35.340 km to two lane with paved shoulders under Corridor scheme on EPC mode in the state of Chhattisgarh.",Roads & Highways,Ministry of Road Transport & Highways,Chhattisgarh,Raipur,MoRTH,225.0,228.93,83.75,45,57,2022-03-31,2026-01-06,2026-12-31,60.0,36.58,IRB Infrastructure Developers,3,Externally Aided,Not Started,Obtained,Not Required,Partial,Single,3,2026-05-07,4.9,2,0,1,1.75,26.67,27.5,Low
PROJ-618017,"Upgradation of Keonchi - Ratanpur Road of NH 45 Package-II, from design chainage km 278.75 to km 321.348 of length 42.598 km to two lane with paved shoulders under Corridor scheme on EPC mode in the state of Chhattisgarh.",Roads & Highways,Ministry of Road Transport & Highways,Chhattisgarh,Raipur,MoRTH,286.0,286.0,92.75,45,57,2022-03-31,2026-01-06,2026-12-31,60.0,32.43,IRB Infrastructure Developers,1,State,Complete,Pending,Obtained,Not Started,Open,3,2026-03-13,4.1,0,0,1,0.0,26.67,20.8,Low
PROJ-618107,Upgradation of Mehsana-Visnagar-vadnagar-Kheralu-Idar section from km 0/00 to 81/300 of NH 168G Mehsana to Idar in the State of GujaratTotal Length 81.300 Km on Hybrid Annuity Mode HAM,Roads & Highways,Ministry of Road Transport & Highways,Gujarat,Ahmedabad,MoRTH,1155.0,1155.0,421.58,52,52,2024-02-26,2028-06-17,2028-06-19,23.0,36.5,Ashoka Buildcon Ltd,0,Central,Complete,Obtained,Obtained,Complete,Open,0,2026-06-26,8.8,0,0,0,0.0,0.0,8.0,Low
PROJ-618085,Upgradation of Nasrullagani-Rehti-Budhni Scction to 2-lane with paved shoulder from Km 0150 to Km 50500 of NH-146B in the state of Madhya Pradesh on EPC mode.,Roads & Highways,Ministry of Road Transport & Highways,Madhya Pradesh,Bhopal,MoRTH,305.0,293.74,0.0,35,59,2021-12-06,2024-10-25,2026-10-31,92.0,0.0,Larsen & Toubro Ltd,3,PPP,Partial,Pending,Pending,Complete,Limited,4,2026-02-23,5.2,1,0,1,0.0,68.57,47.7,Medium
PROJ-619007,Upgradation of Sarvardewla to Pal MP/MH Border Road section of NH-347 C from Design Chainge km 81.600 to 137.400 Total length 55.80 km to two lane with paved shoulder configuration along with One time improvement of 1 .95 km in the State of Madhya Pradesh on EPC mode.,Roads & Highways,Ministry of Road Transport & Highways,Madhya Pradesh,Bhopal,MoRTH,461.0,461.0,2.77,57,57,2023-03-27,2028-01-02,2028-01-02,0.0,0.6,NCC Limited,0,Central,Complete,Obtained,Not Required,Complete,Open,1,2026-03-13,8.0,0,0,0,0.0,0.0,8.0,Low
PROJ-618044,Upgradation of Shahdol- Sagartola Section of NH 543 from km 0000 to km 69400 to 2 lane with paved shoulders under Hybrid Annuity Mode HAM in the State of Madhya Pradesh,Roads & Highways,Ministry of Road Transport & Highways,Madhya Pradesh,Sagar,MoRTH,851.0,851.0,0.0,50,50,2024-02-01,2028-03-24,2028-03-24,0.0,0.0,Tata Projects Ltd,0,State,Complete,Obtained,Not Required,Complete,Open,0,2026-01-07,8.5,0,0,0,0.0,0.0,8.0,Low
PROJ-618219,Upgradation to 2-lane with Hard shoulder configuration of Suraithota Ch. 29.725 km to Malari Ch. 60.550 km road on NH- 107B under in the state of Uttarakhand.,Roads & Highways,Ministry of Road Transport & Highways,Uttarakhand,Dehradun,MoRTH,293.0,293.0,0.0,43,50,2022-10-20,2026-05-09,2026-12-31,77.0,0.0,Patel Engineering,2,State,Partial,Obtained,Not Required,Partial,Single,4,2026-07-29,7.2,0,0,1,0.0,16.28,16.5,Low
PROJ-618117,Upgradation to 2-Lane with Paved Shoulder from Design Km 36300 to Design Chainage 47918 and from Design Ch 69900 to Design Ch 83940 of NH-248A Natni Ka Bara in the State of Rajasthan on EPC Mode.,Roads & Highways,Ministry of Road Transport & Highways,Rajasthan,Jaipur,MoRTH,155.0,155.0,15.13,27,30,2024-02-21,2026-05-29,2026-08-28,23.0,9.76,Larsen & Toubro Ltd,0,State,Complete,Obtained,Obtained,Complete,Open,0,2026-03-21,7.1,0,0,0,0.0,11.11,8.0,Low
PROJ-618787,"Upgradation to 4L PS from Bhimasar, Junction of NH-41 to Anjar- Bhuj upto Airport Junction from Km 0.000 to Km 65.478 of NH-341",Roads & Highways,Ministry of Road Transport & Highways,Gujarat,Dholera,NHAI,1373.0,1687.25,837.85,40,61,2022-03-11,2025-06-29,2027-03-31,96.0,49.66,Patel Engineering,4,Central,Not Started,Pending,Not Required,Complete,Single,5,2026-07-11,6.6,1,1,1,22.89,52.5,54.9,Medium
PROJ-617972,Upgradation to Two lane with Paved Shoulder Configuration of Narayanpur Kasturmeta pkg-II from design ch. 48.693 to 70.453 design length21.760 Km. on NH-130D under EPC mode in the state of Chhattisgarh.,Roads & Highways,Ministry of Road Transport & Highways,Chhattisgarh,Raipur,MoRTH,201.0,201.0,0.0,41,41,2022-12-29,2026-06-13,2026-06-13,0.0,0.0,Ashoka Buildcon Ltd,1,Central,Complete,Obtained,Obtained,Complete,Single,0,2026-05-28,9.5,1,0,0,0.0,0.0,8.0,Low
PROJ-619009,Upgradation to Two Lane with Paved Shoulders from Km 0.000 to Km 41.920 Green Field Alignment of Gowrelly to Valigonda Section of NH-930P in the State of Telangana on EPC Mode under Annual Plan 2022-23,Roads & Highways,Ministry of Road Transport & Highways,Telangana,Hyderabad,MoRTH,690.0,690.0,0.0,65,65,2022-11-28,2028-04-30,2028-03-31,0.0,0.0,Tata Projects Ltd,0,PPP,Complete,Obtained,Obtained,Complete,Limited,1,2026-07-02,7.4,0,0,0,0.0,0.0,8.0,Low
PROJ-618069,Upgradation to Two-lane with paved shoulder of Hanumangarh to Kenchiyan section from Km 0.000existing chainage-Km 23.200 to Km 49.605existing chainage-Km 74.645 of NH-54 in the State of Rajasthan on EPC mode.,Roads & Highways,Ministry of Road Transport & Highways,Rajasthan,Jaipur,MoRTH,335.0,335.0,0.0,54,54,2022-03-24,2026-10-03,2026-10-03,72.0,0.0,Dilip Buildcon Ltd,0,State,Complete,Obtained,Obtained,Complete,Open,0,2026-02-07,9.6,0,0,0,0.0,0.0,8.0,Low
PROJ-619203,Vadape to Thane from km 539.202 to km 563.000 section of NH-3 new NH-848,Roads & Highways,Ministry of Road Transport & Highways,Maharashtra,Thane,NHAI,1253.0,1371.27,491.86,40,103,2018-03-26,2021-07-18,2026-10-31,87.0,35.87,GMR Infrastructure,3,State,Complete,Pending,Pending,Not Started,Limited,3,2026-07-30,5.6,1,0,1,9.44,157.5,51.2,Medium
PROJ-618467,Vadodara Mumbai Expressway Karvad - Jujuwa from Km. 128.000 to Km. 154.600 Phase-I Package-IX,Roads & Highways,Ministry of Road Transport & Highways,Maharashtra,Mumbai,NHAI,2594.0,2587.04,235.55,27,49,2023-07-11,2025-10-13,2027-07-31,22.0,9.08,Adani Infra Ltd,2,Central,Not Started,Obtained,Not Required,Complete,Open,4,2026-08-12,3.9,1,0,1,0.0,81.48,45.2,Medium
PROJ-618463,Vadodara Mumbai Expressway Kim to Ankleshwar Phase IA - Pkg V,Roads & Highways,Ministry of Road Transport & Highways,Maharashtra,Mumbai,NHAI,1325.0,2807.48,1546.7,44,102,2018-02-19,2021-10-31,2026-08-31,91.0,55.09,Tata Projects Ltd,4,Externally Aided,Not Started,Pending,Not Required,Partial,Limited,1,2026-01-28,4.9,1,1,1,111.89,131.82,80.5,High
PROJ-619198,Vadodara Mumbai Expressway Phase II - Pkg XII [Km. 50.700 to Km. 77.000] Masvan - Ganjad,Roads & Highways,Ministry of Road Transport & Highways,Maharashtra,Mumbai,NHAI,1711.0,2388.52,979.42,43,73,2020-08-07,2024-03-22,2026-08-31,100.0,41.01,Shapoorji Pallonji Co,2,State,Partial,Obtained,Obtained,Partial,Limited,1,2026-03-08,5.4,2,1,1,39.6,69.77,61.4,Medium
PROJ-618469,Vadodara Mumbai Expressway Phase II - Pkg XIII [Km. 26.582 to Km. 50.700] Shirsad - Masvan,Roads & Highways,Ministry of Road Transport & Highways,Maharashtra,Mumbai,NHAI,3537.0,4679.54,1986.56,44,75,2020-06-06,2024-02-08,2026-08-31,98.0,42.45,Tata Projects Ltd,2,Central,Complete,Pending,Obtained,Not Started,Single,4,2026-06-29,6.7,2,1,1,32.3,70.45,61.8,Medium
PROJ-618470,Vadodara Mumbai Expressway Phase II - Pkg XIV [Km. 3.000 to Km. 20.200 of Spur] Shirsad - Akloli,Roads & Highways,Ministry of Road Transport & Highways,Maharashtra,Mumbai,NHAI,2059.0,2324.72,634.55,35,63,2021-05-27,2024-05-11,2026-08-31,98.0,27.3,Patel Engineering,4,Externally Aided,Complete,Pending,Not Required,Not Started,Limited,3,2026-07-03,4.6,2,1,1,12.91,80.0,53.8,Medium
PROJ-618471,Vadodara Mumbai Expressway Phase II - Pkg XV [Km. 20.200 to Km. 43.000 of Spur] Akloli - Amne,Roads & Highways,Ministry of Road Transport & Highways,Maharashtra,Mumbai,NHAI,2611.0,2918.39,651.95,36,63,2021-05-18,2024-05-11,2026-08-31,95.0,22.34,Patel Engineering,2,PPP,Complete,Obtained,Obtained,Partial,Open,5,2026-02-12,5.9,1,1,1,11.77,75.0,47.8,Medium
PROJ-618472,Vadodara Mumbai Expressway Phase II - Pkg XVI [Km. 43.000 to Km. 69.800 of Spur] Amne - Bhoj,Roads & Highways,Ministry of Road Transport & Highways,Maharashtra,Mumbai,NHAI,4052.0,4315.56,952.69,40,62,2021-06-24,2024-10-31,2026-08-31,96.0,22.08,Adani Infra Ltd,3,Central,Not Started,Obtained,Pending,Partial,Open,3,2026-04-08,4.7,1,0,1,6.5,55.0,44.7,Medium
PROJ-618473,Vadodara Mumbai Expressway Phase II - Pkg XVII [Km. 69.800 to Km. 79.783 of Spur] Bhoj - Morbe,Roads & Highways,Ministry of Road Transport & Highways,Maharashtra,Mumbai,NHAI,2209.0,2463.02,931.24,46,60,2021-09-03,2025-07-17,2026-08-31,91.0,37.81,Larsen & Toubro Ltd,3,Externally Aided,Not Started,Pending,Not Required,Not Started,Single,1,2026-04-24,7.1,3,1,1,11.5,30.43,37.0,Medium
PROJ-619064,Vadodara Mumbai Expressway Talsari to Karvad Phase IB - Pkg X [Km 103.400 to Km 128.000],Roads & Highways,Ministry of Road Transport & Highways,Maharashtra,Mumbai,NHAI,1910.0,2652.24,1097.32,41,87,2020-10-07,2024-03-21,2027-12-31,36.0,41.37,Ashoka Buildcon Ltd,1,State,Partial,Obtained,Pending,Complete,Open,4,2026-01-11,4.7,0,1,1,38.86,112.2,63.6,Medium
PROJ-618893,Varanasi Gorakhpur Section Packege IV from km. 149.540 to km. 215.160 Mau-Gorakhpur,Roads & Highways,Ministry of Road Transport & Highways,Uttar Pradesh,Varanasi,NHAI,2967.0,3475.65,3455.15,54,137,2015-04-16,2019-10-07,2026-08-31,97.0,99.41,Larsen & Toubro Ltd,3,State,Partial,Obtained,Obtained,Complete,Single,1,2026-06-03,7.1,0,1,1,17.14,153.7,50.0,Medium
PROJ-618529,Varanasi Ring Road Pkg-II connecting Sandaha Village km 11.70 / NH-29 with Revasa Village km 818.80 / NH-2,Roads & Highways,Ministry of Road Transport & Highways,Uttar Pradesh,Varanasi,NHAI,1992.0,1832.66,1751.26,50,106,2017-12-26,2022-02-13,2026-10-31,97.0,87.91,Shapoorji Pallonji Co,2,Central,Partial,Pending,Not Required,Complete,Limited,3,2026-02-26,5.0,2,0,1,0.0,112.0,44.9,Medium
PROJ-618844,Viluppuram Km.0.000 to Puducherry Km.29.000,Roads & Highways,Ministry of Road Transport & Highways,Jammu and Kashmir,Anantnag,NHAI,1358.0,1162.44,526.41,69,103,2018-03-01,2023-11-24,2026-09-30,98.0,38.76,Hindustan Construction Company (HCC),2,Central,Complete,Pending,Not Required,Partial,Single,3,2026-08-03,6.4,0,0,1,0.0,49.28,31.9,Low
PROJ-618769,Walajahpet/Ranipet to TN/AP Border Section of from Km.106.800 to Km.133.36 NH-4,Roads & Highways,Ministry of Road Transport & Highways,Madhya Pradesh,Rewa,NHAI,1338.0,1214.7,240.77,34,34,2024-12-06,2027-09-29,2027-09-29,16.0,17.99,Patel Engineering,0,Central,Complete,Not Required,Obtained,Complete,Limited,1,2026-03-06,7.8,0,0,0,0.0,0.0,8.0,Low
PROJ-618354,Wideinig & Upgradation to 2-lanes with paved shoulders road from Tamenglong to Mahur NH-137 in the State of Assam starting from km 96.870 near Jiri River to km 116.550 near Hangrum Package-7 on EPC mode Package7,Roads & Highways,Ministry of Road Transport & Highways,Assam,Guwahati,NHIDCL,847.0,847.0,481.81,27,37,2023-12-11,2026-03-04,2026-12-31,90.0,56.88,Afcons Infrastructure,4,Central,Complete,Pending,Pending,Complete,Open,5,2026-03-28,4.2,3,0,1,0.0,37.04,33.2,Low
PROJ-618063,Widening & Strenghteningof section from Bharthana chowk to Kodarkoot km.0.00 to km.40.00 of NH-91-A on EPC mode,Roads & Highways,Ministry of Road Transport & Highways,Kerala,Thrissur,MoRTH,262.0,343.77,115.38,54,81,2020-03-30,2024-09-18,2026-12-31,94.0,33.56,Patel Engineering,2,State,Complete,Pending,Not Required,Not Started,Open,5,2026-02-03,6.5,0,1,1,31.21,50.0,51.5,Medium
PROJ-617983,Widening & Strengthening of Existing 2LPS to 4 lane PS from Km 150000 to Km 159000 and Km 165400 to Km 186000 of NH-163 old NH-202 under NH O for the year 2020-21 on EPC Mode in the state of Telangana.,Roads & Highways,Ministry of Road Transport & Highways,Telangana,Hyderabad,MoRTH,317.0,300.56,190.86,40,65,2021-03-30,2024-07-16,2026-08-31,91.0,60.21,Ashoka Buildcon Ltd,1,PPP,Complete,Obtained,Not Required,Partial,Limited,1,2026-03-06,5.0,2,0,1,0.0,62.5,36.0,Medium
PROJ-618012,"Widening & strengthenlng to 2LPS from km 0,000 to 40.000 Dhaugaon- Podamari section of NH 326 in the State of Odisha under Annual Plan 2021.22.",Roads & Highways,Ministry of Road Transport & Highways,Odisha,Bhubaneswar,MoRTH,187.0,187.0,46.39,46,57,2022-03-31,2026-02-04,2026-12-31,60.0,24.81,IRB Infrastructure Developers,3,PPP,Complete,Pending,Obtained,Partial,Open,4,2026-05-05,5.8,1,0,1,0.0,23.91,22.5,Low
PROJ-617958,Widening & Strenthening from km132.895 to km 190.15 NH-80,Roads & Highways,Ministry of Road Transport & Highways,Tamil Nadu,Salem,MoRTH,566.0,566.0,293.89,43,68,2021-03-31,2024-11-03,2026-11-30,73.0,51.92,Larsen & Toubro Ltd,1,PPP,Partial,Pending,Obtained,Complete,Open,3,2026-07-15,3.9,3,0,1,0.0,58.14,40.4,Medium
PROJ-618410,Widening & Up-gradation to 2 lane with paved shoulder of NH-301 Kargil- Zanskar Road from Design Km .30.040 Ex. Km. 30.000 to Design Km 57.000 Ex. Km. 57.905 of 26.960 Km length Pkg-II,Roads & Highways,Ministry of Road Transport & Highways,Ladakh,Kargil,NHIDCL,405.0,405.0,360.06,21,66,2021-03-31,2023-01-02,2026-10-05,85.0,88.9,Hindustan Construction Company (HCC),4,PPP,Not Started,Pending,Not Required,Complete,Limited,3,2026-01-31,6.1,3,0,1,0.0,214.29,52.0,Medium
PROJ-618409,Widening & Up-gradation to 2 lane with Paved shoulder of NH-301 Kargil- Zanskar Road from Design km 57.000 Ex. Km. 57.905 to Km 87.000 Ex. Km. 88.2491 of 30.000 Km length Pkg-lll,Roads & Highways,Ministry of Road Transport & Highways,Ladakh,Kargil,NHIDCL,381.0,381.0,313.34,21,65,2021-03-31,2023-01-02,2026-08-30,91.0,82.24,Larsen & Toubro Ltd,3,Central,Complete,Obtained,Pending,Complete,Limited,3,2026-03-14,6.7,0,0,1,0.0,209.52,42.0,Medium
PROJ-618352,Widening & Upgradation to 2 lanes with paved shoulders road from Tamenglong to Mahur NH-137 in the State of Assam starting from km 136.500 near Hejaichak to km 156.489 near P. Leikul Package-9 on EPC mode under NHO-NE Package-9,Roads & Highways,Ministry of Road Transport & Highways,Assam,Guwahati,NHIDCL,860.0,614.43,559.51,29,42,2023-03-31,2025-08-29,2026-09-30,88.0,65.06,Ashoka Buildcon Ltd,3,PPP,Partial,Obtained,Pending,Complete,Open,5,2026-03-08,6.0,1,0,1,0.0,44.83,35.9,Medium
PROJ-618351,Widening & Upgradation to 2 lanes with paved shoulders road from Tamenglong to Mahur NH-137 in the State of Assam starting from km 156.489 near P. Leikul to km 176.410 near Borowapu on EPC mode under NHO-NE Assam portion Package-10,Roads & Highways,Ministry of Road Transport & Highways,Assam,Guwahati,NHIDCL,890.0,693.15,605.43,29,42,2023-03-31,2025-08-29,2026-09-30,90.0,68.03,Patel Engineering,4,PPP,Complete,Obtained,Pending,Not Started,Open,2,2026-07-28,5.4,3,0,1,0.0,44.83,36.5,Medium
PROJ-618353,Widening & Upgradation to 2-lanes with paved shoulders road from Tamenglong to Mahur NH-137 in the State of Assam starting from km 116.480 near Hangrum to km 136.500 near Hejaichak Package-8 on EPC mode under NHO-NE Package 8,Roads & Highways,Ministry of Road Transport & Highways,Assam,Guwahati,NHIDCL,904.0,904.0,563.52,29,42,2023-03-29,2025-08-29,2026-09-30,85.0,62.34,Afcons Infrastructure,2,Central,Partial,Pending,Not Required,Complete,Single,2,2026-07-28,4.9,1,0,1,0.0,44.83,31.9,Low
PROJ-618082,Widening & Upgradation to four lane configuration from Km.34.900 Bhadohi to km.73.134 Jaunpur of NH-135A on EPC mode,Roads & Highways,Ministry of Road Transport & Highways,Uttar Pradesh,Meerut,MoRTH,396.0,392.03,0.0,37,66,2021-03-31,2024-05-14,2026-09-30,95.0,0.0,Shapoorji Pallonji Co,3,Central,Partial,Obtained,Not Required,Complete,Open,3,2026-07-16,5.1,2,0,1,0.0,78.38,44.6,Medium
PROJ-617928,"Widening 2 lane to 4-lane from KM 92/320 to Km 115/320 Vav Chokdi-Satlasana to to Vrundavan Chokdi, Kheralu on NH-58 in the State of Gujarat.",Roads & Highways,Ministry of Road Transport & Highways,Gujarat,Ahmedabad,MoRTH,151.0,171.27,0.0,48,53,2022-03-16,2026-03-14,2026-08-10,98.0,0.0,Ashoka Buildcon Ltd,3,Central,Not Started,Obtained,Not Required,Not Started,Open,2,2026-05-29,6.3,1,1,0,13.42,10.42,24.8,Low
PROJ-618141,Widening and Improvement of existing carriage way to 2 lane with paved shoulders from Km. 86/160 to 131/730 of Jangaon-Duddeda section of NH-365B in the State of Telangana on EPC Mode,Roads & Highways,Ministry of Road Transport & Highways,Telangana,Hyderabad,MoRTH,423.0,423.48,184.83,35,59,2022-01-05,2024-12-18,2026-12-15,78.0,43.65,Adani Infra Ltd,4,Central,Not Started,Pending,Not Required,Complete,Single,5,2026-02-17,6.6,3,0,1,0.11,68.57,50.7,Medium
PROJ-618242,Widening and Reconstruction to 4-lane/4-lane with service road including structures from Pokharia More at Km 47.600 Ex. Km 50.230 to Govindpur at km 62.949 Ex. Km 65.325 of Nh-419 in the State of Jharkhand on EPC mode.,Roads & Highways,Ministry of Road Transport & Highways,Jharkhand,Ranchi,MoRTH,300.0,300.0,94.18,44,56,2022-05-09,2026-01-03,2027-01-03,55.0,31.39,Patel Engineering,3,Externally Aided,Not Started,Obtained,Not Required,Partial,Open,4,2026-03-08,4.4,1,0,1,0.0,27.27,26.7,Low
PROJ-618060,Widening and Strengthening of existing paveemnt to two lane with paved shoulders from km 116.00 to km 176.355 of NH-75E in the State of Jharkhand on EPC mode.,Roads & Highways,Ministry of Road Transport & Highways,Jharkhand,Ranchi,MoRTH,315.0,315.0,162.16,30,57,2022-01-21,2024-07-16,2026-10-31,89.0,51.48,Tata Projects Ltd,2,Externally Aided,Not Started,Obtained,Pending,Complete,Open,5,2026-08-12,5.6,3,0,1,0.0,90.0,50.0,Medium
PROJ-617918,"Widening and Strengthening of existing S/L, I/L, & D/L to 2 Lane with PS from Km 256/455 to 256/503, 256/820 to 256/960, 265/760 to 266/010, 266/010 to 266/800, 270/975 to 271/055, 276/460 to 276/560, 276/560 to 276/700, 276/700 to 277/480, 285/780 to 288/290, 288/290 to 291/050 and construction of 3 Nos. of Bypass from Km 266/800 to 267/300, 270/025 to 270/975, & 284/700 to 285/780 on NH-53 under NHO in Annual Plan 2022-23 for the State of Odisha.",Roads & Highways,Ministry of Road Transport & Highways,Odisha,Bhubaneswar,MoRTH,174.0,174.0,6.43,58,58,2023-03-01,2027-12-29,2027-12-29,0.0,3.7,Dilip Buildcon Ltd,1,Central,Partial,Obtained,Not Required,Complete,Open,0,2026-01-15,9.6,0,0,0,0.0,0.0,8.0,Low
PROJ-618178,Widening and strengthening of Gangakhed to Kingaon section of NH-752K in Km 38/750 to 72/304 Flexible Pavement Length33.554 km to 2-lane configuration on EPC mode in the State of Maharashtra.,Roads & Highways,Ministry of Road Transport & Highways,Maharashtra,Mumbai,MoRTH,163.0,163.0,0.0,28,33,2024-02-12,2026-06-03,2026-10-30,72.0,0.0,Ashoka Buildcon Ltd,1,State,Not Started,Pending,Pending,Not Started,Open,3,2026-07-23,5.8,1,0,1,0.0,17.86,23.4,Low
PROJ-618206,Widening and Strengthening of Rafiabad-Kupwara-Chowkibal-Tangdhar-Chamkot NH-701 road from design Ch. From 0000 to 51000 to two lanes with paved shoulders under Project Beacon in the UT of Jammu & Kashmir on EPC mode Package-I.,Roads & Highways,Ministry of Road Transport & Highways,Jammu and Kashmir,Jammu,MoRTH,1405.0,1405.0,160.59,38,38,2024-03-11,2027-05-08,2027-05-08,42.0,11.43,GMR Infrastructure,0,Central,Partial,Not Required,Obtained,Complete,Limited,0,2026-02-20,8.8,0,0,0,0.0,0.0,8.0,Low
PROJ-618201,"Widening and strengthening to 2 lane with paved shoulder from existing Ch. Km 56720 to Km 100820 and Design Ch. From Km 62600 to Km 106360 Total Length43.760 Km on SRINAGAR -BARAMULA URINH-01 in the UT of Jammu & Kashmir under project BEACON, Border Roads Organization BRO on EPC mode.",Roads & Highways,Ministry of Road Transport & Highways,Jammu and Kashmir,Srinagar,MoRTH,702.0,702.0,0.0,38,46,2023-09-11,2026-11-17,2027-06-30,51.0,0.0,NCC Limited,4,Central,Partial,Obtained,Obtained,Complete,Limited,4,2026-03-21,4.2,0,0,1,0.0,21.05,21.6,Low
PROJ-618106,Widening and Strengthening to 2/4 lane with paved shoulders of Mahabubnagar Chincholi section from Km 0/0 to Km 60/255 of NH-167N in the state of Telangana under Annual plan 2021-22 on EPC modepackage-I under NHO Job No.167N-TS-2021-22-75,Roads & Highways,Ministry of Road Transport & Highways,Telangana,Hyderabad,MoRTH,704.0,704.0,304.65,70,70,2022-01-24,2027-11-14,2026-03-31,91.0,43.27,GMR Infrastructure,0,State,Complete,Obtained,Obtained,Complete,Open,0,2026-08-01,9.1,0,0,0,0.0,0.0,8.0,Low
PROJ-617920,Widening and Strengthening to 2LPS including LA from km 318.970 to 353.450 Balikuda-Mulkani Section of NH-55 under NHO in Annual Plan 2022-23 in the State of Odisha. Job No. NH-55-OD-2022-23-656,Roads & Highways,Ministry of Road Transport & Highways,Odisha,Bhubaneswar,MoRTH,512.0,512.0,7.64,64,64,2022-01-24,2027-06-02,2027-06-02,3.0,1.49,NCC Limited,0,State,Complete,Obtained,Obtained,Complete,Limited,0,2026-04-12,8.1,0,0,0,0.0,0.0,8.0,Low
PROJ-617921,Widening and strengthening to 2LPS including LA of Kandarpur-Balikuda from km 277/500 to 318/970 of NH-55 in the State of Odisha under Annual Plan 2021-22.,Roads & Highways,Ministry of Road Transport & Highways,Odisha,Bhubaneswar,MoRTH,500.0,500.0,131.36,38,56,2022-03-24,2025-06-04,2026-11-24,66.0,26.27,Ashoka Buildcon Ltd,4,State,Not Started,Obtained,Pending,Partial,Single,3,2026-05-03,4.0,3,0,1,0.0,47.37,41.0,Medium
PROJ-618105,Widening and strengthening to 4 lane / 2-lane with paved shoulders of Mahabubnagar - Chincholi section from km 60/255 to Km 102/834 of NH-167N in the State of Telangana on EPC mode.,Roads & Highways,Ministry of Road Transport & Highways,Telangana,Hyderabad,MoRTH,631.0,631.0,125.34,43,56,2022-03-07,2025-10-08,2026-11-02,47.0,19.86,IRB Infrastructure Developers,4,Central,Not Started,Pending,Pending,Partial,Limited,3,2026-05-28,6.3,1,0,1,0.0,30.23,32.0,Low
PROJ-617899,Widening and Strengthening to 4LPS/2LPS from km 0.000 to 35.800 Kuakhia - Mangalpur section of NH 20 in the state of Odisha on Annual Plan 2021-22,Roads & Highways,Ministry of Road Transport & Highways,Odisha,Bhubaneswar,MoRTH,636.0,636.0,296.5,46,56,2022-03-31,2026-02-06,2026-11-30,56.0,46.62,IRB Infrastructure Developers,1,Central,Partial,Obtained,Pending,Partial,Limited,5,2026-02-05,6.0,0,0,1,0.0,21.74,20.5,Low
PROJ-618264,"Widening and Strengthening to two Lane with Paved Shoulder/Four Lane with paved shoulder configuration from km. 61.500 of NH-727B near Nawalpur km 178.500 of Sonauli Balia Marg, Old SH-01 i.e. end point of Salempur Bypass to km. 106.495 of NH-727B near Sikanderpur under EPC mode",Roads & Highways,Ministry of Road Transport & Highways,Himachal Pradesh,Bilaspur,MoRTH,2062.0,2062.0,222.2,60,60,2023-05-17,2028-05-30,2028-05-30,41.0,10.78,Shapoorji Pallonji Co,1,State,Complete,Obtained,Obtained,Complete,Limited,1,2026-08-07,7.4,1,0,0,0.0,0.0,8.0,Low
PROJ-618222,Widening and Strengthening up gradation to 2 lane with paved shoulder from existing chainage Km 192.98 to Km 229.820 design chainage Km 162.800 to Km 198.18 under 31 BRTF on Akhnoor-Poonch Road NH-144A in the UT of Jammu and Kashmir under Project Sampark Border Roads Organisation BRO on EPC Mode Package-VIII Job No NH-144A-J&K-2022-2023-111,Roads & Highways,Ministry of Road Transport & Highways,Jammu and Kashmir,Jammu,MoRTH,562.0,562.0,158.68,39,54,2022-10-06,2026-01-04,2027-03-31,71.0,28.23,Patel Engineering,1,State,Not Started,Obtained,Not Required,Partial,Limited,2,2026-06-13,4.0,3,0,1,0.0,38.46,30.1,Low
PROJ-618380,Widening and Up-gradation to 2- Lane with Paved Shoulder Configuration and geometric improvement from Km. 125. 000 to Km 166 Package-3 on Aizawl Tuipang Section of NH-54 in the State of Mizoram Package-3,Roads & Highways,Ministry of Road Transport & Highways,Mizoram,Aizawl,NHIDCL,867.0,867.0,525.13,43,81,2019-09-30,2023-04-24,2026-06-30,98.0,60.57,Hindustan Construction Company (HCC),1,Externally Aided,Partial,Pending,Obtained,Partial,Single,2,2026-01-12,6.1,0,0,1,0.0,88.37,40.4,Medium
PROJ-618379,Widening and Up-gradation to 2- Lane with Paved Shoulder Configuration and geometric improvement from Km. 208. 000 to Km 250.000 Package-5 on Aizawl Tuipang Section of NH-54 in the State of Mizoram Package-5,Roads & Highways,Ministry of Road Transport & Highways,Mizoram,Aizawl,NHIDCL,753.0,753.0,125.64,43,81,2019-09-30,2023-04-24,2026-06-30,95.0,16.69,Larsen & Toubro Ltd,4,Central,Not Started,Pending,Pending,Partial,Open,3,2026-07-22,6.0,0,0,1,0.0,88.37,49.2,Medium
PROJ-618383,Widening and up-gradation to 2-lane with paved shoulder configuration and geometric improvements from km 339.00 to km 380.00 Siaha on Aizawl-Tuipang section under JICA ODA Loan assistance Phase-I Package-8,Roads & Highways,Ministry of Road Transport & Highways,Mizoram,Aizawl,NHIDCL,637.0,637.0,547.01,48,81,2019-09-30,2023-09-15,2026-06-30,100.0,85.87,Adani Infra Ltd,3,PPP,Not Started,Pending,Not Required,Partial,Open,2,2026-07-05,4.3,3,0,1,0.0,68.75,48.7,Medium
PROJ-618397,Widening and Up-gradation to 2-Lane with Paved Shoulder of configuration and geometric improvement from Km 0.000 to Km 16.990 on Chenani Sudhmahadev section of NH-244 in UT of Jammu and Kashmir to be executed on EPC basis,Roads & Highways,Ministry of Road Transport & Highways,Jammu and Kashmir,Jammu,NHIDCL,256.0,256.0,239.96,32,93,2018-03-14,2020-11-21,2025-12-15,94.0,93.73,Hindustan Construction Company (HCC),4,Central,Complete,Pending,Pending,Not Started,Open,5,2026-08-03,5.0,0,0,1,0.0,190.62,48.5,Medium
PROJ-617997,Widening of existing 2 lane to 4 lane with paved shoulder from Designed km 25.15 to km 56.70 Except Km 52.70 to 53.50 of NH-169 Nellisara Camp to Thirthahalli of NH-169 on Shimoga-Mangalore section in the state of Karnataka on EPC mode under Annual plan 2022-23 NH-169-KNT-2022-23-978 dated 08.03.2023,Roads & Highways,Ministry of Road Transport & Highways,Karnataka,Bengaluru,MoRTH,539.0,539.0,20.63,60,60,2023-03-08,2028-02-24,2028-02-24,6.0,3.83,Shapoorji Pallonji Co,0,State,Complete,Obtained,Not Required,Complete,Single,0,2026-01-24,7.0,0,0,0,0.0,0.0,8.0,Low
PROJ-619183,Widening of Existing Road from Intermediate Lane 2-lane to 4-lane Between Km 19.994 to Km 35.180 of NH-848A Rakholi-Khadoli-Velugam Section in U.T. of Dadra and Nagar Haveli and Daman and Diu,Roads & Highways,Ministry of Road Transport & Highways,Maharashtra,Mumbai,MoRTH,198.0,239.57,77.74,45,47,2022-10-14,2026-06-30,2026-08-31,80.0,32.45,Ashoka Buildcon Ltd,3,PPP,Not Started,Pending,Pending,Complete,Open,5,2026-03-26,4.3,2,1,0,20.99,4.44,31.1,Low
PROJ-618193,Widening of Existing Road to Two Lane with Paved Shoulder Configuration from Km 0.00 to 26.000 & Km 45.200 To 59.622 Of NH 365BB in the State of Andhra Pradesh Under Annual Plan 2023-24 through EPC Mode,Roads & Highways,Ministry of Road Transport & Highways,Andhra Pradesh,Visakhapatnam,MoRTH,369.0,369.0,76.12,35,35,2024-01-17,2026-12-23,2026-12-31,46.0,20.63,NCC Limited,0,Central,Complete,Obtained,Obtained,Complete,Single,0,2026-01-24,9.0,0,0,0,0.0,0.0,8.0,Low
PROJ-617886,Widening of existing Single lane / Intermediate lane road to 2 lane from Km 101 to Km 125 of NH 61,Roads & Highways,Ministry of Road Transport & Highways,Karnataka,Mangaluru,MoRTH,252.0,252.0,0.0,72,82,2020-06-23,2026-06-17,2027-04-17,44.0,0.0,Megha Engineering (MEIL),1,Central,Complete,Obtained,Obtained,Complete,Single,1,2026-04-17,9.7,0,0,0,0.0,13.89,9.2,Low
PROJ-617901,Widening of Pachpadra-Bagundi Section to 4 Lane from Km 73/60 to 95/70 of NH-25 on EPC mode in the state of Rajasthan.,Roads & Highways,Ministry of Road Transport & Highways,Rajasthan,Jaipur,MoRTH,195.0,195.0,55.29,35,54,2022-01-13,2024-12-11,2026-07-15,99.0,28.35,Dilip Buildcon Ltd,4,Central,Not Started,Obtained,Obtained,Partial,Limited,2,2026-06-26,7.0,3,0,1,0.0,54.29,42.1,Medium
PROJ-618797,"Widening Strengthening of 2-Lane with Paved Shoulder from MyajlarJaisalmer from Design Chainage 0000 to 98350 Section of NH-11 & SundraMyajlarAmbasingh ki Dhani Road from Design Chainage 46000 to 81601, part of MunabaoTanot Road Section of NH-70 along with Strengthening/Widening of Existing Connection of NH-70 & NH-11 of length 0.914 km in the State of Rajasthan under NHO on Hybrid Annuity Mode",Roads & Highways,Ministry of Road Transport & Highways,Rajasthan,Jaipur,NHAI,1238.0,927.02,94.08,33,33,2025-03-26,2027-12-18,2027-12-18,21.0,7.6,KNR Constructions Ltd,1,Central,Complete,Obtained,Obtained,Complete,Open,0,2026-05-27,7.2,0,0,0,0.0,0.0,8.0,Low
PROJ-618337,Widening to 2 -Lane with Paved shoulder of Imphal to Jiribam section of NH-37 from Design Chainage 33.000 km to 66.390 Km Existing Chainage from km 33.395 to km 67.496 on EPC Mode in Manipur PKG-3,Roads & Highways,Ministry of Road Transport & Highways,Manipur,Imphal,NHIDCL,467.0,467.0,593.79,24,59,2021-03-31,2023-03-19,2026-03-02,86.0,100.0,IRCON International,2,Central,Not Started,Obtained,Not Required,Complete,Open,4,2026-01-04,5.8,1,0,1,0.0,145.83,49.9,Medium
PROJ-618336,Widening to 2 -Lane with Paved shoulder of Imphal to Jiribam section of NH-37 from Design Chainage 66.110 km to 101.280 Km Existing Chainage km 67.496 to km 103.557 on EPC Mode in Manipur PKG-4,Roads & Highways,Ministry of Road Transport & Highways,Manipur,Imphal,NHIDCL,580.0,580.0,408.21,28,64,2021-09-02,2023-12-29,2026-12-31,86.0,70.38,Dilip Buildcon Ltd,4,Central,Not Started,Obtained,Not Required,Partial,Open,1,2026-03-05,6.4,2,0,1,0.0,128.57,46.3,Medium
PROJ-618039,Widening to 2 Lane from Existing Chainage Km 74.700 Km 100.660 Design Chainage Km 53.365 to Km 78.785 on NH- 507 in the State of Uttarakhand.,Roads & Highways,Ministry of Road Transport & Highways,Uttarakhand,Dehradun,MoRTH,347.0,347.0,0.0,51,51,2024-01-25,2028-04-23,2028-04-23,32.0,0.0,Ashoka Buildcon Ltd,0,State,Partial,Not Required,Obtained,Complete,Open,0,2026-08-01,9.0,1,0,0,0.0,0.0,8.0,Low
PROJ-618364,"Widening to 2 Lane with Hard shoulder of Akegwo-Avangkhu section of NH-202K for Package-I Design Chainage 0000 Km to 34795 Km, in the State of Nagaland on EPC mode under NH O-NE",Roads & Highways,Ministry of Road Transport & Highways,Nagaland,Kohima,NHIDCL,430.0,430.0,0.0,38,38,2022-12-16,2026-02-23,2026-02-23,87.0,0.0,IRCON International,1,State,Complete,Obtained,Not Required,Complete,Limited,1,2026-02-04,9.4,0,0,0,0.0,0.0,8.0,Low
PROJ-618366,Widening to 2 Lane with Hard shoulder of Akegwo-Avangkhu section of NH-202K for Package-II Design Chainage 34795 Km to 69875 Km in the State of Nagaland on EPC mode under NHO-NE,Roads & Highways,Ministry of Road Transport & Highways,Nagaland,Kohima,NHIDCL,443.0,443.0,0.0,38,38,2022-12-16,2026-02-23,2026-02-23,58.0,0.0,GMR Infrastructure,0,Externally Aided,Complete,Not Required,Not Required,Complete,Limited,0,2026-03-19,8.2,0,0,0,0.0,0.0,8.0,Low
PROJ-618365,Widening to 2 Lane with Hard shoulder of Akegwo-Avangkhu section of NH-202K for Package-III Design Chainage 69875 Km to 106816 Km in the State of Nagaland on EPC mode under NHO-NE,Roads & Highways,Ministry of Road Transport & Highways,Nagaland,Kohima,NHIDCL,497.0,497.0,0.0,38,38,2022-12-16,2026-02-25,2026-02-25,86.0,0.0,Hindustan Construction Company (HCC),1,PPP,Complete,Obtained,Obtained,Complete,Single,0,2026-04-07,8.3,0,0,0,0.0,0.0,8.0,Low
PROJ-618122,Widening to 2 lane with paved shoulded of Jareikela Jharkhand/Odisha Border - Dhabaleswar section from 0/0 to 36/0 of NH-320D in the State of Odisha under Annual Plan 2021-22.,Roads & Highways,Ministry of Road Transport & Highways,Odisha,Bhubaneswar,MoRTH,172.0,172.0,7.42,55,55,2022-03-22,2026-10-13,2026-10-13,34.0,4.31,Patel Engineering,0,PPP,Complete,Obtained,Obtained,Complete,Single,0,2026-07-19,9.8,0,0,0,0.0,0.0,8.0,Low
PROJ-618335,Widening to 2 Lane with Paved shoulder of lmphal to Jiribam section of NH-37 from Design Ch. from Km 101280 Near Khongsang Village to Km 131280 near Puilon Kambiron Village on EPC Mode in Manipur PKG-5,Roads & Highways,Ministry of Road Transport & Highways,Manipur,Imphal,NHIDCL,411.0,411.0,382.67,29,61,2021-12-03,2024-05-12,2026-12-31,91.0,93.11,KNR Constructions Ltd,3,PPP,Not Started,Pending,Pending,Complete,Open,2,2026-01-30,6.4,3,0,1,0.0,110.34,51.1,Medium
PROJ-618334,Widening to 2 Lane with Paved shoulder of lmphal to Jiribam section of NH-37 from Design Ch. from km 131.280 to km 169.570 on EPC mode in Manipur under NHO-TSP PKG-6,Roads & Highways,Ministry of Road Transport & Highways,Manipur,Imphal,NHIDCL,505.0,505.0,325.89,38,61,2021-12-13,2025-02-06,2026-12-31,95.0,64.53,NCC Limited,2,Externally Aided,Not Started,Pending,Obtained,Partial,Single,5,2026-08-08,4.0,2,0,1,0.0,60.53,45.8,Medium
PROJ-618333,Widening to 2 lane with Paved shoulder of lmphal to Jiribam section of NH-37 from Design Ch. from km 169570 Near Nungkao vlllage under Tamenglong District to km 205974 near Jiribam Bridge under Jiribam district under NHO-NE PKG-7,Roads & Highways,Ministry of Road Transport & Highways,Telangana,Ramagundam,NHIDCL,760.0,760.0,428.13,36,47,2023-01-03,2025-12-28,2026-12-17,93.0,56.33,Dilip Buildcon Ltd,3,Central,Not Started,Pending,Pending,Complete,Single,4,2026-05-16,6.5,1,0,1,0.0,30.56,31.7,Low
PROJ-618130,Widening to 2 lane with paved shoulders from 0.00 to 32.970 ofAdilabadto Bela section of NH 353B in the State of Telangana,Roads & Highways,Ministry of Road Transport & Highways,Telangana,Hyderabad,MoRTH,491.0,491.0,149.79,42,50,2022-10-26,2026-05-03,2026-12-30,79.0,30.51,KNR Constructions Ltd,2,PPP,Partial,Obtained,Pending,Not Started,Open,1,2026-07-22,4.3,2,0,1,0.0,19.05,20.8,Low
PROJ-618147,Widening to 2 Lane with Paved Shoulders from design Km 103.200 Existing Km 103.200 to design Km 116.700 Existing Km 118.470 on AP/KNT Border to Sira Section of NH-544E in the State of Karnatakaon EPC mode under Annual plan 2022-23,Roads & Highways,Ministry of Road Transport & Highways,Karnataka,Bengaluru,MoRTH,167.0,167.0,46.69,32,44,2023-01-13,2025-09-09,2026-08-31,65.0,27.96,Larsen & Toubro Ltd,4,Externally Aided,Complete,Obtained,Not Required,Not Started,Open,1,2026-05-12,4.7,1,0,1,0.0,37.5,28.0,Low
PROJ-618183,Widening to 2 lane with paved shoulders from Km 62/920 to km 106/830 of Medak - Yellareddy section in the State of Telangana under Annual Plan 2022-23 on EPC mode under NHO,Roads & Highways,Ministry of Road Transport & Highways,Telangana,Hyderabad,MoRTH,399.0,399.0,146.04,46,46,2022-10-14,2026-08-08,2026-08-20,71.0,36.6,IRB Infrastructure Developers,0,PPP,Complete,Not Required,Obtained,Partial,Open,0,2026-02-02,9.1,0,0,0,0.0,0.0,8.0,Low
PROJ-618196,Widening to 2 lane with Paved Shoulders of Siddipet-Elkathurthy section from Km 69/978 to km 133/619 of NH-765DG in the State of Telangana under Annual plan 2021-22 on EPC mode,Roads & Highways,Ministry of Road Transport & Highways,Telangana,Hyderabad,MoRTH,579.0,579.0,0.0,32,59,2022-01-18,2024-09-12,2026-12-15,85.0,0.0,Patel Engineering,4,Central,Partial,Pending,Not Required,Partial,Limited,1,2026-06-07,6.6,1,0,1,0.0,84.38,44.7,Medium
PROJ-618197,Widening to 2 lane with Paved Shoulders of Medak - Siddipet section from Km 0/0 to km 69/978 of NH-765DG in the State of Telangana under Annual plan 2021-22 on EPC mode,Roads & Highways,Ministry of Road Transport & Highways,Telangana,Hyderabad,MoRTH,882.0,882.0,383.75,36,59,2022-01-20,2025-01-30,2026-12-31,74.0,43.51,Larsen & Toubro Ltd,3,State,Partial,Obtained,Obtained,Complete,Single,1,2026-02-03,4.0,1,0,1,0.0,63.89,40.3,Medium
PROJ-618070,Widening to 2 Lanes with paved shoulders from Km.87/000 to 133/720 Nattukal to Thanau Jn. in Palakkad of NH-966 Old NH-213 on EPC mode Basis under NHO Annual Plan 2016-17 in the state of Kerala,Roads & Highways,Ministry of Road Transport & Highways,Kerala,Palakkad,MoRTH,294.0,315.63,0.0,30,113,2017-02-10,2019-08-22,2026-06-30,98.0,0.0,Patel Engineering,4,PPP,Partial,Pending,Obtained,Complete,Single,5,2026-05-30,4.2,2,0,1,7.36,276.67,52.2,Medium
PROJ-618207,Widening to 2-lane with Hard Shoulder configuration of Mana Ch. 0.00 to Mana Pass Ch. 50.987 road on NH-07 under Bharatmala Pariyojna in the state of Uttarakhand under Annual Plan 2022-23 length 50.987,Roads & Highways,Ministry of Road Transport & Highways,Uttarakhand,Dehradun,MoRTH,574.0,574.0,0.0,59,71,2022-10-19,2027-10-03,2028-10-03,21.0,0.0,Patel Engineering,4,State,Partial,Pending,Pending,Partial,Open,5,2026-08-04,6.8,2,0,1,0.0,20.34,26.8,Low
PROJ-618345,Widening to 2-lane with Hard shoulder of Churachandpur to Tuivai Section from Km 48.587 to Km 69.875 in the State of Manipur on EPC mode under NHO Package-2B,Roads & Highways,Ministry of Road Transport & Highways,Manipur,Churachandpur,NHIDCL,366.0,366.0,198.28,26,74,2020-06-18,2022-08-04,2026-08-31,88.0,54.17,Hindustan Construction Company (HCC),4,Central,Complete,Pending,Pending,Partial,Open,3,2026-06-29,6.0,3,0,1,0.0,184.62,48.2,Medium
PROJ-618344,Widening to 2-lane with Hard shoulder of Churachandpur to Tuivai Section of NH-102B from Design Chainage 69.875 Km to 121.769 Km in the State of Manipur on EPC mode Package-3,Roads & Highways,Ministry of Road Transport & Highways,Manipur,Churachandpur,NHIDCL,673.0,673.0,563.39,29,69,2021-03-31,2023-08-24,2026-12-31,86.0,83.71,Larsen & Toubro Ltd,3,PPP,Complete,Obtained,Not Required,Not Started,Limited,3,2026-02-14,5.7,1,0,1,0.0,137.93,43.1,Medium
PROJ-618347,Widening to 2-lane with Hard shoulder of Churachandpur to Tuivai Section of NH-102B from km 13.747 to km 32.835 in the State of Manipur on EPC mode under NHO Package-1B,Roads & Highways,Ministry of Road Transport & Highways,Manipur,Churachandpur,NHIDCL,242.0,242.0,164.85,26,76,2020-04-27,2022-06-30,2026-08-31,100.0,68.12,IRCON International,1,Externally Aided,Complete,Obtained,Not Required,Not Started,Open,5,2026-07-21,3.7,1,0,1,0.0,192.31,42.2,Medium
PROJ-618346,Widening to 2-lane with Hard shoulder of Churachandpur to Tuivai Section of NH-102B from km 32.835 to km 48.587 in the State of Manipur on EPC mode under NHO Package-2A,Roads & Highways,Ministry of Road Transport & Highways,Manipur,Churachandpur,NHIDCL,233.0,233.0,155.44,26,76,2020-04-27,2022-06-30,2026-08-31,100.0,66.71,PNC Infratech Ltd,1,Externally Aided,Partial,Pending,Pending,Not Started,Open,4,2026-05-22,6.7,0,0,1,0.0,192.31,45.6,Medium
PROJ-618084,Widening to 2-lane with paved shoulder from km 0.00 to 44.00 Kuru-Ghaghra section of NH-143A including re-construction of culverts and bridges.,Roads & Highways,Ministry of Road Transport & Highways,Odisha,Berhampur,MoRTH,153.0,133.67,100.77,42,81,2020-02-14,2023-08-08,2026-10-31,95.0,65.86,IRCON International,1,Central,Complete,Pending,Not Required,Partial,Limited,5,2026-07-11,5.4,1,0,1,0.0,92.86,42.2,Medium
PROJ-618338,Widening to 2-Lane with Paved shoulder of Imphal to Jiribam section of NH-37 from Design Chainage 15.940 km to 33.120 Km Existing Chainage Km 15.946 to Km 33.395 Total length17.180 Km in the State of Manipur on EPC mode PKG-2 - Balance Works & Rectification works,Roads & Highways,Ministry of Road Transport & Highways,Manipur,Imphal,NHIDCL,195.0,195.0,162.71,60,67,2021-03-31,2026-03-18,2026-10-31,93.0,83.44,NCC Limited,0,Central,Complete,Obtained,Obtained,Partial,Open,0,2026-06-24,9.7,0,0,0,0.0,11.67,8.0,Low
PROJ-618000,Widening to 2-Lane with Paved Shoulders from Km 116.800 to 149.070Design Changes on Hosadurga - Holalkere Section of NH-173 in the State of Karnataka on EPC mode under Annual Plan 2021-22 Job no. NH-173-KNT-2021-22-946,Roads & Highways,Ministry of Road Transport & Highways,Karnataka,Bengaluru,MoRTH,170.0,147.39,111.33,23,51,2022-03-30,2024-02-24,2026-06-30,100.0,65.49,Adani Infra Ltd,1,Central,Complete,Obtained,Obtained,Partial,Open,2,2026-05-14,5.2,3,0,1,0.0,121.74,40.1,Medium
PROJ-617927,Widening to 2LPS between Km 0/0 to 56/0 Khokhara Gujarat Border Vijayanagar Antrasuba Mathasur road of NH 58 in the State of Gujarat,Roads & Highways,Ministry of Road Transport & Highways,Gujarat,Ahmedabad,MoRTH,699.0,699.0,0.0,42,42,2024-03-15,2027-09-22,2027-09-22,36.0,0.0,Patel Engineering,0,State,Complete,Not Required,Obtained,Partial,Single,1,2026-04-14,7.1,1,0,0,0.0,0.0,8.0,Low
PROJ-618185,Widening to 2LPS from Km 0.000 to 37.850 Except Ex. Km 24.45 to 27.20 of NH-766c Byndoor-Ranebennur Section in the state of Karnataka on EPC Mode under Annual Plan 2022-23 NH-766C-KNT-2022-23-969 dated 30.12.2022,Roads & Highways,Ministry of Road Transport & Highways,Karnataka,Bengaluru,MoRTH,395.0,395.0,15.68,55,55,2022-12-30,2027-08-07,2027-08-06,12.0,3.97,KNR Constructions Ltd,0,State,Partial,Obtained,Obtained,Complete,Single,0,2026-07-11,9.7,0,0,0,0.0,0.0,8.0,Low
PROJ-617999,Widening to 2LPS from Km 67 to Km 115 on Kadur-Hosadurga section NH 173 in the state of Karnataka NH-173-KNT-2022-23-980 dated 13.03.2023,Roads & Highways,Ministry of Road Transport & Highways,Karnataka,Bengaluru,MoRTH,472.0,472.0,91.74,38,50,2023-03-13,2026-05-18,2027-04-30,70.0,19.44,PNC Infratech Ltd,4,State,Complete,Pending,Pending,Partial,Open,5,2026-01-09,4.7,2,0,1,0.0,31.58,30.5,Low
PROJ-618027,Widening to 2LPS from Km 71.00 to 104.00 Existing chainages Sarjapur to Pattadkallu on Bhanapur to Gaddanakeri section NH-367 in the State of Karnataka under NHO on EPC mode under Annual Plan 2022-23 NH-367-KNT-2022-23-972 dated 08.02.2023,Roads & Highways,Ministry of Road Transport & Highways,Karnataka,Bengaluru,MoRTH,446.0,446.0,198.15,37,47,2023-02-09,2026-03-15,2026-12-31,90.0,44.43,Larsen & Toubro Ltd,3,State,Partial,Obtained,Pending,Not Started,Single,4,2026-03-21,5.7,1,0,1,0.0,27.03,27.7,Low
PROJ-618109,Widening to 4 lane from Km 51.60 to 76.20 Hebri to Parkala and from Km 85.20 to 88.90 Karavali junction to Malpe of Thirthahalli-Udupi-Malpe Section of NH-169A in the State of Karnataka on EPC Mode under Annual plan 2021-22 Job No. NH-169A-KNT-2021-22-927,Roads & Highways,Ministry of Road Transport & Highways,Karnataka,Bengaluru,MoRTH,356.0,356.0,217.46,35,59,2022-01-12,2024-12-26,2026-11-30,88.0,61.08,Patel Engineering,2,Central,Not Started,Obtained,Not Required,Not Started,Limited,4,2026-01-06,3.7,3,0,1,0.0,68.57,49.1,Medium
PROJ-618249,Widening to 4 lane from km. 108.50 to km 139.00 of NH-135A Pkg-II Jaunpur Akbarpur section on Hybrid Annuity Mode in the state of Uttar Pradesh,Roads & Highways,Ministry of Road Transport & Highways,Uttar Pradesh,Lucknow,MoRTH,1512.0,1512.0,0.0,48,48,2023-03-29,2027-03-29,2027-03-29,40.0,0.0,Shapoorji Pallonji Co,1,Externally Aided,Complete,Obtained,Obtained,Complete,Open,0,2026-08-10,8.2,0,0,0,0.0,0.0,8.0,Low
PROJ-618029,Widening to 4 lane from Km. 133.00 to 158.04 design Chainage Km. 130.88 to 155.145 Shirur Cross to Gaddankeri of NH-367 in the State of Karnataka on EPC mode. Job No. NH-367-KNT-2021-22-930,Roads & Highways,Ministry of Road Transport & Highways,Karnataka,Bengaluru,MoRTH,351.0,312.06,203.12,36,62,2022-01-24,2025-01-17,2027-03-31,83.0,57.87,Afcons Infrastructure,4,Central,Not Started,Obtained,Not Required,Not Started,Open,1,2026-07-18,4.3,3,0,1,0.0,72.22,49.1,Medium
PROJ-618248,Widening to 4 lane from km. 139.00 to km 179.20 of NH-135A Pkg-III Jaunpur Akbarpur section and Akbarpur bypass on Hybrid Annuity Mode in the state of Uttar Pradesh.,Roads & Highways,Ministry of Road Transport & Highways,Uttar Pradesh,Lucknow,MoRTH,1653.0,1653.0,0.0,56,56,2023-05-31,2028-01-15,2028-01-15,22.0,0.0,KNR Constructions Ltd,0,Externally Aided,Complete,Obtained,Obtained,Complete,Open,0,2026-01-14,7.2,0,0,0,0.0,0.0,8.0,Low
PROJ-618151,Widening to 4LPS of NH-548B from Km 118.450 Near Shirguppi to Km 128.450 Near Ankali in the State of Karnataka under NH O on EPC Mode Under Annual Plan 2022-23 NH-548B-KNT-2022-23-982,Roads & Highways,Ministry of Road Transport & Highways,Karnataka,Bengaluru,MoRTH,1084.0,1084.0,1.71,75,75,2023-03-14,2029-05-29,2029-05-29,0.0,0.16,IRB Infrastructure Developers,1,PPP,Complete,Obtained,Obtained,Complete,Open,0,2026-03-25,8.6,0,0,0,0.0,0.0,8.0,Low
PROJ-618148,Widening to 4LPS of NH-548B from Km 80.000 Near Murgundi to Km 140.200 Near Chikkodi excluding length from Km 118.450 to Km 128.450 in the State of Karnataka under NH O on EPC Mode under Annual Plan 2022-23 - Package 1 NH-548B-KNT-2022-23-979 dated 09.03.2023,Roads & Highways,Ministry of Road Transport & Highways,Karnataka,Bengaluru,MoRTH,786.0,786.0,6.15,62,62,2023-03-09,2028-04-23,2028-04-23,0.0,0.78,GMR Infrastructure,1,Central,Complete,Obtained,Not Required,Complete,Open,0,2026-01-22,9.2,0,0,0,0.0,0.0,8.0,Low
PROJ-619087,Widening to 6L of Existing 4L Jetpur - Gondal - Rajkot Section from Km. 117.600 to Km. 185.00 on NH-27,Roads & Highways,Ministry of Road Transport & Highways,Gujarat,Rajkot,NHAI,2070.0,1390.29,1117.01,42,58,2022-03-21,2025-09-26,2027-01-31,77.0,53.96,Tata Projects Ltd,3,Central,Complete,Obtained,Obtained,Complete,Single,3,2026-06-30,4.5,2,0,1,0.0,38.1,28.2,Low
PROJ-617998,Widening to existing 2 lane with paved Shoulder to 4 Lane with paved shoulder from design Km 153.00 to 168.27 Mala Gate to Karkala of NH -169 on Shimoga - Mangalore section in the state of Karnataka on EPC mode under Annula Plan 2021-22 Job No. NH-169-KNT-2021-22-949,Roads & Highways,Ministry of Road Transport & Highways,Karnataka,Bengaluru,MoRTH,178.0,178.0,115.6,35,56,2022-03-30,2025-02-13,2026-11-30,83.0,64.94,NCC Limited,4,Central,Complete,Pending,Not Required,Partial,Open,2,2026-03-08,3.6,2,0,1,0.0,60.0,41.3,Medium
PROJ-618072,Widening to Existing single lane /intermediate lane to 2 lane from Km185.00 to Km 220.00 of NH-61 New NH-02 in the state of Nagaland.,Roads & Highways,Ministry of Road Transport & Highways,Nagaland,Kohima,MoRTH,297.0,297.0,155.15,40,60,2021-03-31,2024-07-20,2026-03-31,100.0,52.24,Hindustan Construction Company (HCC),2,State,Not Started,Obtained,Obtained,Not Started,Open,4,2026-04-15,7.0,1,0,1,0.0,50.0,38.5,Medium
PROJ-617964,"Widening to Four Lane rigid pavement configuration from Km 90.00 to Km 100.800 on NH-96 Km 42.0 to Km 53.300 as per new NH-330,design length of 11.300 km under EPC mode in the state of Uttar Pradesh.",Roads & Highways,Ministry of Road Transport & Highways,Uttar Pradesh,Lucknow,MoRTH,310.0,310.0,41.92,47,47,2022-12-01,2026-11-10,2026-11-10,31.0,13.52,Patel Engineering,1,Externally Aided,Complete,Obtained,Obtained,Complete,Open,1,2026-04-10,8.8,0,0,0,0.0,0.0,8.0,Low
PROJ-618168,Widening to four lane with paved shoulder from Design Km.49.200 to Km.89.285 of NH-731B on EPC mode in the state of Uttar Pradesh,Roads & Highways,Ministry of Road Transport & Highways,Uttar Pradesh,Lucknow,MoRTH,918.0,965.3,134.41,46,58,2022-03-31,2026-01-14,2027-01-31,56.0,13.92,NCC Limited,2,State,Not Started,Pending,Not Required,Complete,Open,5,2026-03-11,4.1,2,0,1,5.15,26.09,31.0,Low
PROJ-618087,Widening to intermediate/two lane to 2 lane with paved shoulder from Existing chanages Km 112.750 to 142.00 Liingasur to Mudabal cross & from Km. 147.070 to Km. 149.070 Maski city limit of Jewargi Chamrajnagar setion of NH-150A in the state of Karnataka on EPC mode. Job No. NH-150A-KNT-2021-22-951,Roads & Highways,Ministry of Road Transport & Highways,Karnataka,Bengaluru,MoRTH,256.0,256.0,185.27,28,53,2022-03-30,2024-07-17,2026-08-31,96.0,72.37,Tata Projects Ltd,2,PPP,Complete,Obtained,Obtained,Partial,Limited,4,2026-01-29,5.4,1,0,1,0.0,89.29,41.0,Medium
PROJ-618189,Widening to two lane with paved shoulder of NH-73New spur road Ujire - Dharmasthala - Periyashanthi in the State of Karnataka under NHO on HAM Mode Job No. NH-73Spur-KNT-2023-24-996,Roads & Highways,Ministry of Road Transport & Highways,Karnataka,Bengaluru,MoRTH,614.0,614.0,66.04,46,46,2024-01-08,2027-11-04,2027-11-04,25.0,10.76,Larsen & Toubro Ltd,0,Central,Complete,Obtained,Obtained,Complete,Single,0,2026-04-28,7.5,0,0,0,0.0,0.0,8.0,Low
PROJ-618182,Widening to Two lane with paved shoulders from 106/830 to 158/496 of Yellareddy-Rudrur Section of NH-765D in the state of Telangana on EPC mode under NHO under Annual plan 2022-23,Roads & Highways,Ministry of Road Transport & Highways,Telangana,Hyderabad,MoRTH,500.0,500.0,207.08,45,55,2022-10-14,2026-07-06,2027-05-21,69.0,41.42,Ashoka Buildcon Ltd,1,PPP,Complete,Obtained,Not Required,Complete,Single,5,2026-02-19,6.2,0,0,1,0.0,22.22,17.0,Low
PROJ-618086,"Widening to Two Lane with Paved Shoulders from KB Cross to Chunchanahalli ie., Design Ch. 485240 Km Existing Km 494.000 to Design Ch. 523393 Km Existing km 533.152 & From Design Ch. 530393 Existing Km 540.175 to Design Ch. 534476 Existing Km 544.200 at Nelligere of NH-150A on EPC mode under Annual Plan 2022-23 NH-150A-KNT-2022-23-977 dated 08.03.2023",Roads & Highways,Ministry of Road Transport & Highways,Tamil Nadu,Madurai,MoRTH,617.0,617.0,8.03,46,46,2023-03-08,2027-01-13,2027-01-13,48.0,1.3,NCC Limited,0,Central,Complete,Obtained,Obtained,Complete,Open,1,2026-04-30,8.5,0,0,0,0.0,0.0,8.0,Low
PROJ-618095,Widening to Two Lane with Paved Shoulders from Km 0.00 Design Chainage 0.00 to Km 23.338 Design Chainage 23310 of NH-166E MH/KNT Border- Kanamadi- Bijjargi- Tikota section in the state of Karnataka in EPC Mode under Annual plan 2022-23 NH-166E-KNT-2022-23-974,Roads & Highways,Ministry of Road Transport & Highways,Karnataka,Bengaluru,MoRTH,196.0,196.0,72.94,36,49,2023-02-21,2026-03-05,2027-03-31,75.0,37.21,Megha Engineering (MEIL),4,Central,Not Started,Pending,Not Required,Partial,Single,2,2026-04-03,4.5,2,0,1,0.0,36.11,33.5,Low
PROJ-618149,Widening to two lane with paved shoulders from Km 0.00 to 102.310 Design Chainage of NH-548B Murrum-Maharashtra Border in the State of Karnataka,Roads & Highways,Ministry of Road Transport & Highways,Maharashtra,Mumbai,MoRTH,957.0,957.0,288.23,47,47,2023-02-14,2027-01-15,2027-01-15,60.0,30.12,Megha Engineering (MEIL),1,State,Complete,Obtained,Obtained,Partial,Open,0,2026-02-20,7.3,0,0,0,0.0,0.0,8.0,Low
PROJ-617985,Widening to two lane with paved shoulders from Km 0/0 to 64/020 Pamarru to Akiveedu,Roads & Highways,Ministry of Road Transport & Highways,Delhi,South Delhi,MoRTH,530.0,588.65,248.31,44,86,2020-03-31,2023-11-16,2027-05-31,74.0,42.18,PNC Infratech Ltd,4,Externally Aided,Not Started,Pending,Pending,Partial,Open,5,2026-05-02,6.6,2,1,1,11.07,95.45,57.9,Medium
PROJ-618091,Widening to two lane with paved shoulders from Km 0/000 to Km 45/946 of Nizampet-Narayankhed-bidar section of NH-161B in the state of Telangana under Annual Plan 2021-22 on EPC mode under NHO,Roads & Highways,Ministry of Road Transport & Highways,Telangana,Hyderabad,MoRTH,513.0,513.0,152.49,47,60,2022-03-29,2026-02-19,2027-03-23,46.0,29.73,Larsen & Toubro Ltd,3,Central,Partial,Obtained,Obtained,Partial,Open,4,2026-01-21,5.3,1,0,1,0.0,27.66,24.7,Low
PROJ-618104,Widening to two lane with paved shoulders from Km 0/000 to Km 79/300 of Kalwakurthy - Kollapur section of NH-167K in the state of Telangana under annual plan 2021-22 on EPC mode under NHO.,Roads & Highways,Ministry of Road Transport & Highways,Telangana,Hyderabad,MoRTH,887.0,887.0,620.25,39,53,2022-03-31,2025-07-11,2026-08-30,90.0,69.93,GMR Infrastructure,4,Externally Aided,Not Started,Pending,Pending,Partial,Open,4,2026-02-26,5.0,3,0,1,0.0,35.9,36.9,Medium
PROJ-617955,Widening to two lane with paved Shoulders from Km 40.00 to Km 75.00 Existing chainages of Mangalore - Tumkur section of NH-73 in the State of Karnataka on EPC Mode under Annual Plan 2021-22 Job No NH-73-KNT-2021-22-945,Roads & Highways,Ministry of Road Transport & Highways,Karnataka,Bengaluru,MoRTH,719.0,719.0,312.83,36,57,2022-03-31,2025-03-26,2026-12-31,85.0,43.51,Tata Projects Ltd,2,State,Partial,Pending,Not Required,Complete,Limited,5,2026-03-17,4.1,3,0,1,0.0,58.33,43.6,Medium
PROJ-617995,Widening to Two Lane with Paved Shoulders from Km 67.000 to Km 114.425 of Kalwakurthy- Mallapally Section of NH 167 Erstwhile section of SH 18 in the State of Telangana on EPC mode under NH O Annual Plan 2016-17,Roads & Highways,Ministry of Road Transport & Highways,Telangana,Hyderabad,MoRTH,300.0,300.0,175.12,27,119,2017-01-20,2019-05-04,2026-12-19,99.0,58.37,KNR Constructions Ltd,2,Central,Partial,Obtained,Obtained,Not Started,Single,5,2026-01-15,4.6,1,0,1,0.0,340.74,45.6,Medium
PROJ-618190,Widening to two lane with paved shoulders of 'Bodhan Basar Bhainsa ' section from Km 38/900 to 95/300 of NH-161BB in the state of Telangana under Annual Plan 2021-22 on EPC Mode under NH O.,Roads & Highways,Ministry of Road Transport & Highways,Telangana,Hyderabad,MoRTH,644.0,644.0,403.48,36,54,2022-03-03,2025-03-16,2026-08-31,99.0,62.65,Megha Engineering (MEIL),3,PPP,Not Started,Pending,Obtained,Complete,Limited,3,2026-07-11,6.4,0,0,1,0.0,50.0,37.8,Medium
PROJ-617936,Widening to two/four lane with paved shoulder from Km.180.600 to Km.223.000 of NH-63 on Nizamabad-Jagadalpur road on EPC mode under NHO in the state of Telangana.,Roads & Highways,Ministry of Road Transport & Highways,Telangana,Nizamabad,MoRTH,254.0,183.26,0.0,30,30,2016-10-06,2019-03-28,2019-03-28,100.0,0.0,Ashoka Buildcon Ltd,0,Externally Aided,Complete,Obtained,Not Required,Complete,Open,0,2026-07-08,7.7,0,0,0,0.0,0.0,8.0,Low
PROJ-618140,Widening to two/four lane with paved shoulders from Km.34.250 to Km.71.830 of NH-365A on Kodad-Khammam-Kurvi road.,Roads & Highways,Ministry of Road Transport & Highways,Telangana,Khammam,MoRTH,446.0,446.0,18.32,52,52,2022-10-14,2027-01-31,2027-01-31,13.0,4.11,KNR Constructions Ltd,0,State,Complete,Obtained,Obtained,Complete,Open,0,2026-05-23,7.8,1,0,0,0.0,0.0,8.0,Low
PROJ-618905,Widening with additional 3L abetting Chhapra Bypass Section of NH-19 from Km. 143.200 to Km. 159.255 Pkg-1,Roads & Highways,Ministry of Road Transport & Highways,Nagaland,Dimapur,NHAI,470.0,528.48,302.74,30,32,2024-02-28,2026-08-29,2026-10-28,77.0,57.29,IRB Infrastructure Developers,3,State,Partial,Obtained,Not Required,Not Started,Open,4,2026-04-15,6.1,0,1,0,12.44,6.67,20.9,Low
PROJ-618047,"Widening, Reconstruction & Up-gradation to 2 lane with Paved Shoulder/Four Lane configuration for the work of Ahmednagar to Sabalkhed & Ashti to Chinchpur Section of NH-561 from Design km 2915 to km 37728 & Design km 55100 to km 70000 in the State of Maharashtra on EPC mode. Length 49.713 km",Roads & Highways,Ministry of Road Transport & Highways,Maharashtra,Mumbai,MoRTH,657.0,657.0,0.0,38,38,2024-03-15,2027-05-27,2027-05-27,89.0,0.0,NCC Limited,1,Central,Complete,Obtained,Obtained,Complete,Open,0,2026-01-17,7.8,0,0,0,0.0,0.0,8.0,Low
PROJ-618138,"Widening, Reconstruction & Up-gradation to 2 lane with Paved Shoulder/Four Lane configuration for the work of Sautada to Shirapur Section of NH-561 from Design km 86300 to km 125589 in the state of Maharashtra on EPC mode. Design length 39.289 km",Roads & Highways,Ministry of Road Transport & Highways,Maharashtra,Mumbai,MoRTH,350.0,350.0,0.0,32,32,2024-03-15,2026-11-04,2026-11-04,54.0,0.0,IRB Infrastructure Developers,0,State,Complete,Obtained,Obtained,Partial,Single,0,2026-06-25,7.9,1,0,0,0.0,0.0,8.0,Low
PROJ-618708,Widening/Development of Existing NH-85 from Km 0.000 to Km 124.636 section to 2L/LPS section in the state of Kerala on EPC Mode under Bharatmala Pariyojana,Roads & Highways,Ministry of Road Transport & Highways,Kerala,Thiruvananthapuram,NHAI,1187.0,1265.47,782.54,33,55,2022-09-12,2025-06-25,2027-03-31,82.0,61.84,IRB Infrastructure Developers,2,Central,Partial,Obtained,Pending,Partial,Open,3,2026-03-14,4.6,1,0,1,6.61,66.67,47.1,Medium
PROJ-618298,Widening/Improvement of existing 2-Lane road to 4-Lane Divided Highway from Sekmai to Nilakuthi section of Imphal-Kohima Road Design Chainage from Km 297700 to Km 308729 of NH-39 New NH-02 in state of Manipur on EPC mode Pkg-5B,Roads & Highways,Ministry of Road Transport & Highways,Manipur,Imphal,NHIDCL,212.0,212.0,272.3,22,65,2021-03-30,2023-01-21,2026-08-22,95.0,100.0,Megha Engineering (MEIL),2,Central,Not Started,Pending,Not Required,Partial,Limited,1,2026-03-19,5.1,3,0,1,0.0,195.45,48.1,Medium
PROJ-618301,Widening/Improvement of existing 2-lane to 4-Lane Divided Highway from Kuraopokpi to Sekmai section of Imphal-Kohima Road Design Ch. km 287.00 to 297.700 of NH-39 New NH-02 in state of Manipur on EPC mode Pkg-5A,Roads & Highways,Ministry of Road Transport & Highways,Manipur,Imphal,NHIDCL,229.0,229.0,143.26,72,76,2020-09-01,2026-08-27,2026-12-31,48.0,62.56,IRB Infrastructure Developers,1,Central,Complete,Obtained,Obtained,Complete,Open,0,2026-04-17,7.1,0,0,0,0.0,5.56,9.0,Low
PROJ-618306,"Widening/Improvement to 2 lane with earthen shoulder of Choithar to Marrem Khullen section of NH-202 of Imphal Ukhrul Jessami Economic Corridor from Design Chainage km 53.110 to km 95.700 in the State of Manipur on EPC mode under Bharatmala Pariyojana, under NHO-NE Package-5",Roads & Highways,Ministry of Road Transport & Highways,Manipur,Imphal,NHIDCL,564.0,564.0,173.58,48,53,2023-03-31,2027-03-31,2027-08-31,14.0,30.78,Shapoorji Pallonji Co,0,State,Complete,Obtained,Obtained,Complete,Open,0,2026-04-26,7.1,0,0,0,0.0,10.42,10.9,Low
PROJ-618304,"Widening/Improvement to 2 Lane with earthen shoulder of Jessami to Laynen bridge Nagaland border section of NH-29 of Imphal -Ukhrul - Jessami Economic Corridor from km 0.000 to km 11.009 in the State of Manipur on EPC mode under Bharatmala Pariyojana, under NHO-NE Package-7",Roads & Highways,Ministry of Road Transport & Highways,Manipur,Imphal,NHIDCL,165.0,165.0,128.92,39,46,2023-03-31,2026-06-26,2027-02-07,28.0,78.13,IRCON International,3,State,Partial,Obtained,Not Required,Complete,Open,1,2026-02-16,3.6,0,0,1,0.0,17.95,32.8,Low
PROJ-618305,Widening/Improvement to 2 lane with earthen shoulder of Marrem Khullen to Jessami section of NH-202 of Imphal - Ukhrul - Jessami Economic Corridor from Design Chainage km 95.700 to km 140.180 in the State of Manipur on EPC mode under Bharatmala Pariyojana under NHO-NE Package-6,Roads & Highways,Ministry of Road Transport & Highways,Manipur,Imphal,NHIDCL,555.0,555.0,225.73,44,52,2023-03-29,2026-12-07,2027-08-02,26.0,40.67,Patel Engineering,4,State,Complete,Obtained,Not Required,Partial,Open,5,2026-02-03,4.4,0,0,1,0.0,18.18,23.9,Low
PROJ-618303,Widening/Improvement to 2-lane with earthen shoulder of Yaingangpokpi - Finch corner road section of NH-202 from Km 0.000 to Km 16.900 of NH-202 in the state of Manipur on EPC mode Package-1,Roads & Highways,Ministry of Road Transport & Highways,Manipur,Imphal,NHIDCL,223.0,223.0,140.9,28,78,2020-03-13,2022-06-30,2026-08-31,89.0,63.18,KNR Constructions Ltd,4,Central,Complete,Obtained,Pending,Complete,Open,2,2026-07-01,4.4,0,0,1,0.0,178.57,42.4,Medium
PROJ-618302,Widening/Improvement to 2-lane with earthen shoulder of Yaingangpokpi - Finch corner road section of NH-202 from Km 16.900 to Km 30.970 of NH-202 in the state of Manipur on EPC mode Package-2,Roads & Highways,Ministry of Road Transport & Highways,Manipur,Imphal,NHIDCL,256.0,256.0,195.0,28,77,2020-03-13,2022-06-30,2026-08-22,98.0,76.17,Patel Engineering,2,PPP,Not Started,Pending,Pending,Not Started,Open,4,2026-02-05,6.1,2,0,1,0.0,175.0,51.4,Medium
PROJ-618371,"Widening/Improvement to 4-Lane with Paved Shoulder configuration of existing single lane road from Srirampur near Bhairiguri Village to Kachukhana Harichara Paglagaunj Package-I of Srirampur - Dhubri Section of NH-127B from existing Km 0.000 to Km 28.050 Design Km 0.000 to Km 27.650, Design Length27.650 Km under JICA ODA Loan assistance Phase-V -Balance work",Roads & Highways,Ministry of Road Transport & Highways,Himachal Pradesh,Dharamshala,NHIDCL,614.0,614.0,384.6,57,57,2022-03-11,2026-11-25,2026-11-25,90.0,62.64,Ashoka Buildcon Ltd,1,PPP,Complete,Obtained,Obtained,Complete,Open,1,2026-04-30,8.6,1,0,0,0.0,0.0,8.0,Low
PROJ-618287,"Widening/Improvement to 4-Lane with paved Shoulder from Ch. 25.633 Km to Ch. 52.470 Km Design Ch. 21.850 Km to Ch.48.670 Km for Package-2 of Bilasipura- Guwahati road NH-17 Section Near Mowatari, before Chapar Bypass to Tulungia junction with NH-17 in the state of Assam on HAM mode under NHO-NE Package-2",Roads & Highways,Ministry of Road Transport & Highways,Assam,Guwahati,NHIDCL,1339.0,1339.0,199.15,42,42,2023-11-30,2027-06-03,2027-06-03,12.0,14.87,Ashoka Buildcon Ltd,0,Central,Complete,Obtained,Obtained,Complete,Open,0,2026-07-26,8.6,0,0,0,0.0,0.0,8.0,Low
PROJ-618326,Widening/Improvement to 4-Lane with Paved Shoulder from KM 38500 to Km 51246 Design Chainage 38500 to 50959 with proposed Daboka Bypass of Daboka-Parokhaowa of NH 29 on EPC under NHO-NE Package-1,Roads & Highways,Ministry of Road Transport & Highways,Madhya Pradesh,Indore,NHIDCL,517.0,517.0,322.98,35,42,2023-01-05,2025-11-29,2026-06-25,100.0,62.47,IRB Infrastructure Developers,4,Externally Aided,Not Started,Obtained,Obtained,Partial,Open,3,2026-04-05,6.0,3,0,1,0.0,20.0,25.5,Low
PROJ-618359,Widening/Improvement to 4-Lane with Paved Shoulder from km 55000 Nagabang Gamsuk to km 82514 Oyan in the State of Assam and Arunachal Pradesh on EPC mode under Bharatmala Pariyojna of Length 27.514 Km Package-3,Roads & Highways,Ministry of Road Transport & Highways,Assam,Guwahati,NHIDCL,665.0,665.0,380.59,48,48,2023-03-31,2027-03-17,2027-03-17,97.0,57.23,KNR Constructions Ltd,0,State,Complete,Obtained,Obtained,Complete,Single,0,2026-05-08,8.1,0,0,0,0.0,0.0,8.0,Low
PROJ-618340,Widening/Improvement to 4-Lane with Paved Shoulder from km 626030 Nalani hulla Gaon to km 650450 Chotahapjan on existing Tinsukhia -Makum Bypass of NH-15 OLD NH-37 and Strengthening of existing NH-315 OLD NH-38 from Km 0000 Chotahapjan to Km 16900 Bogapani section 2-Lane PS in Assam on EPCMode under NHO-NE Package-3,Roads & Highways,Ministry of Road Transport & Highways,Assam,Guwahati,NHIDCL,459.0,459.0,261.02,28,46,2023-01-03,2025-05-17,2026-10-31,89.0,56.87,Hindustan Construction Company (HCC),2,PPP,Partial,Pending,Not Required,Partial,Open,1,2026-01-15,5.8,2,0,1,0.0,64.29,41.9,Medium
PROJ-618284,Widening/Improvement to 4-Lane with paved shoulder from Km 99930 to Km 143680 Design Chainage 96000 to 139750 of Paikan to Dhupdhara Sahar of Bilasipura-Guwahati Road on NH-17 in the state of Assam on EPC mode under Bharatmala Pariyojana in Economic Corridors Project Length 43.750km under NHO-NE Package-8,Roads & Highways,Ministry of Road Transport & Highways,Assam,Guwahati,NHIDCL,1458.0,1458.0,962.73,46,46,2023-03-07,2026-12-26,2026-12-25,86.0,66.03,Shapoorji Pallonji Co,1,Central,Complete,Obtained,Obtained,Complete,Open,1,2026-03-17,7.4,0,0,0,0.0,0.0,8.0,Low
PROJ-618313,Widening/lmprovement of Existing 2 lane to 4-Laning of Karimganj-Silchar section of NH-37 from Design Ch 0.000 near Silchar ISBT to Design Ch 15.970 near Kalinagar Pt I on NH-37 in Assam on HAM Mode Pkg-1,Roads & Highways,Ministry of Road Transport & Highways,Assam,Silchar,NHIDCL,1182.0,1182.0,178.62,42,42,2024-03-11,2027-09-17,2027-09-17,41.0,15.11,Hindustan Construction Company (HCC),0,Central,Complete,Obtained,Obtained,Complete,Open,0,2026-03-29,7.1,1,0,0,0.0,0.0,8.0,Low
PROJ-618310,Widening/lmprovement to 4-L of Karimgani - sutarkandi section of NH 37 from design Ch 0020 Start of proposed Karimganj Bypass from NH -8 to design Chainage Km 14380 near Sutarkandi Spur Connectivity to Indo/Bangladesh Border on Silchar-Churaibari in the State of Assam on HAM Mode Package-7,Roads & Highways,Ministry of Road Transport & Highways,Assam,Silchar,NHIDCL,792.0,792.0,135.54,36,36,2024-02-28,2027-02-28,2027-02-28,42.0,17.11,Larsen & Toubro Ltd,0,PPP,Complete,Not Required,Obtained,Complete,Limited,0,2026-05-20,8.8,0,0,0,0.0,0.0,8.0,Low
PROJ-618311,Widening/lmprovement to 4-Lane with Paved shoulder for existing as well as Greenfield alignment of Badarpur Churaibari section of NH-8 from Design chainage 87.700 Chandkhira to Km. 106.500 Churaibari section Assam-Tripura border in the state of Assam on HAM Mode Package-6,Roads & Highways,Ministry of Road Transport & Highways,Assam,Guwahati,NHIDCL,870.0,870.0,158.08,36,36,2024-03-04,2027-03-07,2027-03-07,41.0,18.17,Shapoorji Pallonji Co,0,PPP,Complete,Obtained,Obtained,Partial,Single,1,2026-05-28,8.1,0,0,0,0.0,0.0,8.0,Low
PROJ-618288,"Widening/lmprovement to 4-Lane with Paved Shoulder from Ch.5.580 Km to Ch.25.633 Km Design Ch.0.000 Km to Ch.17.737km Km 901.100 to Km 921.145 of old NH-31 of Bilasipara- Guwahati road NH-17 Section Near Chirakuta to near Mowatari, before Chapar Bypass in the state ol Assam on HAM mode Package-1",Roads & Highways,Ministry of Road Transport & Highways,Assam,Guwahati,NHIDCL,1081.0,1081.0,163.12,42,42,2024-02-07,2027-08-04,2027-08-04,35.0,15.09,Afcons Infrastructure,0,PPP,Complete,Obtained,Obtained,Complete,Limited,1,2026-08-12,8.6,0,0,0,0.0,0.0,8.0,Low
PROJ-618312,Widening/lmprovement to 4-Lane with Paved Shoulder from existing road and Greenfield alignment form Design Ch. 62.800 start of proposed Nilambazar/Cheragi Bypass to Design Ch. 87.700 near Chandkhira Village of NH-8 on Silchar-Churaibari in the state of Assam on HAM Mode Package-5,Roads & Highways,Ministry of Road Transport & Highways,Assam,Silchar,NHIDCL,1258.0,1258.0,186.86,44,44,2024-02-27,2027-10-23,2027-10-23,14.0,14.85,Shapoorji Pallonji Co,0,Central,Complete,Obtained,Not Required,Complete,Open,1,2026-06-19,7.8,0,0,0,0.0,0.0,8.0,Low
PROJ-618309,Widening/lmprovement to 4-Laning and Greenfield alignment with Paved shoulder of Silchar-Badarpur Churaibari section of NH-37 & NH-8 from Design chainage 38.600 End point of proposed Badarpur Bypass to Km. 62.800 Start point of proposed Nilambazar/Cheragi Bypass in the state of Assam on HAM Mode Package-4,Roads & Highways,Ministry of Road Transport & Highways,Assam,Silchar,NHIDCL,1320.0,1320.0,185.17,42,42,2024-02-28,2027-08-18,2027-08-18,23.0,14.03,Dilip Buildcon Ltd,0,Central,Complete,Obtained,Obtained,Complete,Single,0,2026-02-03,8.0,0,0,0,0.0,0.0,8.0,Low
PROJ-618267,Widening/Upgradation to four lane configuration of Shahjahanpur-Bisalpur section from km 0.00 to km 47.026 of NH-731K on Hybrid Annuity Mode in the state of Uttar Pradesh.,Roads & Highways,Ministry of Road Transport & Highways,Uttar Pradesh,Lucknow,MoRTH,1590.0,1590.0,0.0,62,62,2023-03-27,2028-05-11,2028-05-11,0.0,0.0,NCC Limited,1,Central,Partial,Obtained,Not Required,Partial,Open,0,2026-02-17,8.8,1,0,0,0.0,0.0,8.0,Low
PROJ-617916,Work of 6 laning/Construction of elevated corridor from km 0/0 to 10/170 Narol Junction to Sarkhej junction including 4 lane Shastri Bridge on Sabarmati river on NH 47 in the State of Gujarat on HAM mode,Roads & Highways,Ministry of Road Transport & Highways,Gujarat,Ahmedabad,MoRTH,1295.0,1295.0,0.0,47,47,2024-03-11,2028-02-15,2028-02-15,35.0,0.0,NCC Limited,1,Central,Complete,Obtained,Obtained,Complete,Single,1,2026-01-17,9.4,0,0,0,0.0,0.0,8.0,Low
PROJ-617976,Work of development and construction of elevated corridorfrom km 38/660 to km 42/690 Iscon junction to start point of approach of sanand flyover of NH-147 in the sate of Gujarat,Roads & Highways,Ministry of Road Transport & Highways,Gujarat,Ahmedabad,MoRTH,530.0,530.0,58.29,39,42,2023-03-27,2026-06-18,2026-09-15,90.0,11.0,Tata Projects Ltd,0,State,Complete,Obtained,Obtained,Complete,Open,1,2026-02-01,8.7,0,0,0,0.0,7.69,8.0,Low
PROJ-618171,"Work of Upgradation of Jirapur-Pachore Road including Pachore, Jirapur, Chhapiheda & Khujner Bypasses from 0000 to 58790 Design Length 58.79 Km section of NH-752C to 2LPS in the State of Madhya Pradesh under EPC mode",Roads & Highways,Ministry of Road Transport & Highways,Madhya Pradesh,Bhopal,MoRTH,353.0,353.0,98.96,46,58,2022-03-11,2026-01-15,2026-12-31,57.0,28.03,IRCON International,3,Central,Complete,Obtained,Not Required,Partial,Limited,2,2026-08-13,4.0,0,0,1,0.0,26.09,19.0,Low
PROJ-619138,Yekkambi-Haveri,Roads & Highways,Ministry of Road Transport & Highways,Madhya Pradesh,Bhopal,NHAI,295.0,309.9,94.8,29,77,2021-09-30,2024-03-07,2028-02-29,25.0,30.59,Larsen & Toubro Ltd,4,State,Partial,Obtained,Pending,Complete,Single,4,2026-07-25,6.8,0,0,1,5.05,165.52,50.7,Medium
PROJ-701574,Deepening and Optimization of Inner Harbour facilities including development of Western Dock on BOT basis to handle Cape size vessels,Shipping,"Ministry of Ports, Shipping and Waterways",Himachal Pradesh,Kullu,Paradip Port Trust [PPT],3005.0,3005.0,2261.12,67,77,2022-05-23,2027-12-31,2028-10-16,76.0,75.25,Afcons Infrastructure,1,Externally Aided,Complete,Obtained,Obtained,Complete,Open,0,2026-06-05,9.6,0,0,0,0.0,14.93,8.9,Low
PROJ-609424,"Development of Container Terminal at Tuna-Tekra, Deendayal Port on BOT Basis Under PPP Mode",Shipping,"Ministry of Ports, Shipping and Waterways",Tripura,Udaipur,Deendayal Port Trust,4244.0,4244.0,2737.7,53,59,2022-10-21,2027-03-13,2027-09-30,60.0,64.51,Dilip Buildcon Ltd,0,State,Complete,Obtained,Obtained,Complete,Open,1,2026-03-25,9.0,0,0,0,0.0,11.32,8.1,Low
PROJ-617804,Mechanization of Berth No.14 for handling Containers and other cargo on DBFOT basis - Phase II,Shipping,"Ministry of Ports, Shipping and Waterways",Odisha,Rourkela,New Mangalore Port Authority,153.0,153.0,97.45,39,39,2023-12-31,2027-03-31,2027-03-31,95.0,63.69,NCC Limited,0,PPP,Complete,Obtained,Obtained,Complete,Open,0,2026-08-06,7.3,1,0,0,0.0,0.0,8.0,Low
PROJ-701570,"Replacement and revamping of pipeline projects in oil jetty area, Kandla",Shipping,"Ministry of Ports, Shipping and Waterways",Chhattisgarh,Rajnandgaon,Deendayal Port Trust [DPT],171.0,211.61,149.5,24,42,2021-09-30,2023-09-30,2025-03-31,92.0,70.65,Adani Infra Ltd,2,Central,Not Started,Pending,Not Required,Complete,Limited,4,2026-01-13,5.2,3,1,1,23.75,75.0,61.1,Medium
PROJ-400121,"Construction of Screening Plant-II for Donimalai and Kumaraswamy Iron Ore Mining Complex of NMDC Limited at Ballari Dt, Karnataka.",Steel,Ministry of Steel,Karnataka,Ballari,National Mineral Development Corporation Limited [NMDC],1044.0,1044.0,649.52,141,141,2014-11-28,2026-08-25,2026-08-25,70.0,62.21,Adani Infra Ltd,0,Central,Partial,Obtained,Obtained,Complete,Open,0,2026-07-21,9.3,0,0,0,0.0,0.0,8.0,Low
PROJ-589703,Implementation of Treatment System-2 Under ZLD at RSP,Steel,Ministry of Steel,Haryana,Panipat,Steel Authority of India Limited (SAIL),216.0,216.0,134.29,19,19,2025-02-21,2026-09-30,2026-09-30,90.0,62.17,Shapoorji Pallonji Co,1,Central,Complete,Obtained,Obtained,Complete,Single,1,2026-06-28,8.8,0,0,0,0.0,0.0,8.0,Low
PROJ-505491,Installation of 140 TPH Walking Beam type Reheating Furnace in Plate Mill at BSP,Steel,Ministry of Steel,Madhya Pradesh,Bhopal,Steel Authority of India Limited (SAIL),268.0,268.0,0.0,26,26,2026-02-13,2028-03-31,2028-03-31,0.0,0.0,Adani Infra Ltd,0,Central,Complete,Obtained,Obtained,Complete,Open,1,2026-06-24,7.5,1,0,0,0.0,0.0,8.0,Low
PROJ-617242,Installation of New Bar Mill at Durgapur Steel Plant,Steel,Ministry of Steel,West Bengal,Durgapur,Steel Authority of India Limited [SAIL],2115.0,2115.0,935.57,36,36,2024-07-09,2027-06-30,2027-06-30,68.0,44.23,KNR Constructions Ltd,0,Externally Aided,Complete,Not Required,Obtained,Complete,Open,0,2026-03-10,9.6,0,0,0,0.0,0.0,8.0,Low
PROJ-635651,"New Product Testing Laboratory for NPM, SPP & NHSM at RSP",Steel,Ministry of Steel,Assam,Dibrugarh,Steel Authority of India Limited (SAIL),155.0,155.0,56.24,27,27,2025-06-05,2027-08-31,2027-08-31,72.0,36.28,Patel Engineering,1,State,Complete,Obtained,Not Required,Complete,Single,0,2026-01-21,9.0,0,0,0,0.0,0.0,8.0,Low
PROJ-400174,"New Sinter Plant at BSL, SAIL",Steel,Ministry of Steel,Himachal Pradesh,Shimla,Steel Authority of India Limited [SAIL],1034.0,1752.3,1028.11,151,151,2015-03-30,2027-10-31,2027-06-30,64.0,58.67,Patel Engineering,4,PPP,Partial,Obtained,Obtained,Partial,Single,3,2026-08-02,3.7,2,1,0,69.47,0.0,41.0,Medium
PROJ-706811,NMDC Slurry Pipeline Project Phase-1,Steel,Ministry of Steel,West Bengal,Howrah,National Mineral Development Corporation Limited [NMDC],2907.0,5427.0,3649.08,92,129,2015-11-10,2023-06-30,2026-08-15,96.0,67.24,Tata Projects Ltd,1,PPP,Not Started,Pending,Not Required,Partial,Single,4,2026-06-21,5.9,0,1,1,86.69,40.22,57.7,Medium
PROJ-612781,Rebuilding of COB 4 at Durgapur Steel Plant,Steel,Ministry of Steel,West Bengal,Durgapur,Steel Authority of India Limited [SAIL],917.0,917.0,244.78,49,49,2023-09-11,2027-09-30,2027-09-30,37.0,26.69,IRB Infrastructure Developers,0,Central,Complete,Obtained,Obtained,Complete,Limited,0,2026-07-01,8.0,0,0,0,0.0,0.0,8.0,Low
PROJ-617257,Rebuilding of Coke Oven Battery No.6 at Bokaro Steel Plant,Steel,Ministry of Steel,Jharkhand,Bokaro,Steel Authority of India Limited [SAIL],627.0,627.0,347.42,36,48,2023-11-15,2026-11-15,2027-11-30,68.0,55.41,GMR Infrastructure,2,State,Partial,Pending,Obtained,Not Started,Single,1,2026-07-11,6.9,0,0,1,0.0,33.33,23.0,Low
PROJ-617256,Rebuilding of Coke Oven Battery No.7 & 8 at Bhilai Steel Plant,Steel,Ministry of Steel,Chhattisgarh,Bhilai,Steel Authority of India Limited [SAIL],884.0,884.0,693.83,23,34,2023-11-30,2025-10-31,2026-09-30,95.0,78.49,KNR Constructions Ltd,3,PPP,Not Started,Pending,Obtained,Complete,Single,2,2026-03-15,4.6,1,0,1,0.0,47.83,33.0,Low
PROJ-617255,"Replacement of Converter Vessels, Trunnion Rings, Support System & Installation of Secondary Emission at Bhilai Steel Plant",Steel,Ministry of Steel,Chhattisgarh,Bhilai,Steel Authority of India Limited [SAIL],472.0,472.0,266.11,31,35,2023-10-31,2026-06-14,2026-09-30,74.0,56.38,IRCON International,0,Central,Complete,Obtained,Obtained,Complete,Single,0,2026-07-23,9.3,1,0,0,0.0,12.9,8.0,Low
PROJ-617249,Replacement of existing Grinders in CRM-I & II at Bokaro Steel Plant,Steel,Ministry of Steel,Jharkhand,Bokaro,Steel Authority of India Limited [SAIL],212.0,212.0,60.6,24,24,2025-01-20,2027-01-27,2027-01-27,62.0,28.58,Patel Engineering,0,State,Complete,Obtained,Obtained,Complete,Open,0,2026-03-21,9.4,0,0,0,0.0,0.0,8.0,Low
PROJ-617243,Replacement of Hot Leveller No.1 of Plate Mill at Bhilai Steel Plant,Steel,Ministry of Steel,Chhattisgarh,Bhilai,Steel Authority of India Limited [SAIL],199.0,199.0,129.25,24,24,2024-07-26,2026-07-29,2026-07-29,83.0,64.95,Afcons Infrastructure,0,Central,Complete,Obtained,Obtained,Complete,Open,0,2026-01-13,8.9,0,0,0,0.0,0.0,8.0,Low
PROJ-617254,Replacement of remaining 04 sets of Battery Cyclones with 04 Nos. of ESPs in Sinter Plant-1 at Bokaro Steel Plant,Steel,Ministry of Steel,Jharkhand,Bokaro,Steel Authority of India Limited [SAIL],260.0,260.0,127.53,27,37,2024-03-28,2026-06-29,2027-04-30,53.0,49.05,IRCON International,4,PPP,Not Started,Obtained,Obtained,Complete,Single,2,2026-07-25,4.4,0,0,1,0.0,37.04,26.8,Low
PROJ-617251,Revamping of Air Pollution Control Systems of SP-1 at Durgapur Steel Plant,Steel,Ministry of Steel,West Bengal,Durgapur,Steel Authority of India Limited [SAIL],196.0,196.0,65.74,23,30,2024-07-11,2026-05-27,2026-12-31,35.0,33.54,Larsen & Toubro Ltd,2,Central,Not Started,Pending,Not Required,Partial,Open,5,2026-07-09,6.6,2,0,1,0.0,30.43,27.3,Low
PROJ-709826,SCREENING PLANT-III AT KIRANDUL,Steel,Ministry of Steel,Assam,Guwahati,National Mineral Development Corporation Limited [NMDC],2719.0,3062.39,1754.7,204,222,2009-01-31,2026-01-31,2027-07-31,83.0,57.3,Dilip Buildcon Ltd,2,Central,Not Started,Pending,Not Required,Complete,Open,1,2026-04-13,3.9,0,1,0,12.63,8.82,18.1,Low
PROJ-617250,Secondary Emission Control in Converters of SMS-II at Bokaro Steel Plant,Steel,Ministry of Steel,Jharkhand,Bokaro,Steel Authority of India Limited [SAIL],207.0,207.0,103.47,21,27,2025-01-20,2026-10-25,2027-04-30,56.0,49.99,Ashoka Buildcon Ltd,1,Central,Not Started,Pending,Not Required,Not Started,Open,3,2026-08-09,6.0,3,0,1,0.0,28.57,26.2,Low
PROJ-425828,Stamp Charge Battery No.12 Coke Dry Cooling Plant at IISCO Steel Plant,Steel,Ministry of Steel,Chhattisgarh,Raipur,Steel Authority of India Limited (SAIL),707.0,707.0,132.26,42,42,2025-01-23,2028-07-31,2028-07-31,12.0,18.71,Larsen & Toubro Ltd,0,PPP,Complete,Not Required,Obtained,Partial,Single,0,2026-02-14,8.4,0,0,0,0.0,0.0,8.0,Low
PROJ-617338,Stamp Charge Battery No.12 Battery Proper at IISCO Steel Plant,Steel,Ministry of Steel,Karnataka,Mysuru,Steel Authority of India Limited [SAIL],2518.0,2518.0,472.41,42,42,2025-01-20,2028-07-20,2028-07-20,28.0,18.76,IRB Infrastructure Developers,1,Central,Complete,Obtained,Obtained,Partial,Open,0,2026-01-09,9.4,0,0,0,0.0,0.0,8.0,Low
PROJ-364934,Stamp Charge Battery No.12 By-product Plant at IISCO Steel Plant,Steel,Ministry of Steel,Mizoram,Lunglei,Steel Authority of India Limited (SAIL),999.0,999.0,70.37,42,42,2025-01-23,2028-07-31,2028-07-31,19.0,7.04,Hindustan Construction Company (HCC),0,PPP,Complete,Obtained,Obtained,Complete,Single,0,2026-04-04,9.2,0,0,0,0.0,0.0,8.0,Low
PROJ-834015,Stamp Charge Battery No.12 By-product Plant at RSP,Steel,Ministry of Steel,Arunachal Pradesh,Pasighat,Steel Authority of India Limited (SAIL),1140.0,1140.0,207.56,43,43,2024-09-07,2028-03-31,2028-03-31,23.0,18.21,Megha Engineering (MEIL),0,Central,Complete,Not Required,Obtained,Complete,Open,0,2026-06-04,7.4,0,0,0,0.0,0.0,8.0,Low
PROJ-738679,Stamp Charge Battery No.7 Battery Proper at RSP,Steel,Ministry of Steel,Karnataka,Ballari,Steel Authority of India Limited (SAIL),2584.0,2584.0,1182.92,43,43,2024-09-07,2028-03-31,2028-03-31,54.0,45.78,PNC Infratech Ltd,0,Central,Complete,Obtained,Obtained,Complete,Single,0,2026-04-18,9.8,0,0,0,0.0,0.0,8.0,Low
PROJ-478482,Stamp Charge Battery No.7 Coke Dry Cooling Plant at RSP,Steel,Ministry of Steel,Punjab,Jalandhar,Steel Authority of India Limited (SAIL),1065.0,1065.0,73.91,31,31,2026-02-07,2028-08-31,2028-08-31,0.0,6.94,Tata Projects Ltd,0,Central,Partial,Not Required,Obtained,Complete,Open,0,2026-07-26,7.5,0,0,0,0.0,0.0,8.0,Low
PROJ-944288,Super accelerated cooling system (Uniform Cooling) for high strength plates in Plate Mill at BSP,Steel,Ministry of Steel,Jammu and Kashmir,Anantnag,Steel Authority of India Limited (SAIL),192.0,192.0,63.8,19,19,2025-06-05,2026-12-31,2026-12-31,48.0,33.23,Tata Projects Ltd,1,Central,Complete,Obtained,Obtained,Complete,Open,0,2026-01-07,8.4,0,0,0,0.0,0.0,8.0,Low
PROJ-617248,Third Ladle Furnace in Secondary Refinery Unit at IISCO Steel Plant,Steel,Ministry of Steel,Mizoram,Champhai,Steel Authority of India Limited [SAIL],228.0,228.0,111.44,20,24,2024-11-16,2026-07-17,2026-11-30,75.0,48.88,Ashoka Buildcon Ltd,3,Externally Aided,Partial,Obtained,Obtained,Partial,Limited,4,2026-06-21,5.6,0,0,1,0.0,20.0,17.6,Low
PROJ-617246,Up-gradation of Blast Furnace No. 3 at Durgapur Steel Plant,Steel,Ministry of Steel,West Bengal,Durgapur,Steel Authority of India Limited [SAIL],758.0,758.0,316.01,38,38,2024-09-09,2027-10-31,2027-10-31,62.0,41.69,Adani Infra Ltd,1,Central,Complete,Obtained,Not Required,Complete,Limited,0,2026-04-21,9.8,1,0,0,0.0,0.0,8.0,Low
PROJ-701593,4G Services by BSNL,Telecommunication,Department of Telecommunications,Himachal Pradesh,Mandi,Department of Telecommunications [DoT],28466.0,19592.0,9165.04,41,65,2020-11-01,2024-03-31,2026-03-31,99.0,32.2,Dilip Buildcon Ltd,2,Central,Complete,Obtained,Pending,Not Started,Single,2,2026-06-14,7.0,1,0,1,0.0,58.54,34.3,Low
PROJ-704495,"502 Aspirational District Scheme in Four states - Bihar, Madhya Pradesh, Rajastha and Uttar Pradesh",Telecommunication,Department of Telecommunications,Uttar Pradesh,Lucknow,Department of Telecommunications [DoT],422.0,228.94,152.96,27,78,2019-12-23,2022-03-16,2026-06-21,100.0,36.25,Shapoorji Pallonji Co,4,PPP,Partial,Obtained,Not Required,Not Started,Limited,4,2026-02-20,6.3,1,0,1,0.0,188.89,42.3,Medium
PROJ-976009,"Amended BharatNet Program - ARP, NGL, MNP",Telecommunication,Department of Telecommunications,Nagaland,Dimapur,Department of Telecommunications,1168.0,1168.0,123.28,59,59,2023-08-04,2028-06-25,2028-06-25,1.0,10.55,Shapoorji Pallonji Co,1,PPP,Complete,Not Required,Obtained,Complete,Limited,0,2026-05-25,8.4,0,0,0,0.0,0.0,8.0,Low
PROJ-240484,Amended BharatNet Program - AS,Telecommunication,Department of Telecommunications,Manipur,Thoubal,Department of Telecommunications,832.0,832.0,83.16,68,68,2023-08-04,2029-03-24,2029-03-24,0.0,10.0,Larsen & Toubro Ltd,1,State,Complete,Obtained,Obtained,Complete,Single,0,2026-08-12,7.5,1,0,0,0.0,0.0,8.0,Low
PROJ-914467,Amended BharatNet Program - BR,Telecommunication,Department of Telecommunications,Karnataka,Belagavi,Department of Telecommunications,1550.0,1550.0,222.77,55,55,2023-08-04,2028-03-11,2028-03-11,18.0,14.37,Adani Infra Ltd,0,PPP,Complete,Obtained,Obtained,Complete,Open,0,2026-01-03,8.5,0,0,0,0.0,0.0,8.0,Low
PROJ-476006,Amended BharatNet Program - HP,Telecommunication,Department of Telecommunications,Uttar Pradesh,Prayagraj,Department of Telecommunications,1292.0,1292.0,148.93,55,55,2023-08-04,2028-02-24,2028-02-24,23.0,11.53,Afcons Infrastructure,1,State,Complete,Obtained,Obtained,Complete,Limited,0,2026-05-11,8.9,0,0,0,0.0,0.0,8.0,Low
PROJ-124199,Amended BharatNet Program - HR,Telecommunication,Department of Telecommunications,Telangana,Hyderabad,Department of Telecommunications,837.0,837.0,83.68,68,68,2023-08-04,2029-03-24,2029-03-24,0.0,10.0,Shapoorji Pallonji Co,0,PPP,Complete,Not Required,Not Required,Complete,Single,0,2026-04-20,7.7,0,0,0,0.0,0.0,8.0,Low
PROJ-437130,"Amended BharatNet Program - J&K, LAD",Telecommunication,Department of Telecommunications,Andhra Pradesh,Rajahmundry,Department of Telecommunications,1621.0,1621.0,170.05,58,58,2023-08-04,2028-06-10,2028-06-10,8.0,10.49,Dilip Buildcon Ltd,1,Externally Aided,Complete,Obtained,Obtained,Complete,Limited,0,2026-04-03,9.0,0,0,0,0.0,0.0,8.0,Low
PROJ-660056,Amended BharatNet Program - KL,Telecommunication,Department of Telecommunications,Kerala,Calicut,Department of Telecommunications,765.0,765.0,94.95,58,58,2023-08-04,2028-06-15,2028-06-15,2.0,12.41,PNC Infratech Ltd,0,Central,Complete,Obtained,Not Required,Partial,Open,0,2026-02-21,7.5,0,0,0,0.0,0.0,8.0,Low
PROJ-108841,"Amended BharatNet Program - KTK, GOA, PY",Telecommunication,Department of Telecommunications,Goa,North Goa,Department of Telecommunications,3742.0,3742.0,435.31,58,58,2023-08-04,2028-06-16,2028-06-16,8.0,11.63,Afcons Infrastructure,0,PPP,Partial,Obtained,Obtained,Complete,Open,0,2026-03-29,7.9,0,0,0,0.0,0.0,8.0,Low
PROJ-462136,"Amended BharatNet Program - MGH, MZM, TRP",Telecommunication,Department of Telecommunications,Telangana,Nizamabad,Department of Telecommunications,768.0,768.0,0.0,68,68,2023-08-04,2029-04-11,2029-04-11,0.0,0.0,NCC Limited,0,PPP,Complete,Obtained,Obtained,Complete,Open,0,2026-08-14,9.5,0,0,0,0.0,0.0,8.0,Low
PROJ-175860,"Amended BharatNet Program - MP, DD and DNH",Telecommunication,Department of Telecommunications,Haryana,Faridabad,Department of Telecommunications,4943.0,4943.0,562.13,59,59,2023-06-04,2028-05-18,2028-05-18,8.0,11.37,Larsen & Toubro Ltd,0,PPP,Complete,Obtained,Not Required,Partial,Single,0,2026-06-29,9.5,0,0,0,0.0,0.0,8.0,Low
PROJ-317725,Amended BharatNet Program - OD,Telecommunication,Department of Telecommunications,Kerala,Kollam,Department of Telecommunications,1713.0,1713.0,0.0,71,71,2023-08-04,2029-07-01,2029-07-01,0.0,0.0,KNR Constructions Ltd,1,State,Complete,Not Required,Obtained,Complete,Open,0,2026-05-03,7.8,0,0,0,0.0,0.0,8.0,Low
PROJ-171218,Amended BharatNet Program - PB,Telecommunication,Department of Telecommunications,Chhattisgarh,Bhilai,Department of Telecommunications,1245.0,1245.0,0.0,55,55,2023-08-04,2028-02-18,2028-02-18,27.0,0.0,Hindustan Construction Company (HCC),0,PPP,Complete,Obtained,Obtained,Complete,Open,0,2026-03-21,7.2,0,0,0,0.0,0.0,8.0,Low
PROJ-938832,Amended BharatNet Program - RJ,Telecommunication,Department of Telecommunications,Ladakh,Kargil,Department of Telecommunications,2839.0,2839.0,283.93,68,68,2023-08-04,2029-03-24,2029-03-24,0.0,10.0,IRCON International,0,Externally Aided,Complete,Obtained,Obtained,Complete,Open,1,2026-03-05,9.7,0,0,0,0.0,0.0,8.0,Low
PROJ-946208,Amended BharatNet Program - SKM,Telecommunication,Department of Telecommunications,Gujarat,Jamnagar,Department of Telecommunications,160.0,160.0,0.0,70,70,2023-08-04,2029-06-07,2029-06-07,0.0,0.0,Dilip Buildcon Ltd,0,Central,Complete,Obtained,Obtained,Complete,Single,1,2026-03-23,8.7,1,0,0,0.0,0.0,8.0,Low
PROJ-665021,Amended BharatNet Program - UKD,Telecommunication,Department of Telecommunications,Maharashtra,Nashik,Department of Telecommunications,1821.0,1821.0,209.87,57,57,2023-08-04,2028-05-18,2028-05-18,21.0,11.52,Ashoka Buildcon Ltd,1,Externally Aided,Complete,Obtained,Obtained,Complete,Open,0,2026-06-18,8.5,0,0,0,0.0,0.0,8.0,Low
PROJ-222253,Amended BharatNet Program - UP (East),Telecommunication,Department of Telecommunications,Mizoram,Lunglei,Department of Telecommunications,5008.0,5008.0,502.0,55,55,2023-08-04,2028-02-19,2028-02-19,8.0,10.02,KNR Constructions Ltd,0,State,Complete,Obtained,Obtained,Complete,Open,0,2026-02-14,8.2,0,0,0,0.0,0.0,8.0,Low
PROJ-708687,Amended BharatNet Program - UP (West),Telecommunication,Department of Telecommunications,Jammu and Kashmir,Udhampur,Department of Telecommunications,1917.0,1917.0,0.0,55,55,2023-08-04,2028-02-19,2028-02-19,7.0,0.0,IRCON International,0,Central,Complete,Obtained,Obtained,Complete,Limited,0,2026-01-11,7.9,0,0,0,0.0,0.0,8.0,Low
PROJ-210914,Amended BharatNet Program - WB & ANI,Telecommunication,Department of Telecommunications,Haryana,Faridabad,Department of Telecommunications,1674.0,1674.0,223.41,55,55,2023-08-04,2028-02-24,2028-02-24,15.0,13.35,Shapoorji Pallonji Co,1,State,Complete,Obtained,Obtained,Partial,Open,0,2026-05-29,7.9,0,0,0,0.0,0.0,8.0,Low
PROJ-706775,BharatNet,Telecommunication,Department of Telecommunications,Madhya Pradesh,Gwalior,Department of Telecommunications [DoT],61109.0,12709.0,48809.7,73,73,2017-07-19,2023-08-31,2019-03-31,100.0,79.87,NCC Limited,0,Central,Complete,Obtained,Obtained,Complete,Open,1,2026-05-15,9.0,0,0,0,0.0,0.0,8.0,Low
PROJ-547243,BharatNet Phase-II,Telecommunication,Department of Telecommunications,Meghalaya,Jowai,Department of Telecommunications,22175.0,22175.0,20691.7,70,70,2017-07-19,2023-05-31,2023-05-31,93.0,93.31,Shapoorji Pallonji Co,0,State,Partial,Obtained,Obtained,Complete,Open,0,2026-01-28,8.7,0,0,0,0.0,0.0,8.0,Low
PROJ-617413,Mobile connectivity in Left Wing Extremism [LWE] affected areas-Phase 1 Upgradation,Telecommunication,Department of Telecommunications,Andhra Pradesh,Vijayawada,Department of Telecommunications [DoT],1885.0,1885.0,376.8,36,56,2022-04-27,2025-05-08,2026-12-31,99.0,19.99,Larsen & Toubro Ltd,1,Externally Aided,Not Started,Pending,Obtained,Complete,Single,3,2026-04-09,6.4,1,0,1,0.0,55.56,34.9,Low
PROJ-701599,Mobile connectivity in Left Wing Extremism [LWE] affected areas-Phase2,Telecommunication,Department of Telecommunications,Uttar Pradesh,Meerut,Department of Telecommunications [DoT],1578.0,604.6,492.2,58,102,2018-05-23,2023-03-31,2026-11-08,90.0,31.19,Afcons Infrastructure,2,Central,Complete,Pending,Pending,Complete,Limited,4,2026-05-14,4.0,0,0,1,0.0,75.86,38.6,Medium
PROJ-709856,MPLS-IP BASED ACCESS AND AGGREGATION NETWORK [MAAN] IN BSNL ALONG WITH TEST AND MEASURING EQUIPMENT,Telecommunication,Department of Telecommunications,Manipur,Thoubal,BSNL,645.0,645.0,407.9,15,39,2023-05-31,2024-08-31,2026-08-31,92.0,63.24,Adani Infra Ltd,1,Central,Not Started,Pending,Pending,Partial,Open,2,2026-07-08,4.3,3,0,1,0.0,160.0,42.5,Medium
PROJ-709857,"Planning, Engineering, Supply, Installation, Testing, Commissioning, Integration & Annual Maintenance of 4G mobile network at 1 Lakh sites on PAN India basis including Mumbai & Delhi LSA on turnkey basis under Phase IX.2 Project.",Telecommunication,Department of Telecommunications,Maharashtra,Mumbai,BSNL,24545.0,24545.0,9165.89,25,41,2023-05-08,2025-06-21,2026-09-30,99.0,37.34,Ashoka Buildcon Ltd,4,PPP,Complete,Pending,Obtained,Complete,Limited,5,2026-02-19,4.4,1,0,1,0.0,64.0,40.1,Medium
PROJ-701602,"Provision of 4G based mobile services in 7,287 uncovered villages of 44 Aspirational District across 5 states of Andhra Pradesh, Chhattisgarh, Jharkhand, Maharashtra & Odisha",Telecommunication,Department of Telecommunications,Maharashtra,Mumbai,Department of Telecommunications [DoT],3685.0,1448.61,1108.02,24,62,2021-11-17,2023-11-19,2027-01-14,81.0,30.07,IRB Infrastructure Developers,1,PPP,Complete,Pending,Obtained,Partial,Single,5,2026-02-08,6.1,2,0,1,0.0,158.33,38.7,Medium
PROJ-701598,Provision of 4G based Mobile Services in Uncovered Villages and National Highways of Meghalaya,Telecommunication,Department of Telecommunications,Meghalaya,Shillong,Department of Telecommunications,972.0,180.46,167.23,29,81,2019-09-19,2022-03-03,2026-06-30,100.0,17.2,Adani Infra Ltd,4,PPP,Partial,Pending,Not Required,Partial,Single,4,2026-03-16,5.6,1,0,1,0.0,179.31,42.3,Medium
PROJ-701597,Provision of 4G Mobile Services in Uncovered Villages of Arunachal Pradesh and 2 Districts of Assam,Telecommunication,Department of Telecommunications,Assam,Guwahati,Department of Telecommunications,1255.0,276.62,237.98,29,70,2020-12-09,2023-04-30,2026-09-30,100.0,18.96,Tata Projects Ltd,2,Central,Not Started,Pending,Not Required,Partial,Limited,2,2026-03-11,4.9,0,0,1,0.0,141.38,39.2,Medium
PROJ-400013,Saturation 4G mobile coverage of Uncovered Villages through USOF,Telecommunication,Department of Telecommunications,Tamil Nadu,Tiruchirappalli,Department of Telecommunications [DoT],26316.0,15392.8,8722.82,23,56,2022-07-27,2024-06-20,2027-03-31,88.0,33.15,GMR Infrastructure,1,PPP,Complete,Obtained,Obtained,Complete,Open,3,2026-06-16,6.6,3,0,1,0.0,143.48,36.6,Medium
PROJ-709859,SETTING UP OF PHYSICAL INFRASTRUCTURE FOR THE NATIONAL INSTITUTE OF COMMUNICATION FINANCE [NICF] AT GHITORNI,Telecommunication,Department of Telecommunications,Himachal Pradesh,Bilaspur,National Communication Academy - Finance [Erstwhile NICF],248.0,248.0,237.43,64,144,2014-10-09,2020-02-17,2026-09-30,98.0,95.74,IRB Infrastructure Developers,2,Central,Not Started,Obtained,Pending,Not Started,Single,3,2026-01-21,5.0,3,0,1,0.0,125.0,44.5,Medium
PROJ-707215,National Maritime Heritage Complex [NMHC] Phase-I,"Tourism, Hospitality & Wellness","Ministry of Ports, Shipping and Waterways",Kerala,Calicut,Indian Port Rail & Ropeway Corporation Ltd. [IPRCL],573.0,1238.05,656.38,93,93,2019-02-22,2026-11-15,2026-03-31,80.0,53.02,Dilip Buildcon Ltd,3,Central,Not Started,Pending,Obtained,Partial,Limited,3,2026-08-04,5.8,0,1,0,116.06,0.0,41.2,Medium
PROJ-615337,Additional Transmission System for evacuation of Power from Bhadla-III PS as part of Rajasthan REZ Phase III Scheme [20 GW] [SPV Name POWERGRID Bhadla-III Power Transmission Limited],Transmission & Distribution,Ministry of Power,Rajasthan,Jaipur,Power Grid Corporation of India Limited [POWERGRID],369.0,369.0,258.3,18,25,2024-08-28,2026-02-27,2026-09-30,87.0,70.0,Patel Engineering,3,Externally Aided,Complete,Pending,Obtained,Partial,Limited,2,2026-05-31,4.9,1,0,1,0.0,38.89,25.2,Low
PROJ-617181,"Augmentation at Fatehgarh-II PS, Fatehgarh-IV PS [Section-II] and Barmer-I PS [POWERGRID Fatehgarh Barmer Augmentation Transmission Limited]",Transmission & Distribution,Ministry of Power,Jharkhand,Hazaribagh,Power Grid Corporation of India Limited [POWERGRID],404.0,404.0,32.32,21,27,2025-03-21,2026-12-20,2027-06-30,17.0,8.0,Hindustan Construction Company (HCC),4,Central,Complete,Obtained,Not Required,Partial,Open,4,2026-05-22,4.5,0,0,1,0.0,28.57,20.9,Low
PROJ-619028,Augmentation of 1x500 MVA 400/220kV ICT [3rd] at Thrissur VSC HVDC Station in Kerala,Transmission & Distribution,Ministry of Power,Kerala,Thrissur,Power Grid Corporation of India Limited [POWERGRID],173.0,173.0,2.08,24,28,2025-08-21,2027-08-21,2027-12-31,2.0,1.2,NCC Limited,4,Central,Complete,Pending,Obtained,Complete,Single,1,2026-03-20,3.6,0,0,1,0.0,16.67,14.6,Low
PROJ-617182,Augmentation of Banaskantha [Raghanesda] PS [GIS] [POWERGRID Banaskantha Transco Limited],Transmission & Distribution,Ministry of Power,Chhattisgarh,Rajnandgaon,Power Grid Corporation of India Limited [POWERGRID],172.0,172.0,61.92,24,24,2025-03-24,2027-03-23,2027-03-23,42.0,36.0,Patel Engineering,0,Central,Complete,Obtained,Not Required,Complete,Open,0,2026-07-22,7.2,0,0,0,0.0,0.0,8.0,Low
PROJ-617802,Augmentation of Transformation Capacity and Implementation of Line Bays at Mandsaur S/S for RE Interconnection [SPV Name- POWERGRID Mandsaur I RE Transmission Limited],Transmission & Distribution,Ministry of Power,Assam,Guwahati,Power Grid Corporation of India Limited [POWERGRID],319.0,319.0,17.23,30,30,2025-10-08,2028-03-30,2028-03-30,5.0,5.4,KNR Constructions Ltd,0,Central,Complete,Obtained,Obtained,Complete,Single,0,2026-04-26,7.1,0,0,0,0.0,0.0,8.0,Low
PROJ-617391,Augmentation of Transformation Capacity at Bhuj-II PS [GIS],Transmission & Distribution,Ministry of Power,Himachal Pradesh,Shimla,Power Grid Corporation of India Limited [POWERGRID],488.0,488.0,14.64,21,28,2025-02-24,2026-11-23,2027-06-30,7.0,3.0,NCC Limited,3,Central,Not Started,Pending,Pending,Not Started,Open,2,2026-07-05,4.3,1,0,1,0.0,33.33,29.4,Low
PROJ-615342,Augmentation of Transformation Capacity at jam Khambhaliya PS [GIS] [SPV Name POWERGRID Jam Khambhaliya Transmission Limited],Transmission & Distribution,Ministry of Power,Manipur,Thoubal,Power Grid Corporation of India Limited [POWERGRID],329.0,329.0,72.38,21,30,2024-10-15,2026-07-14,2027-04-30,33.0,22.0,IRCON International,4,Central,Partial,Obtained,Not Required,Not Started,Limited,5,2026-04-23,4.6,2,0,1,0.0,42.86,32.6,Low
PROJ-617069,Augmentation of Transformation Capacity at KPS1 [GIS] and KPS2 [GIS] [Phase-V Part B1 and Part B2 Scheme] [SPV Name- POWERGRID KPS1 and 2 Augmentation Transmission Limited],Transmission & Distribution,Ministry of Power,Punjab,Jalandhar,Power Grid Corporation of India Limited [POWERGRID],466.0,466.0,154.9,24,24,2025-02-18,2027-02-17,2027-02-17,37.0,33.24,IRB Infrastructure Developers,0,Central,Complete,Obtained,Obtained,Complete,Limited,0,2026-02-17,9.5,1,0,0,0.0,0.0,8.0,Low
PROJ-617068,"Augmentation of Transformation Capacity by 3x500 MVA, 400/220 KV ICTS [6th-8th] and 1x1500 MVA, 765/400 KV ICT [4th] at Bidar PS [SPV Name- POWERGRID Bidar Augmentation Transmission Limited]",Transmission & Distribution,Ministry of Power,Goa,Panaji,Power Grid Corporation of India Limited [POWERGRID],288.0,288.0,28.8,28,28,2025-02-18,2027-06-30,2027-06-30,19.0,10.0,Shapoorji Pallonji Co,0,Externally Aided,Complete,Obtained,Not Required,Complete,Open,0,2026-06-30,8.8,0,0,0,0.0,0.0,8.0,Low
PROJ-602223,Comprehensive Scheme for Strengthening of Transmission and Distribution [T&D] Systems [CSST&DS] in Arunachal Pradesh and Sikkim,Transmission & Distribution,Ministry of Power,Arunachal Pradesh,Itanagar,Power Grid Corporation of India Limited [POWERGRID],4754.0,9129.32,8141.52,50,150,2014-10-14,2018-12-19,2027-03-31,84.0,89.18,Dilip Buildcon Ltd,1,Central,Complete,Obtained,Not Required,Partial,Single,1,2026-04-24,6.9,1,1,1,92.03,200.0,64.6,Medium
PROJ-617271,Eastern Region Expansion Scheme-43 [ERES-43],Transmission & Distribution,Ministry of Power,Maharashtra,Aurangabad,Power Grid Corporation of India Limited [POWERGRID],343.0,343.0,143.93,18,25,2024-09-02,2026-03-01,2026-09-30,30.0,41.96,Ashoka Buildcon Ltd,4,Central,Not Started,Pending,Pending,Not Started,Open,3,2026-05-04,3.7,3,0,1,0.0,38.89,39.3,Medium
PROJ-617270,Eastern Region Expansion Scheme-44 [ERES-44],Transmission & Distribution,Ministry of Power,Rajasthan,Bikaner,Power Grid Corporation of India Limited [POWERGRID],409.0,409.0,6.13,18,34,2024-11-25,2026-05-24,2027-09-30,2.0,1.5,Shapoorji Pallonji Co,4,Central,Partial,Pending,Pending,Partial,Single,3,2026-01-04,6.3,1,0,1,0.0,88.89,43.0,Medium
PROJ-617272,Implementation of LILO of both circuits of 400KV vindhyachal PS-Sasan D/C Line at Hindalco Switchyard,Transmission & Distribution,Ministry of Power,Tamil Nadu,Tuticorin,Power Grid Corporation of India Limited [POWERGRID],370.0,370.0,148.0,30,30,2024-06-07,2026-12-06,2026-12-06,55.0,40.0,KNR Constructions Ltd,0,Central,Complete,Obtained,Obtained,Complete,Limited,1,2026-01-04,8.8,0,0,0,0.0,0.0,8.0,Low
PROJ-617326,Implementation of Transmission Systems in the State of Jharkhand consisting of 400/220/132/33 kV transmission lines and substations under Jharkhand Consultancy Project,Transmission & Distribution,Ministry of Power,Jharkhand,Ranchi,Power Grid Corporation of India Limited [POWERGRID],1842.0,1842.0,1648.05,169,184,2012-02-24,2026-03-31,2027-06-30,96.0,89.47,Dilip Buildcon Ltd,1,Central,Complete,Obtained,Obtained,Complete,Open,0,2026-04-06,7.2,1,0,0,0.0,8.88,8.0,Low
PROJ-617807,Inter-regional [NR-WR] Transmission System strengthening to relieve the loading of 765 kV Vindhyachal-Varanasi D/c line,Transmission & Distribution,Ministry of Power,Uttar Pradesh,Varanasi,Power Grid Corporation of India Limited [POWERGRID],2368.0,2368.0,157.94,24,24,2025-10-16,2027-10-16,2027-10-16,6.0,6.67,PNC Infratech Ltd,0,Central,Complete,Obtained,Obtained,Partial,Open,1,2026-08-02,9.4,0,0,0,0.0,0.0,8.0,Low
PROJ-619030,Inter-Regional Strengthening between SR Grid and ER Grid,Transmission & Distribution,Ministry of Power,Assam,Guwahati,Power Grid Corporation of India Limited [POWERGRID],2722.0,2722.0,190.57,30,30,2026-02-03,2028-08-03,2028-08-03,3.0,7.0,GMR Infrastructure,0,State,Complete,Obtained,Obtained,Partial,Single,0,2026-05-05,8.5,0,0,0,0.0,0.0,8.0,Low
PROJ-617808,Inter-Regional Strengthening between SR Grid and WR Grid,Transmission & Distribution,Ministry of Power,Nagaland,Kohima,Power Grid Corporation of India Limited [POWERGRID],1007.0,1007.0,50.35,24,24,2025-10-17,2027-10-17,2027-10-17,3.0,5.0,Patel Engineering,0,PPP,Complete,Obtained,Not Required,Complete,Limited,0,2026-07-30,8.7,0,0,0,0.0,0.0,8.0,Low
PROJ-617405,Jamnagar Transmission Limited,Transmission & Distribution,Ministry of Power,Gujarat,Jamnagar,Adani Transmission Limited,4000.0,4000.0,698.0,24,36,2024-10-14,2026-10-14,2027-09-30,24.0,17.45,Adani Infra Ltd,1,PPP,Not Started,Obtained,Pending,Complete,Single,3,2026-04-06,7.0,0,0,1,0.0,50.0,31.4,Low
PROJ-619049,Khavda IVA Power Transmission Limited,Transmission & Distribution,Ministry of Power,Meghalaya,Tura,Adani Transmission Limited,4500.0,4500.0,2772.7,24,31,2024-08-30,2026-08-30,2027-03-31,70.0,61.62,PNC Infratech Ltd,4,State,Partial,Pending,Obtained,Partial,Limited,5,2026-03-01,4.7,2,0,1,0.0,29.17,26.4,Low
PROJ-619026,KPSIII HVDC Transmission Limited,Transmission & Distribution,Ministry of Power,Punjab,Ludhiana,Adani Transmission Limited,19000.0,19000.0,20.0,48,48,2025-12-12,2029-12-12,2029-12-12,1.0,0.11,Hindustan Construction Company (HCC),1,Externally Aided,Complete,Obtained,Obtained,Complete,Single,0,2026-02-08,8.6,1,0,0,0.0,0.0,8.0,Low
PROJ-619024,Mahan Transmission Limited,Transmission & Distribution,Ministry of Power,Punjab,Jalandhar,Adani Transmission Limited,3125.0,3125.0,542.79,25,25,2025-03-26,2027-04-25,2027-04-25,30.0,17.37,IRCON International,0,State,Complete,Obtained,Obtained,Complete,Single,1,2026-05-21,9.2,0,0,0,0.0,0.0,8.0,Low
PROJ-619227,Network Expansion Scheme in Maharashtra for removal of Transmission constraints in Pune Region-I [765/400kV AIS Pune East],Transmission & Distribution,Ministry of Power,Maharashtra,Pune,Power Grid Corporation of India Limited [POWERGRID],1420.0,1420.0,38.9,24,24,2026-03-12,2028-03-11,2028-03-11,4.0,2.74,Larsen & Toubro Ltd,0,State,Complete,Obtained,Obtained,Partial,Limited,1,2026-03-17,9.5,0,0,0,0.0,0.0,8.0,Low
PROJ-617375,North Eastern Region Expansion Scheme-XXIII [NERES-XXIII],Transmission & Distribution,Ministry of Power,Nagaland,Dimapur,Power Grid Corporation of India Limited [POWERGRID],209.0,209.0,3.14,30,30,2025-08-04,2028-02-03,2028-02-03,4.0,1.5,Larsen & Toubro Ltd,1,PPP,Complete,Obtained,Obtained,Complete,Limited,0,2026-03-01,9.3,0,0,0,0.0,0.0,8.0,Low
PROJ-607709,NORTH EASTERN REGION POWER SYSTEM IMPROVEMENT PROJECT [NERPSIP],Transmission & Distribution,Ministry of Power,Haryana,Ambala,Power Grid Corporation of India Limited [POWERGRID],5111.0,6700.0,5577.75,49,148,2014-12-01,2018-12-31,2027-03-31,99.0,83.25,GMR Infrastructure,4,Central,Not Started,Obtained,Not Required,Partial,Limited,3,2026-02-04,4.0,3,1,1,31.09,202.04,57.7,Medium
PROJ-615343,Provision of Dynamic Reactive Compensation at Khavda pooling Station 1 [KPS1] and Khavda Pooling station 3 [KPS3],Transmission & Distribution,Ministry of Power,Tripura,Dharmanagar,Power Grid Corporation of India Limited [POWERGRID],501.0,501.0,26.45,24,24,2024-11-07,2026-11-06,2026-11-06,9.0,5.28,NCC Limited,0,State,Complete,Obtained,Obtained,Complete,Open,1,2026-06-15,7.2,0,0,0,0.0,0.0,8.0,Low
PROJ-617801,Provision of ICT Augmentation & Bus Reactor at Bhuj-II PS,Transmission & Distribution,Ministry of Power,Goa,Panaji,Power Grid Corporation of India Limited [POWERGRID],582.0,582.0,17.45,21,27,2025-03-18,2026-12-18,2027-06-30,7.0,3.0,Adani Infra Ltd,3,Externally Aided,Partial,Obtained,Obtained,Not Started,Open,3,2026-01-07,4.7,0,0,1,0.0,28.57,22.2,Low
PROJ-619025,RAJASTHAN PART I POWER TRANSMISSION LIMITED,Transmission & Distribution,Ministry of Power,Rajasthan,Jaipur,Adani Transmission Limited,25000.0,25000.0,735.05,54,54,2025-01-20,2029-07-20,2029-07-20,10.0,2.94,Ashoka Buildcon Ltd,0,Central,Complete,Obtained,Not Required,Complete,Single,0,2026-05-21,7.7,0,0,0,0.0,0.0,8.0,Low
PROJ-617186,Rajasthan REZ Ph-V [Part-1- 4 GW] [Sirohi/Nagaur] Complex [Rajasthan V Power Transmission Limited],Transmission & Distribution,Ministry of Power,Rajasthan,Jaipur,Power Grid Corporation of India Limited [POWERGRID],5028.0,5028.0,1508.4,24,27,2025-03-24,2027-03-23,2027-06-30,34.0,30.0,Adani Infra Ltd,1,Central,Complete,Obtained,Obtained,Complete,Open,1,2026-04-24,8.4,1,0,0,0.0,12.5,8.6,Low
PROJ-616672,System Strengthening at Koppal-II and GadagII for integration of RE generation projects [SPV Name POWERGRID Koppal Gadag Augmentation Transmission Limited],Transmission & Distribution,Ministry of Power,Delhi,North Delhi,Power Grid Corporation of India Limited [POWERGRID],1354.0,1354.0,338.5,28,28,2025-01-16,2027-06-01,2027-06-01,38.0,25.0,Hindustan Construction Company (HCC),0,Externally Aided,Partial,Obtained,Obtained,Complete,Single,0,2026-02-11,9.6,0,0,0,0.0,0.0,8.0,Low
PROJ-617179,Transmission Scheme for evacuation of Power from Ratle HEP [850 MW] & kiru [624 MW] Part B,Transmission & Distribution,Ministry of Power,West Bengal,Howrah,Power Grid Corporation of India Limited [POWERGRID],219.0,219.0,3.72,24,35,2024-07-15,2026-07-14,2027-06-30,2.0,1.7,Dilip Buildcon Ltd,2,PPP,Not Started,Obtained,Pending,Complete,Open,2,2026-04-24,3.6,2,0,1,0.0,45.83,31.9,Low
PROJ-612132,Transmission Scheme for Evacuation of power from REZ in Rajasthan [20 GW] under Phase-III Part D Phase I [Sikar Khetri Transmission Ltd],Transmission & Distribution,Ministry of Power,Rajasthan,Jaipur,Power Grid Corporation of India Limited [POWERGRID],2423.0,2423.0,2229.16,18,38,2024-02-09,2025-08-08,2027-03-31,92.0,92.0,Adani Infra Ltd,2,PPP,Not Started,Pending,Pending,Partial,Limited,5,2026-07-02,5.0,3,0,1,0.0,111.11,46.1,Medium
PROJ-617184,Transmission Scheme for integration of Davanagere/ Chitradurga and Bellary REZ in Karnataka [POWERGRID Chitradurga Bellary REZ Transmission Limited],Transmission & Distribution,Ministry of Power,Karnataka,Bengaluru,Power Grid Corporation of India Limited [POWERGRID],3453.0,3453.0,552.48,30,30,2025-03-21,2027-09-20,2027-09-20,23.0,16.0,Megha Engineering (MEIL),0,Central,Complete,Obtained,Obtained,Complete,Open,0,2026-05-30,9.2,0,0,0,0.0,0.0,8.0,Low
PROJ-612140,Transmission Scheme for Integration of Renewable Energy Zone [Phase II] in Koppal II [Phase A&B] and gadag II[Phase A] in Karnataka [POWERGRID KOPPAL GADAG TRANSMISSION LIMITED],Transmission & Distribution,Ministry of Power,Karnataka,Bengaluru,Power Grid Corporation of India Limited [POWERGRID],4445.0,4445.0,4089.4,24,33,2023-12-26,2025-12-25,2026-09-30,96.0,92.0,NCC Limited,4,State,Partial,Pending,Pending,Not Started,Limited,2,2026-04-09,7.1,0,0,1,0.0,37.5,29.6,Low
PROJ-612138,"Transmission Scheme for Solar Energy Zone in Bidar [2500 MW], Karnataka [Bidar Transmission Ltd]",Transmission & Distribution,Ministry of Power,Karnataka,Bengaluru,Power Grid Corporation of India Limited [POWERGRID],1368.0,1368.0,1258.56,24,31,2024-02-09,2026-02-08,2026-08-31,97.0,92.0,PNC Infratech Ltd,2,Central,Complete,Pending,Obtained,Not Started,Open,1,2026-04-14,5.4,1,0,1,0.0,29.17,20.3,Low
PROJ-612139,Transmission system for Evacuation of Additional 7 GW RE power from Khavda RE park under Phase-III Part B [Vataman Transmission Limited],Transmission & Distribution,Ministry of Power,Tamil Nadu,Chennai,Power Grid Corporation of India Limited [POWERGRID],4231.0,4231.0,3175.79,24,36,2023-12-26,2025-12-25,2026-12-31,72.0,75.06,Dilip Buildcon Ltd,1,PPP,Complete,Pending,Obtained,Not Started,Open,4,2026-05-02,4.7,2,0,1,0.0,50.0,32.8,Low
PROJ-617279,Transmission System for evacuation of power from Mahan Energen Limited Generating Station in Madhya Pradesh [SPV Name - POWERGRID MEL Power Transmission Limited],Transmission & Distribution,Ministry of Power,Madhya Pradesh,Bhopal,Power Grid Corporation of India Limited [POWERGRID],558.0,558.0,180.9,30,30,2025-06-04,2027-12-04,2027-12-04,18.0,32.42,Larsen & Toubro Ltd,1,Externally Aided,Complete,Obtained,Obtained,Complete,Open,1,2026-03-31,7.2,0,0,0,0.0,0.0,8.0,Low
PROJ-612855,Transmission System for Evacuation of Power from Potential Energy Renewable Zone in Khavda Area of Gujarat under Ph-IV [7GW] Part E2,Transmission & Distribution,Ministry of Power,Gujarat,Ahmedabad,Power Grid Corporation of India Limited [POWERGRID],697.0,697.0,592.45,24,28,2024-05-30,2026-05-30,2026-09-30,82.0,85.0,GMR Infrastructure,2,Central,Partial,Pending,Pending,Complete,Limited,4,2026-02-21,4.3,2,0,1,0.0,16.67,20.8,Low
PROJ-615345,Transmission System for Evacuation of Power from Potential Renewable Energy Zone in Khavda area of Gujarat under Phase-IV [7GW] Part B [SPV Name POWERGRID South Olpad Transmission Limited],Transmission & Distribution,Ministry of Power,Gujarat,Ahmedabad,Power Grid Corporation of India Limited [POWERGRID],4766.0,4766.0,2144.7,24,37,2024-10-15,2026-10-14,2027-10-31,38.0,45.0,Shapoorji Pallonji Co,1,Central,Not Started,Pending,Obtained,Complete,Open,2,2026-03-03,6.2,3,0,1,0.0,54.17,37.5,Medium
PROJ-615347,TRANSMISSION SYSTEM FOR EVACUATION OF POWER FROM POTENTIAL RENEWABLE ENERGY ZONE IN KHAVDA AREA OF GUJARAT UNDER PHASE-V [8 GW] PART A [SPV Name POWERGRID West Central Transmission Limited],Transmission & Distribution,Ministry of Power,Gujarat,Ahmedabad,Power Grid Corporation of India Limited [POWERGRID],24819.0,24819.0,2978.28,54,54,2024-11-19,2029-05-18,2029-05-18,19.0,12.0,Hindustan Construction Company (HCC),0,Central,Complete,Not Required,Obtained,Complete,Single,0,2026-06-18,7.2,0,0,0,0.0,0.0,8.0,Low
PROJ-615338,TRANSMISSION SYSTEM FOR EVACUATION OF POWER FROM RAJASTHAN REZ PH -IV [PART-2 5.5 GW] [JAISALMER/BARMER COMPLEX] PART F [SPV Name POWERGRID BARMER I TRANSMISSION LIMITED],Transmission & Distribution,Ministry of Power,Rajasthan,Jaipur,Power Grid Corporation of India Limited [POWERGRID],2735.0,2735.0,1121.35,24,32,2024-11-07,2026-11-06,2027-06-30,47.0,41.0,NCC Limited,3,Externally Aided,Not Started,Obtained,Pending,Not Started,Limited,3,2026-04-03,4.9,1,0,1,0.0,33.33,28.7,Low
PROJ-612134,Transmission System for Evacuation of power from Rajasthan REZ Ph-IV [Part-1] [Bikaner Complex] Part A [Bikaner Neemrana Transmission Ltd],Transmission & Distribution,Ministry of Power,Rajasthan,Bikaner,Power Grid Corporation of India Limited [POWERGRID],4741.0,4741.0,3887.62,24,40,2023-12-27,2025-12-26,2027-04-30,79.0,82.0,Megha Engineering (MEIL),1,Central,Partial,Obtained,Pending,Not Started,Single,3,2026-04-16,5.2,2,0,1,0.0,66.67,41.3,Medium
PROJ-612133,Transmission System for Evacuation of power from Rajasthan REZ Ph-IV [Part-1] [Bikaner Complex] Part D [Neemrana Bareilly Transmission Ltd],Transmission & Distribution,Ministry of Power,Rajasthan,Bikaner,Power Grid Corporation of India Limited [POWERGRID],3271.0,3271.0,2731.29,24,40,2023-12-27,2025-12-26,2027-04-30,73.0,83.5,Hindustan Construction Company (HCC),3,Central,Complete,Pending,Obtained,Complete,Single,5,2026-06-06,3.6,3,0,1,0.0,66.67,44.6,Medium
PROJ-615344,Transmission System for Evacuation of Power from Rajasthan REZ Ph-IV [Part-2 5.5GW] [Jaisalmer/Barmer Complex] Part H1 [POWERGRID KURAWAR TRANSMISSION LIMITED],Transmission & Distribution,Ministry of Power,Rajasthan,Jaipur,Power Grid Corporation of India Limited [POWERGRID],3674.0,3674.0,1673.14,24,32,2024-10-15,2026-10-14,2027-06-30,48.0,45.54,PNC Infratech Ltd,2,Central,Complete,Obtained,Not Required,Not Started,Limited,5,2026-05-04,6.4,1,0,1,0.0,33.33,23.9,Low
PROJ-615346,Transmission System for Evacuation of Power from Rajasthan REZ Ph-IV [Part-2 5.5 GW] [Jaisalmer/Barmer Complex] Part C [SPV Name POWERGRID Mandsaur Transmission Limited],Transmission & Distribution,Ministry of Power,Rajasthan,Jaipur,Power Grid Corporation of India Limited [POWERGRID],2708.0,2708.0,1624.8,24,30,2024-08-19,2026-08-18,2027-02-28,72.0,60.0,IRCON International,1,Externally Aided,Complete,Pending,Obtained,Partial,Open,2,2026-04-09,7.1,2,0,1,0.0,25.0,17.6,Low
PROJ-615333,Transmission System for Evacuation of Power from Rajasthan REZ Ph-IV [Part-2 5.5 GW] [Jaisalmer/Barmer Complex] Part D [SPV Name POWERGRID Beawar Mandsaur Transmission Limited],Transmission & Distribution,Ministry of Power,Rajasthan,Jaipur,Power Grid Corporation of India Limited [POWERGRID],2227.0,2227.0,1113.5,24,28,2024-08-22,2026-08-21,2026-12-31,49.0,50.0,IRB Infrastructure Developers,1,Central,Partial,Pending,Obtained,Partial,Open,3,2026-07-22,5.8,1,0,1,0.0,16.67,15.7,Low
PROJ-615334,Transmission System for Evacuation of Power from Rajasthan REZ Ph-IV [Part-2 5.5 GW] [Jaisalmer/Barmer Complex] Part E [SPV Name POWERGRID Mewar Transmission Limited],Transmission & Distribution,Ministry of Power,Rajasthan,Jaipur,Power Grid Corporation of India Limited [POWERGRID],3251.0,3251.0,2048.13,24,32,2024-08-19,2026-08-18,2027-04-30,47.0,63.0,Larsen & Toubro Ltd,2,PPP,Not Started,Pending,Obtained,Partial,Open,2,2026-03-14,3.7,0,0,1,0.0,33.33,29.0,Low
PROJ-615332,Transmission System for Evacuation of Power from Rajasthan REZ Ph-IV [Part-2 5.5 GW][Jaisalmer/Barmer Complex] Part B [SPV Name POWERGRID Sirohi Transmission Limited],Transmission & Distribution,Ministry of Power,Rajasthan,Jaipur,Power Grid Corporation of India Limited [POWERGRID],3279.0,3279.0,1901.82,24,31,2024-08-23,2026-08-22,2027-03-31,56.0,58.0,Ashoka Buildcon Ltd,4,Central,Complete,Obtained,Obtained,Not Started,Limited,1,2026-06-30,3.8,2,0,1,0.0,29.17,22.8,Low
PROJ-615340,TRANSMISSION SYSTEM FOR EVACUATION OF POWER FROM RAJASTHAN REZ PH-IV [PART-3/ 6 GW] [BIKANER COMPLEX] PART B [SPV Name POWERGRID Siwani Transmission Limited],Transmission & Distribution,Ministry of Power,Rajasthan,Bikaner,Power Grid Corporation of India Limited [POWERGRID],5357.0,5357.0,1921.02,24,29,2024-11-12,2026-11-11,2027-03-31,37.0,35.86,Ashoka Buildcon Ltd,4,Externally Aided,Partial,Pending,Obtained,Partial,Open,3,2026-06-12,4.5,2,0,1,0.0,20.83,21.9,Low
PROJ-615339,Transmission system for evacuation of power from Rajasthan REZ Ph-IV [Part-3/6GW] [Bikaner complex] Part A [SPV Name POWERGRID Bikaner IV Transmission Limited],Transmission & Distribution,Ministry of Power,Rajasthan,Bikaner,Power Grid Corporation of India Limited [POWERGRID],5969.0,5969.0,1969.77,24,30,2024-11-12,2026-11-11,2027-04-30,33.0,33.0,Larsen & Toubro Ltd,2,Central,Complete,Obtained,Obtained,Not Started,Open,1,2026-05-07,6.5,0,0,1,0.0,25.0,15.9,Low
PROJ-616670,Transmission System for evacuation of Power from Rajasthan REZ Ph-IV [Part-4 3.5 GW] Part A [SPV name POWERGRID Ghiror Transmission Limited],Transmission & Distribution,Ministry of Power,Rajasthan,Jaipur,Power Grid Corporation of India Limited [POWERGRID],5846.0,5846.0,1953.73,24,30,2024-12-30,2026-12-30,2027-06-30,41.0,33.42,NCC Limited,1,Central,Not Started,Obtained,Obtained,Not Started,Open,5,2026-02-13,7.1,1,0,1,0.0,25.0,22.7,Low
PROJ-615336,Transmission system for evacuation of Power from REZ in Rajasthan [20 GW] under phase-III Part-D Phase-II,Transmission & Distribution,Ministry of Power,Rajasthan,Jaipur,Power Grid Corporation of India Limited [POWERGRID],284.0,284.0,90.88,28,38,2023-11-07,2026-02-28,2026-12-31,46.0,32.0,IRCON International,4,Central,Partial,Pending,Obtained,Complete,Single,2,2026-06-27,5.5,1,0,1,0.0,35.71,26.8,Low
PROJ-611949,Transmission system for evacuation of power from REZ in Rajasthan 20 GW under Phase-III part C1,Transmission & Distribution,Ministry of Power,Rajasthan,Jaipur,Power Grid Corporation of India Limited [POWERGRID],1160.0,1160.0,1148.4,18,34,2023-10-26,2025-04-30,2026-08-31,100.0,99.0,IRB Infrastructure Developers,4,Central,Complete,Obtained,Not Required,Not Started,Single,5,2026-01-19,6.7,3,0,1,0.0,88.89,41.5,Medium
PROJ-611735,Transmission system for evacuation of power from REZ in Rajasthan 20GW under Phase-III Part J,Transmission & Distribution,Ministry of Power,Rajasthan,Jaipur,Power Grid Corporation of India Limited [POWERGRID],331.0,331.0,235.01,28,49,2022-12-01,2025-03-31,2026-12-31,69.0,71.0,Afcons Infrastructure,3,Externally Aided,Partial,Pending,Pending,Partial,Limited,4,2026-06-09,6.9,2,0,1,0.0,75.0,44.2,Medium
PROJ-617806,Transmission System for Integration of Ananthapur 2 REZ Phase 1 for 4.5 GW. SPV Name Anantapuram 2 REZ Transmission Ltd,Transmission & Distribution,Ministry of Power,Maharashtra,Aurangabad,Sterlite Power,4536.0,4536.0,1207.57,31,31,2024-08-23,2027-03-30,2027-03-30,64.0,26.62,Adani Infra Ltd,1,PPP,Complete,Obtained,Obtained,Complete,Open,0,2026-01-20,8.6,0,0,0,0.0,0.0,8.0,Low
PROJ-617185,Transmission System for Integration of Kurnool-IV REZ Phase-I [for 4.5 GW] [POWERGRID Kurnool-IV Transmission Limited],Transmission & Distribution,Ministry of Power,Andhra Pradesh,Kurnool,Power Grid Corporation of India Limited [POWERGRID],5550.0,5550.0,1776.0,24,30,2025-03-24,2027-03-23,2027-09-30,29.0,32.0,Larsen & Toubro Ltd,4,State,Partial,Pending,Pending,Partial,Single,1,2026-05-21,5.9,1,0,1,0.0,25.0,23.6,Low
PROJ-619029,Transmission System for Reliable Power Supply to Dholera,Transmission & Distribution,Ministry of Power,Gujarat,Dholera,Power Grid Corporation of India Limited [POWERGRID],319.0,319.0,70.27,18,28,2024-09-02,2026-03-02,2026-12-31,35.0,22.03,Shapoorji Pallonji Co,4,State,Partial,Obtained,Not Required,Not Started,Limited,2,2026-04-01,4.3,3,0,1,0.0,55.56,37.7,Medium
PROJ-617269,Transmission System for Strengthening to facilitate evacuation of power from Bhadla/Bikaner Complex,Transmission & Distribution,Ministry of Power,Rajasthan,Bikaner,Power Grid Corporation of India Limited [POWERGRID],213.0,213.0,12.76,18,25,2024-12-10,2026-06-09,2026-12-31,12.0,5.99,Dilip Buildcon Ltd,3,Externally Aided,Not Started,Obtained,Pending,Not Started,Single,1,2026-05-16,6.7,3,0,1,0.0,38.89,31.7,Low
PROJ-617803,Transmission System Strengthening at Davanagere for Integration of RE Generation [SPV Name - POWERGRID Davanagere Power Transmission Limited],Transmission & Distribution,Ministry of Power,Tripura,Udaipur,Power Grid Corporation of India Limited [POWERGRID],379.0,379.0,17.06,24,24,2025-09-24,2027-09-24,2027-09-24,2.0,4.5,Megha Engineering (MEIL),0,State,Complete,Obtained,Obtained,Partial,Limited,0,2026-07-27,8.4,1,0,0,0.0,0.0,8.0,Low
PROJ-617183,Transmission system strengthening at Kurnool- III PS for integration of additional RE generation projects [POWERGRID Kurnool III PS RE Transmission Limited],Transmission & Distribution,Ministry of Power,Andhra Pradesh,Kurnool,Power Grid Corporation of India Limited [POWERGRID],2886.0,2886.0,894.66,33,33,2025-03-27,2027-12-31,2027-12-31,44.0,31.0,Adani Infra Ltd,0,State,Complete,Obtained,Obtained,Partial,Open,0,2026-04-12,9.3,0,0,0,0.0,0.0,8.0,Low
PROJ-619228,Transmission System Strengthening for integration of additional RE Potential at Davanagere [0.25 GW] and Bellary [2.75 GW],Transmission & Distribution,Ministry of Power,Uttar Pradesh,Noida,Power Grid Corporation of India Limited [POWERGRID],1111.0,1111.0,22.22,24,24,2026-02-12,2028-02-11,2028-02-11,1.0,2.0,Hindustan Construction Company (HCC),0,PPP,Complete,Obtained,Obtained,Complete,Open,0,2026-05-10,7.1,0,0,0,0.0,0.0,8.0,Low
PROJ-615335,Transmission System Strengthening for Interconnections of Bhadla-III & Bikaner III Complex [SPV Name POWERGRID BHADLA BIKANER TRANSMISSION LIMITED],Transmission & Distribution,Ministry of Power,Rajasthan,Bikaner,Power Grid Corporation of India Limited [POWERGRID],1382.0,1382.0,628.81,24,31,2024-08-30,2026-08-29,2027-03-31,57.0,45.5,Patel Engineering,4,Central,Not Started,Pending,Not Required,Complete,Open,1,2026-05-08,5.2,1,0,1,0.0,29.17,25.0,Low
PROJ-616671,Transmission System under ISTS for evacuation of Power from Kudankulam Unit-3&4 [2x1000 MW] [SPV Name POWERGRID Kudankulam Tarnsmission Limited],Transmission & Distribution,Ministry of Power,Jharkhand,Ranchi,Power Grid Corporation of India Limited [POWERGRID],548.0,548.0,208.24,24,27,2025-01-10,2026-12-31,2027-03-31,24.0,38.0,GMR Infrastructure,0,PPP,Partial,Obtained,Obtained,Complete,Open,0,2026-08-03,8.6,0,0,0,0.0,12.5,11.6,Low
PROJ-619027,WRNES Talegaon Power Transmission Limited,Transmission & Distribution,Ministry of Power,West Bengal,Asansol,Adani Transmission Limited,2000.0,2000.0,25.0,31,31,2025-05-30,2028-01-01,2028-01-01,5.0,1.25,Tata Projects Ltd,0,PPP,Partial,Obtained,Obtained,Partial,Open,1,2026-03-16,8.1,0,0,0,0.0,0.0,8.0,Low
PROJ-702629,Agra Metro Rail Project,Urban Public Transport,Ministry of Housing & Urban Affairs,Uttar Pradesh,Agra,Uttar Pradesh metro rail corporation [UPMRC],8380.0,8380.0,6368.28,60,97,2019-05-27,2024-05-26,2027-06-30,73.0,75.99,Shapoorji Pallonji Co,1,PPP,Partial,Obtained,Obtained,Partial,Limited,5,2026-05-11,6.2,3,0,1,0.0,61.67,38.6,Medium
PROJ-612878,Bangalore Metro Rail Project - PHASE-3,Urban Public Transport,Ministry of Housing & Urban Affairs,Karnataka,Bengaluru,Bengaluru Metro Rail,15611.0,15611.0,0.0,81,81,2024-09-13,2031-05-31,2031-05-31,4.0,0.0,KNR Constructions Ltd,1,Externally Aided,Complete,Obtained,Obtained,Partial,Open,0,2026-06-13,8.9,1,0,0,0.0,0.0,8.0,Low
PROJ-702625,Bhopal Metro Rail Project,Urban Public Transport,Ministry of Housing & Urban Affairs,Madhya Pradesh,Bhopal,Madhya Pradesh Metro Rail Co Limited [MPMRCL],6941.0,6941.0,4498.76,48,115,2018-11-30,2022-11-29,2028-06-30,63.0,64.81,KNR Constructions Ltd,3,PPP,Complete,Pending,Obtained,Complete,Single,4,2026-05-08,5.8,2,0,1,0.0,139.58,40.8,Medium
PROJ-702668,Chennai Metro Rail Phase-II Development Project,Urban Public Transport,Ministry of Housing & Urban Affairs,Tamil Nadu,Chennai,Chennai Metro Rail Limited [CMRL],63246.0,63246.0,34698.0,58,58,2024-10-18,2029-08-31,2029-08-31,56.0,54.86,PNC Infratech Ltd,0,Externally Aided,Complete,Obtained,Obtained,Complete,Single,0,2026-03-17,8.6,1,0,0,0.0,0.0,8.0,Low
PROJ-702665,Construction Bangalore Metro Rail Project Phase-2A & 2B,Urban Public Transport,Ministry of Housing & Urban Affairs,Karnataka,Bengaluru,Bengaluru Metro Rail,14788.0,14788.1,10878.5,61,61,2021-06-07,2026-06-30,2026-06-30,68.0,73.56,NCC Limited,1,Externally Aided,Complete,Obtained,Obtained,Partial,Open,0,2026-05-01,8.4,0,0,0,0.0,0.0,8.0,Low
PROJ-702635,Construction of Bangalore Metro Rail Project Phase 2.,Urban Public Transport,Ministry of Housing & Urban Affairs,Karnataka,Bengaluru,Bengaluru Metro Rail,26405.0,30695.1,29835.0,85,151,2014-02-21,2021-03-22,2026-09-30,96.0,97.2,Ashoka Buildcon Ltd,2,Central,Complete,Obtained,Pending,Partial,Open,4,2026-05-12,3.9,1,1,1,16.25,77.65,45.8,Medium
PROJ-619031,Delhi Metro Rail Phase V A,Urban Public Transport,Ministry of Housing & Urban Affairs,Delhi,New Delhi,Delhi Metro Rail Corporation Limited [DMRC],12015.0,12015.0,264.98,36,36,2026-01-07,2028-12-31,2028-12-31,6.0,2.21,Tata Projects Ltd,0,Central,Complete,Obtained,Obtained,Complete,Open,1,2026-05-04,9.6,0,0,0,0.0,0.0,8.0,Low
PROJ-617207,Delhi Metro Rail Phase-IV [2 Corridors],Urban Public Transport,Ministry of Housing & Urban Affairs,Delhi,New Delhi,Delhi Metro Rail Corporation Limited [DMRC],8400.0,8400.0,183.23,60,60,2024-03-28,2029-03-27,2029-03-27,4.0,2.18,Adani Infra Ltd,0,Central,Complete,Obtained,Obtained,Partial,Open,0,2026-02-03,8.6,0,0,0,0.0,0.0,8.0,Low
PROJ-617206,Delhi Metro Rail Phase-IV [Rithala - Kundli Corridor],Urban Public Transport,Ministry of Housing & Urban Affairs,Delhi,New Delhi,Delhi Metro Rail Corporation Limited [DMRC],6231.0,6231.0,800.48,48,48,2025-01-03,2029-01-02,2029-01-02,5.0,12.85,Ashoka Buildcon Ltd,0,PPP,Complete,Obtained,Obtained,Complete,Open,0,2026-03-21,7.3,0,0,0,0.0,0.0,8.0,Low
PROJ-702632,DMRTS Phase - IV [3 Priority Corridors],Urban Public Transport,Ministry of Housing & Urban Affairs,Delhi,New Delhi,Delhi Metro Rail Corporation Limited [DMRC],24949.0,24949.0,21420.8,69,90,2019-07-04,2025-03-31,2026-12-31,83.0,85.86,Dilip Buildcon Ltd,3,Central,Not Started,Obtained,Pending,Complete,Open,4,2026-07-27,5.6,0,0,1,0.0,30.43,26.6,Low
PROJ-616221,"Extension of Aqua Line Metro Corridor from Noida Sector-142 station to Botanical Garden, Noida of Noida Metro Rail Corporation",Urban Public Transport,Ministry of Housing & Urban Affairs,Uttar Pradesh,Noida,Noida Metro Rail Corporation Ltd. [NMRCL],2254.0,2254.0,0.0,48,48,2026-03-17,2030-03-16,2030-03-16,0.0,0.0,Dilip Buildcon Ltd,0,State,Complete,Obtained,Obtained,Partial,Open,0,2026-04-04,8.9,1,0,0,0.0,0.0,8.0,Low
PROJ-702626,Indore Metro Rail Project,Urban Public Transport,Ministry of Housing & Urban Affairs,Madhya Pradesh,Indore,Madhya Pradesh Metro Rail Co Limited [MPMRCL],7501.0,7501.0,5093.95,48,121,2018-11-30,2022-11-29,2028-12-31,65.0,67.91,IRB Infrastructure Developers,3,Central,Complete,Pending,Obtained,Partial,Single,1,2026-03-13,4.5,2,0,1,0.0,152.08,38.8,Medium
PROJ-612068,Jaipur Metro Phase 1D Project from Mansarovar to Ajmer Road Chauraha,Urban Public Transport,Ministry of Housing & Urban Affairs,Rajasthan,Jaipur,Jaipur Metro Rail Corporation,205.0,205.0,23.34,6,6,2026-05-13,2026-03-30,2026-03-30,12.0,11.39,Dilip Buildcon Ltd,0,Central,Complete,Obtained,Obtained,Complete,Open,0,2026-05-16,8.2,0,0,0,0.0,0.0,8.0,Low
PROJ-245986,Jaipur Metro Rail Project Phase 2 (Prahladpura to Todi Mod),Urban Public Transport,Ministry of Housing & Urban Affairs,Rajasthan,Jaipur,Jaipur Metro Rail Corporation,13038.0,13038.0,1.79,66,66,2026-04-28,2031-10-28,2031-10-28,2.0,0.01,Adani Infra Ltd,0,Central,Complete,Obtained,Obtained,Complete,Limited,0,2026-03-10,9.8,0,0,0,0.0,0.0,8.0,Low
PROJ-701991,Kalyan Station Precinct Imporvement Project,Urban Public Transport,Ministry of Housing & Urban Affairs,Chhattisgarh,Rajnandgaon,ministry of housing and urban affairs,600.0,723.7,530.04,63,98,2018-04-24,2023-07-31,2026-06-30,85.0,73.24,Adani Infra Ltd,4,Externally Aided,Partial,Obtained,Obtained,Partial,Open,1,2026-01-03,6.6,1,1,1,20.62,55.56,42.7,Medium
PROJ-702628,Kanpur Metro Rail Project,Urban Public Transport,Ministry of Housing & Urban Affairs,Uttar Pradesh,Kanpur,Uttar Pradesh metro rail corporation [UPMRC],11076.0,11076.0,9463.15,60,94,2019-05-27,2024-05-26,2027-03-31,83.0,85.44,Patel Engineering,4,State,Complete,Obtained,Pending,Not Started,Open,4,2026-07-17,4.9,2,0,1,0.0,56.67,39.2,Medium
PROJ-702664,Kochi Metro Rail Phase 2 Development Project,Urban Public Transport,Ministry of Housing & Urban Affairs,Kerala,Kochi,CSPCC Projects,1957.0,1957.0,816.8,48,48,2022-11-21,2026-11-20,2026-11-20,41.0,41.74,Dilip Buildcon Ltd,0,PPP,Complete,Obtained,Not Required,Partial,Single,0,2026-08-11,8.8,0,0,0,0.0,0.0,8.0,Low
PROJ-619052,LUCKNOW METRO RAIL PROJECT PHASE-1B EAST WEST CORRIDOR,Urban Public Transport,Ministry of Housing & Urban Affairs,Uttar Pradesh,Lucknow,Uttar Pradesh metro rail corporation [UPMRC],5801.0,5801.0,0.05,68,68,2025-09-03,2031-04-30,2031-04-30,2.0,0.0,Larsen & Toubro Ltd,0,Central,Partial,Obtained,Obtained,Complete,Open,1,2026-04-05,8.2,0,0,0,0.0,0.0,8.0,Low
PROJ-619022,"Metro connectivity from Millennium City Centre to Cyber City with Spur to Dwarka Expressway, Gurugram.",Urban Public Transport,Ministry of Housing & Urban Affairs,Haryana,Gurugram,Gurugram Metro Rail Limited [GMRL],5453.0,5453.0,193.32,48,48,2023-07-06,2027-07-06,2027-07-06,10.0,3.55,IRCON International,1,Central,Complete,Obtained,Obtained,Complete,Single,1,2026-07-25,8.7,1,0,0,0.0,0.0,8.0,Low
PROJ-702637,Mumbai Metro Line 3,Urban Public Transport,Ministry of Housing & Urban Affairs,Maharashtra,Mumbai,Mumbai Metro Rail Corporation Limited [MMRC],23136.0,37276.0,35960.0,116,145,2013-07-18,2023-03-31,2025-08-31,99.0,96.47,Dilip Buildcon Ltd,2,PPP,Complete,Pending,Pending,Complete,Open,5,2026-03-08,6.4,0,1,1,61.12,25.0,48.2,Medium
PROJ-702658,Nagpur Metro Rail Phase II Development Project,Urban Public Transport,Ministry of Housing & Urban Affairs,Maharashtra,Nagpur,Maharashtra Metro Rail Corporation Limited [MMRCL],6708.0,6708.0,2161.73,60,60,2022-12-29,2027-12-31,2027-12-31,42.0,32.23,GMR Infrastructure,0,Central,Complete,Obtained,Obtained,Complete,Limited,0,2026-06-04,7.5,0,0,0,0.0,0.0,8.0,Low
PROJ-701745,New Suburba Station Development Project,Urban Public Transport,Ministry of Housing & Urban Affairs,Goa,South Goa,ministry of housing and urban affairs,263.0,263.0,163.21,51,51,2018-04-26,2022-07-31,2022-07-31,48.0,62.06,Ashoka Buildcon Ltd,0,Externally Aided,Complete,Obtained,Obtained,Complete,Open,1,2026-06-18,9.3,1,0,0,0.0,0.0,8.0,Low
PROJ-702627,Patna Metro Rail Project,Urban Public Transport,Ministry of Housing & Urban Affairs,Bihar,Patna,Patna Metro Rail Corporation Ltd. [PMRCL],13366.0,13365.8,5198.09,60,100,2019-02-27,2024-02-26,2027-06-30,50.0,38.89,Megha Engineering (MEIL),4,Central,Partial,Obtained,Pending,Not Started,Open,5,2026-06-15,6.7,2,0,1,0.0,66.67,44.8,Medium
PROJ-617225,PCMC To Nigdi- Extension Of North South Corridor Of Phase-1,Urban Public Transport,Ministry of Housing & Urban Affairs,Maharashtra,Mumbai,Maharashtra Metro Rail Corporation Limited [MMRCL],910.0,960.18,322.59,39,39,2023-10-23,2027-01-31,2027-01-31,49.0,33.6,IRCON International,0,PPP,Complete,Not Required,Obtained,Complete,Single,0,2026-07-25,8.8,1,0,0,5.51,0.0,8.0,Low
PROJ-617226,Pune Metro Phase-1 Extension line towards south from Swargate to Katraj,Urban Public Transport,Ministry of Housing & Urban Affairs,Maharashtra,Pune,Maharashtra Metro Rail Corporation Limited [MMRCL],2955.0,2955.0,190.07,54,54,2024-09-04,2029-03-04,2029-03-04,9.0,6.43,IRB Infrastructure Developers,0,PPP,Partial,Obtained,Obtained,Complete,Open,0,2026-06-05,7.1,0,0,0,0.0,0.0,8.0,Low
PROJ-618971,Pune Metro Rail Project Phase-2 Corridor 2A Vanaz to Chandani Chowk and Corridor 2B Ramwadi to Wagholi/Vitthalwadi,Urban Public Transport,Ministry of Housing & Urban Affairs,Maharashtra,Pune,Maharashtra Metro Rail Corporation Limited [MMRCL],3626.0,3626.0,16.17,48,48,2025-07-16,2029-07-31,2029-07-31,2.0,0.45,Afcons Infrastructure,0,Central,Complete,Obtained,Obtained,Partial,Limited,1,2026-08-03,8.3,1,0,0,0.0,0.0,8.0,Low
PROJ-618985,Pune Metro Rail Project Phase-2 Line-4 Kharadi to Khadakwasla with Spur Line 4A Nal Stop - Warje - Manikbaug,Urban Public Transport,Ministry of Housing & Urban Affairs,Maharashtra,Pune,Maharashtra Metro Rail Corporation Limited [MMRCL],9858.0,9858.0,8.62,60,60,2025-12-16,2030-12-31,2030-12-31,2.0,0.09,IRB Infrastructure Developers,0,Externally Aided,Complete,Obtained,Obtained,Complete,Open,0,2026-04-25,8.5,1,0,0,0.0,0.0,8.0,Low
PROJ-612066,Rajasthan Metro Rail Project Phase 1C from Badi Chaupar to Transport Nagar via Galta Gate,Urban Public Transport,Ministry of Housing & Urban Affairs,Rajasthan,Jaipur,Jaipur Metro Rail Corporation,980.0,980.0,103.03,19,19,2025-10-07,2027-04-30,2027-04-30,0.0,10.51,Patel Engineering,0,Externally Aided,Complete,Obtained,Not Required,Complete,Open,0,2026-04-23,8.4,0,0,0,0.0,0.0,8.0,Low
PROJ-702630,Surat Metro Rail Project,Urban Public Transport,Ministry of Housing & Urban Affairs,Gujarat,Surat,Gujarat Metro Rail Corporation Limited [GMRCL],12020.0,12020.0,9332.21,60,97,2019-03-09,2024-03-09,2027-03-31,82.0,77.64,Tata Projects Ltd,2,Central,Not Started,Obtained,Not Required,Complete,Open,2,2026-01-06,5.6,2,0,1,0.0,61.67,37.5,Medium
PROJ-617327,Thane Integral Ring Metro Rail Project,Urban Public Transport,Ministry of Housing & Urban Affairs,Maharashtra,Thane,Maharashtra Metro Rail Corporation Limited [MMRCL],12200.0,12200.0,101.17,61,61,2024-09-04,2029-09-30,2029-09-30,10.0,0.83,Larsen & Toubro Ltd,0,Externally Aided,Complete,Obtained,Not Required,Complete,Limited,1,2026-04-20,7.8,1,0,0,0.0,0.0,8.0,Low
PROJ-616594,Interception & Diversion with Rehabilitation of sewerage scheme at Agra under Hybrid annuity based PPP model-Namami Gange Programme,Waste & Water,"Department of Water Resources, River Development & GR",Uttar Pradesh,Agra,National Mission for Clean Ganga,842.0,842.0,208.64,60,80,2020-05-06,2025-04-30,2026-12-31,84.0,24.78,PNC Infratech Ltd,2,PPP,Complete,Obtained,Not Required,Partial,Open,4,2026-07-17,6.1,0,0,1,0.0,33.33,20.6,Low
PROJ-616600,Interception and Diversion and STP works in Bhagalpur under Hybrid annuity based PPP mode-Namami Gange Programme,Waste & Water,"Department of Water Resources, River Development & GR",Bihar,Bhagalpur,National Mission for Clean Ganga,413.0,413.0,126.67,88,111,2017-10-12,2025-02-06,2026-12-31,97.0,30.67,Adani Infra Ltd,4,Externally Aided,Not Started,Pending,Not Required,Complete,Open,2,2026-05-16,6.8,3,0,1,0.0,26.14,26.4,Low
PROJ-616604,Pollution Abatement works for River Ganga at Hooghly Chinsurah- Municipal Town Interception & Diversion with STP,Waste & Water,"Department of Water Resources, River Development & GR",Odisha,Balasore,National Mission for Clean Ganga,155.0,155.0,102.04,83,100,2018-05-10,2025-03-30,2026-08-31,94.0,65.83,Shapoorji Pallonji Co,3,PPP,Complete,Obtained,Pending,Partial,Open,2,2026-05-15,4.3,0,0,1,0.0,20.48,15.9,Low
PROJ-616605,Pollution Abatement Works for River Kali Meerut under Meerut Municipality Interception & Diversion with STP,Waste & Water,"Department of Water Resources, River Development & GR",Uttar Pradesh,Meerut,National Mission for Clean Ganga,691.0,691.0,34.79,56,83,2020-05-06,2024-12-31,2027-03-31,57.0,5.03,Tata Projects Ltd,1,Central,Partial,Pending,Pending,Complete,Open,2,2026-07-12,5.4,0,0,1,0.0,48.21,29.3,Low
PROJ-616611,Sewage Treatment Plant 100MLD and Sewerage Network 288 km in Digha-Patna under Hybrid annuity based PPP mode-Namami Gange Programme,Waste & Water,"Department of Water Resources, River Development & GR",Bihar,Patna,National Mission for Clean Ganga,824.0,824.0,403.34,101,110,2017-08-11,2025-12-30,2026-09-30,59.0,48.95,NCC Limited,1,PPP,Complete,Obtained,Obtained,Complete,Limited,1,2026-03-07,8.4,0,0,0,0.0,8.91,8.0,Low
PROJ-616612,Sewage Treatment Plant 50MLD and Sewerage Network 150 km in Kankarbagh Patna under Hybrid annuity based PPP mode Namami Gange Programme,Waste & Water,"Department of Water Resources, River Development & GR",Bihar,Patna,NMCG1,579.0,579.0,174.61,101,101,2017-08-11,2025-12-30,2025-12-30,55.0,30.16,Patel Engineering,0,Central,Complete,Obtained,Obtained,Partial,Single,0,2026-04-10,8.0,1,0,0,0.0,0.0,8.0,Low
PROJ-616615,"Sewer Network, SPS and STP at Begusarai",Waste & Water,"Department of Water Resources, River Development & GR",Punjab,Amritsar,National Mission for Clean Ganga,230.0,230.0,261.82,182,202,2010-03-08,2025-04-30,2026-12-31,97.0,100.0,Shapoorji Pallonji Co,0,Externally Aided,Partial,Obtained,Obtained,Complete,Open,0,2026-03-03,7.9,0,0,0,0.0,10.99,8.0,Low
PROJ-616616,"Sewer Networks, SPS and STP at Hajipur",Waste & Water,"Department of Water Resources, River Development & GR",Gujarat,Gandhinagar,National Mission for Clean Ganga,305.0,305.0,346.46,184,202,2010-03-08,2025-06-30,2026-12-31,95.0,100.0,Hindustan Construction Company (HCC),0,PPP,Partial,Obtained,Not Required,Complete,Open,0,2026-04-06,8.1,0,0,0,0.0,9.78,8.0,Low
PROJ-702746,Augmentation and Strenghthning of Urban Water Supply Phase 1 - SAAP 3,Waste & Water,Ministry of Housing & Urban Affairs,Maharashtra,Nagpur,Ministry of Housing & Urban Affairs,278.0,278.0,186.5,74,113,2017-02-02,2023-03-31,2026-06-30,81.0,67.09,GMR Infrastructure,3,Externally Aided,Partial,Obtained,Obtained,Complete,Limited,5,2026-06-11,7.0,2,0,1,0.0,52.7,35.1,Medium
PROJ-702760,Belgavi Improvement in Sewerage System Project,Waste & Water,Ministry of Housing & Urban Affairs,Bihar,Gaya,Ministry of Housing & Urban Affairs,163.0,163.0,79.5,91,126,2015-12-15,2023-07-31,2026-06-30,80.0,48.77,NCC Limited,1,Central,Complete,Obtained,Not Required,Partial,Single,1,2026-01-07,7.1,1,0,1,0.0,38.46,20.3,Low
PROJ-702741,Dhanbad Water Supply Infrastructure Project,Waste & Water,Ministry of Housing & Urban Affairs,Jharkhand,Dhanbad,Ministry of Housing & Urban Affairs,217.0,217.0,129.16,74,113,2017-02-02,2023-03-31,2026-06-30,76.0,59.52,Megha Engineering (MEIL),1,Central,Complete,Obtained,Pending,Not Started,Limited,3,2026-02-25,4.4,0,0,1,0.0,52.7,30.3,Low
PROJ-702674,"ESR - 8 nos., distribution system - 216 Km, new house service connections - 38760 nos. upgrading of feeder mains, pumping station etc. - Phase II",Waste & Water,Ministry of Housing & Urban Affairs,Mizoram,Lunglei,Ministry of Housing & Urban Affairs,172.0,172.0,88.86,74,115,2017-02-02,2023-03-31,2026-08-31,82.0,51.66,KNR Constructions Ltd,3,Central,Partial,Pending,Pending,Partial,Open,4,2026-01-14,6.1,3,0,1,0.0,55.41,39.5,Medium
PROJ-702793,Indore Water Supply Infrastructure Project,Waste & Water,Ministry of Housing & Urban Affairs,Madhya Pradesh,Indore,Ministry of Housing & Urban Affairs,287.0,287.0,252.5,75,114,2016-12-21,2023-03-31,2026-06-30,99.0,87.98,NCC Limited,3,PPP,Complete,Obtained,Pending,Partial,Open,5,2026-07-01,5.1,3,0,1,0.0,52.0,34.9,Low
PROJ-703021,Jalandhar Water Supply Infrastructure Project,Waste & Water,Ministry of Housing & Urban Affairs,Punjab,Jalandhar,Ministry of Housing & Urban Affairs,259.0,266.64,161.02,81,117,2016-11-18,2023-08-28,2026-08-31,90.0,60.39,GMR Infrastructure,1,PPP,Not Started,Pending,Not Required,Partial,Limited,3,2026-04-10,6.7,1,0,1,2.95,44.44,31.2,Low
PROJ-702949,Jhansi Water Supply Infrastructure Phase-II Project,Waste & Water,Ministry of Housing & Urban Affairs,Chhattisgarh,Raipur,Ministry of Housing & Urban Affairs,562.0,562.0,506.52,77,114,2017-03-15,2023-07-31,2026-08-31,95.0,90.13,Ashoka Buildcon Ltd,3,Externally Aided,Not Started,Obtained,Pending,Not Started,Open,5,2026-05-09,6.3,0,0,1,0.0,48.05,36.0,Medium
PROJ-702833,Kalyan-Dombivali Water Supply Infrastructure Project,Waste & Water,Ministry of Housing & Urban Affairs,Goa,South Goa,Ministry of Housing & Urban Affairs,194.0,194.0,136.56,88,122,2016-07-08,2023-10-31,2026-08-31,75.0,70.39,IRB Infrastructure Developers,1,Central,Partial,Pending,Pending,Partial,Limited,1,2026-06-20,4.0,2,0,1,0.0,38.64,26.2,Low
PROJ-702958,Lucknow Sewerage Management Infrastructure Project,Waste & Water,Ministry of Housing & Urban Affairs,Uttar Pradesh,Lucknow,Ministry of Housing & Urban Affairs,142.0,173.21,152.65,78,119,2016-09-26,2023-03-31,2026-08-31,95.0,88.13,Afcons Infrastructure,2,Central,Not Started,Obtained,Obtained,Not Started,Open,4,2026-01-28,6.8,3,1,1,21.98,52.56,47.4,Medium
PROJ-702699,Muzaffarpur Storm Water Drainage Phase-I Project,Waste & Water,Ministry of Housing & Urban Affairs,Bihar,Muzaffarpur,Ministry of Housing & Urban Affairs,159.0,159.0,135.72,83,115,2016-11-18,2023-10-31,2026-06-30,85.0,85.36,IRCON International,1,Externally Aided,Not Started,Pending,Pending,Partial,Limited,3,2026-03-03,5.2,1,0,1,0.0,38.55,28.8,Low
PROJ-703057,Patiala Water Supply Infrastructure Part-2 Project,Waste & Water,Ministry of Housing & Urban Affairs,Punjab,Patiala,Ministry of Housing & Urban Affairs,287.0,287.0,213.64,83,117,2016-11-18,2023-10-31,2026-08-31,99.0,74.44,Larsen & Toubro Ltd,2,Central,Complete,Obtained,Not Required,Partial,Single,2,2026-03-16,4.7,3,0,1,0.0,40.96,25.4,Low
PROJ-702742,SAAP-3 Water Supply Infrastructure SAAP-3 Project,Waste & Water,Ministry of Housing & Urban Affairs,West Bengal,Asansol,Ministry of Housing & Urban Affairs,159.0,159.0,87.5,81,113,2017-02-02,2023-10-31,2026-06-30,67.0,55.03,Larsen & Toubro Ltd,2,PPP,Not Started,Pending,Pending,Not Started,Limited,3,2026-04-26,6.0,1,0,1,0.0,39.51,31.8,Low
PROJ-702808,Satna Sewerage Management and Treatment Infrastructure Project,Waste & Water,Ministry of Housing & Urban Affairs,Tripura,Udaipur,Ministry of Housing & Urban Affairs,192.0,215.89,200.32,101,130,2015-11-13,2024-03-31,2026-08-31,96.0,92.79,NCC Limited,1,Central,Not Started,Obtained,Obtained,Not Started,Open,4,2026-01-23,6.4,1,1,1,12.44,28.71,29.2,Low
PROJ-702734,Sewerage Management Scheme Part-3 Implementation,Waste & Water,Ministry of Housing & Urban Affairs,Andhra Pradesh,Guntur,Ministry of Housing & Urban Affairs,278.0,278.0,228.49,79,115,2017-03-15,2023-09-30,2026-09-30,88.0,82.19,Megha Engineering (MEIL),1,State,Not Started,Pending,Obtained,Complete,Open,2,2026-04-24,6.9,2,0,1,0.0,45.57,30.6,Low
PROJ-702810,Singrauli Sewerage Management and Treatment Infrastructure Project,Waste & Water,Ministry of Housing & Urban Affairs,Jharkhand,Deoghar,Ministry of Housing & Urban Affairs,402.0,438.1,371.17,82,121,2016-05-26,2023-03-31,2026-06-30,90.0,84.72,Tata Projects Ltd,3,Externally Aided,Partial,Pending,Pending,Complete,Open,1,2026-01-15,4.3,3,0,1,8.98,47.56,37.6,Medium
PROJ-701391,Aruna Medium Irrigation Project,Water Resources,"Department of Water Resources, River Development & GR",Telangana,Warangal,Department of water resources-MH - II,210.0,1472.14,1734.71,129,207,2009-04-01,2019-12-31,2026-06-30,100.0,100.0,Afcons Infrastructure,2,Externally Aided,Not Started,Obtained,Obtained,Not Started,Limited,5,2026-01-24,3.7,3,1,1,601.02,60.47,71.9,High
PROJ-400116,Bargi Diversion Project Phase - III [km. 104 to km 154],Water Resources,"Department of Water Resources, River Development & GR",Arunachal Pradesh,Pasighat,Water Resources-MP,1229.0,1399.7,2270.96,153,237,2007-04-01,2019-12-31,2026-12-31,82.0,100.0,Shapoorji Pallonji Co,4,State,Partial,Obtained,Obtained,Complete,Open,4,2026-05-19,4.4,3,1,1,13.89,54.9,48.2,Medium
PROJ-400115,Bargi Diversion Project Phase - IV [km. 154 to km 197],Water Resources,"Department of Water Resources, River Development & GR",Jammu and Kashmir,Baramulla,Water Resources-MP,751.0,893.35,814.02,141,216,2008-04-01,2019-12-31,2026-03-31,75.0,91.12,Shapoorji Pallonji Co,2,State,Partial,Obtained,Obtained,Not Started,Open,4,2026-04-05,4.8,0,1,1,18.95,53.19,46.2,Medium
PROJ-617422,Bodwad Parisar Sinchan Yojna,Water Resources,"Department of Water Resources, River Development & GR",Goa,Mormugao,Department of Water Resources-MH,1924.0,1924.0,338.91,303,303,2002-05-10,2027-07-31,2027-07-31,50.0,17.61,Ashoka Buildcon Ltd,0,PPP,Complete,Obtained,Obtained,Complete,Open,0,2026-05-06,7.3,0,0,0,0.0,0.0,8.0,Low
PROJ-701370,Borolia Irrigation Project,Water Resources,"Department of Water Resources, River Development & GR",Kerala,Palakkad,"Department of Water Resources, River Development & GR",256.0,256.0,44.7,321,360,1996-04-01,2022-12-31,2026-03-31,55.0,17.46,Adani Infra Ltd,0,State,Complete,Obtained,Not Required,Complete,Single,1,2026-03-06,9.5,0,0,0,0.0,12.15,8.0,Low
PROJ-701386,Gosikhurd Project,Water Resources,"Department of Water Resources, River Development & GR",Himachal Pradesh,Shimla,Department of water resources-MH - II,7196.0,12770.1,14439.5,141,243,2008-04-01,2019-12-31,2028-06-30,73.0,100.0,Megha Engineering (MEIL),4,State,Complete,Obtained,Not Required,Partial,Open,4,2026-01-23,6.6,1,1,1,77.46,72.34,77.1,High
PROJ-400101,Gundlakamma project,Water Resources,"Department of Water Resources, River Development & GR",Uttar Pradesh,Ayodhya,Water Resources-AP,397.0,697.39,624.78,177,264,2005-04-01,2019-12-31,2027-03-31,98.0,89.59,IRB Infrastructure Developers,1,Central,Complete,Pending,Not Required,Complete,Open,2,2026-01-17,3.9,2,1,1,75.66,49.15,58.4,Medium
PROJ-400103,Indiramma Flood Flow Canal Project,Water Resources,"Department of Water Resources, River Development & GR",Assam,Dibrugarh,Irrigation and CAD-TG,1331.0,5940.09,4491.08,285,369,1996-04-03,2019-12-31,2026-12-31,92.0,75.61,Adani Infra Ltd,3,Central,Complete,Obtained,Pending,Complete,Limited,4,2026-04-01,4.0,3,1,1,346.29,29.47,54.6,Medium
PROJ-603945,Integrated Anandpur Barrage Project,Water Resources,"Department of Water Resources, River Development & GR",Gujarat,Vadodara,Water Resources-OR,567.0,2990.05,2810.1,273,351,1997-04-01,2019-12-31,2026-06-30,63.0,93.98,Tata Projects Ltd,4,Externally Aided,Partial,Pending,Pending,Partial,Limited,5,2026-07-25,5.8,0,1,1,427.35,28.57,65.8,High
PROJ-701405,J. Chokka Rao Devadula Lift Irrigation Scheme,Water Resources,"Department of Water Resources, River Development & GR",Odisha,Bhubaneswar,Irrigation and CAD-TG,8201.0,14730.0,4841.09,165,237,2006-04-01,2019-12-31,2025-12-31,88.0,32.87,IRB Infrastructure Developers,3,Central,Partial,Obtained,Obtained,Complete,Single,5,2026-06-16,5.6,0,1,1,79.61,43.64,59.0,Medium
PROJ-613787,Jamrani Dam Multipurpose Project,Water Resources,"Department of Water Resources, River Development & GR",Himachal Pradesh,Kullu,Irrigation-UK,2584.0,2584.0,1307.15,68,68,2023-10-31,2029-06-28,2029-06-28,26.0,50.59,IRCON International,0,Externally Aided,Complete,Obtained,Obtained,Complete,Single,1,2026-07-15,9.6,0,0,0,0.0,0.0,8.2,Low
PROJ-701404,Kanupur Irrigation Project,Water Resources,"Department of Water Resources, River Development & GR",Assam,Guwahati,Irrigation and CAD-TG,989.0,2301.28,2804.16,201,279,2003-04-01,2019-12-31,2026-06-30,80.0,100.0,Larsen & Toubro Ltd,1,Central,Partial,Obtained,Pending,Partial,Limited,1,2026-07-28,4.1,1,1,1,132.69,38.81,59.8,Medium
PROJ-400111,Kelo Irrigation Project,Water Resources,"Department of Water Resources, River Development & GR",Haryana,Gurugram,Water Resources-CT,460.0,727.04,620.15,141,219,2008-04-01,2019-12-31,2026-06-30,73.0,85.3,Shapoorji Pallonji Co,2,State,Partial,Obtained,Not Required,Not Started,Open,5,2026-04-17,4.0,2,1,1,58.05,55.32,66.4,High
PROJ-701530,Ken-Betwa Linking Development Project,Water Resources,"Department of Water Resources, River Development & GR",Nagaland,Dimapur,"Department of Water Resources, River Development,",21030.0,21030.0,8530.86,81,81,2022-07-14,2029-03-31,2029-03-31,0.0,40.57,Patel Engineering,0,Externally Aided,Complete,Obtained,Obtained,Complete,Single,1,2026-06-29,7.4,0,0,0,0.0,0.0,13.0,Low
PROJ-701399,Kudali Irrigation Project,Water Resources,"Department of Water Resources, River Development & GR",Odisha,Cuttack,"Department of Water Resources, River Development & GR",382.0,382.0,249.06,201,204,2009-04-01,2025-12-31,2026-03-31,86.0,65.2,KNR Constructions Ltd,1,Central,Complete,Obtained,Obtained,Complete,Open,0,2026-06-02,9.7,0,0,0,0.0,1.49,8.0,Low
PROJ-701396,Lower Pedhi Project,Water Resources,"Department of Water Resources, River Development & GR",Kerala,Calicut,Department of water resources-MH - II,256.0,1480.7,3066.05,141,219,2008-04-01,2019-12-31,2026-06-30,65.0,100.0,Shapoorji Pallonji Co,4,Externally Aided,Not Started,Obtained,Pending,Partial,Single,1,2026-07-28,4.8,0,1,1,478.4,55.32,76.2,High
PROJ-701408,Madhya Ganga canal Phase-II,Water Resources,"Department of Water Resources, River Development & GR",Himachal Pradesh,Dharamshala,Irrigation & Water Resources-UP,1061.0,4417.21,4575.74,141,213,2008-04-01,2019-12-31,2025-12-31,82.0,100.0,Hindustan Construction Company (HCC),2,PPP,Not Started,Obtained,Obtained,Partial,Limited,4,2026-03-01,6.6,2,1,1,316.33,51.06,69.7,High
PROJ-701398,Nardave Medium Irrigation Project,Water Resources,"Department of Water Resources, River Development & GR",Gujarat,Bhavnagar,Department of water resources-MH - II,211.0,781.85,879.8,129,207,2009-04-01,2019-12-31,2026-06-30,75.0,100.0,Larsen & Toubro Ltd,3,State,Partial,Pending,Pending,Not Started,Single,1,2026-03-11,4.9,1,1,1,270.55,60.47,76.4,High
PROJ-701412,North Koel Reservoir Project,Water Resources,"Department of Water Resources, River Development & GR",Rajasthan,Udaipur,"Department of Water Resources, River Development & GR",1622.0,2430.76,345.94,44,119,2017-08-01,2021-03-31,2027-06-30,47.0,14.23,Patel Engineering,1,Externally Aided,Partial,Obtained,Not Required,Not Started,Open,1,2026-05-13,5.1,0,1,1,49.86,170.45,57.7,Medium
PROJ-701415,Polavaram Irrigation Project,Water Resources,"Department of Water Resources, River Development & GR",Jharkhand,Bokaro,Water Resources-AP,10151.0,55548.9,27961.5,159,206,2009-01-20,2022-04-30,2026-03-31,86.0,50.34,Hindustan Construction Company (HCC),2,Central,Partial,Obtained,Not Required,Not Started,Open,4,2026-01-11,6.8,1,1,1,447.23,29.56,53.2,Medium
PROJ-701410,Relining of Rajasthan feeder and Sirhind Feeder canal,Water Resources,"Department of Water Resources, River Development & GR",Rajasthan,Jaipur,Department of Water Resources-PB,1441.0,2462.16,2364.12,65,125,2016-02-03,2021-06-30,2026-06-30,95.0,96.02,Shapoorji Pallonji Co,4,Central,Not Started,Pending,Not Required,Complete,Limited,5,2026-05-05,6.4,0,1,1,70.86,92.31,74.4,High
PROJ-400100,Sardar Gouthu Latchanna Thotapalli Barrage Project,Water Resources,"Department of Water Resources, River Development & GR",Andhra Pradesh,Tirupati,Water Resources-AP,353.0,1023.24,879.15,177,255,2005-04-01,2019-12-31,2026-06-30,96.0,85.92,Hindustan Construction Company (HCC),4,PPP,Complete,Pending,Pending,Not Started,Single,5,2026-07-21,7.2,0,1,1,189.87,44.07,63.1,Medium
PROJ-701372,Sardar Sarovar Project,Water Resources,"Department of Water Resources, River Development & GR",Telangana,Warangal,"Narmada and Water Resources, Water Supply and Kalpsar Department-GJ",20718.0,33412.5,31969.4,285,360,1996-04-01,2019-12-31,2026-03-31,94.0,95.68,Adani Infra Ltd,4,PPP,Complete,Obtained,Not Required,Partial,Open,5,2026-07-05,4.3,1,1,1,61.27,26.32,49.7,Medium
PROJ-701411,Shahpur Kandi Dam Project,Water Resources,"Department of Water Resources, River Development & GR",Madhya Pradesh,Indore,Department of Water Resources-PB,2286.0,2715.7,2201.94,149,197,2010-02-08,2022-06-30,2026-06-30,88.0,81.08,GMR Infrastructure,2,PPP,Partial,Obtained,Obtained,Not Started,Limited,1,2026-02-11,5.3,3,1,1,18.8,32.21,32.5,Low
PROJ-400102,Sri Ram Sagar Project Stage - II,Water Resources,"Department of Water Resources, River Development & GR",Madhya Pradesh,Sagar,Irrigation and CAD-TG,736.0,949.87,971.47,285,357,1996-04-03,2019-12-31,2025-12-31,97.0,100.0,KNR Constructions Ltd,1,Central,Not Started,Pending,Not Required,Partial,Single,2,2026-03-28,4.2,1,1,1,29.06,25.26,34.4,Low
PROJ-701376,"Subernarekha Multipurpose Project, Jharkhand",Water Resources,"Department of Water Resources, River Development & GR",Jharkhand,Ranchi,Department of Water Resources-JH,3808.0,9579.58,6040.27,105,180,2011-04-01,2019-12-31,2026-03-31,70.0,63.05,Afcons Infrastructure,2,State,Partial,Pending,Not Required,Complete,Open,2,2026-06-03,5.4,2,1,1,151.56,71.43,69.3,High
PROJ-701402,"Subernarekha Project, Odisha",Water Resources,"Department of Water Resources, River Development & GR",Odisha,Bhubaneswar,"Department of Water Resources, River Development & GR",3056.0,7023.19,8327.62,288,363,1995-12-28,2019-12-31,2026-03-31,96.0,100.0,Hindustan Construction Company (HCC),3,PPP,Partial,Obtained,Pending,Not Started,Limited,3,2026-01-16,5.0,1,1,1,129.82,26.04,54.7,Medium
PROJ-701400,Thoubal Multipurpose Project,Water Resources,"Department of Water Resources, River Development & GR",Manipur,Thoubal,Water Resources Department-MN,1449.0,1822.24,1848.17,273,357,1997-04-01,2019-12-31,2026-12-31,99.0,100.0,PNC Infratech Ltd,3,PPP,Not Started,Obtained,Pending,Not Started,Open,2,2026-07-26,4.4,0,1,1,25.76,30.77,37.7,Medium
PROJ-701377,Upper Tunga Irrigation Project,Water Resources,"Department of Water Resources, River Development & GR",Bihar,Bhagalpur,Water Resources-KA,770.0,1606.07,1515.6,69,144,2014-04-01,2019-12-31,2026-03-31,99.0,94.37,Shapoorji Pallonji Co,4,Central,Not Started,Pending,Obtained,Not Started,Open,5,2026-04-04,3.5,3,1,1,108.58,108.7,76.8,High
PROJ-701383,Waghur Project,Water Resources,"Department of Water Resources, River Development & GR",Sikkim,Namchi,Department of water resources-MH - II,1059.0,1758.51,1642.5,285,360,1996-04-01,2019-12-31,2026-03-31,90.0,93.4,Afcons Infrastructure,4,Central,Partial,Obtained,Pending,Complete,Limited,2,2026-02-05,5.3,1,1,1,66.05,26.32,53.3,Medium
